"Flag","Ticker","Name","Div Cover TTM","Div Streak","Yield TTM (%)","FCF / Sales TTM (%)","Piotroski F-Score TTM","ROE TTM (%)","Quality Rank","Mkt Cap EUR (m EUR)","Risk Rating","Size Group"
"no","WWI","Wilh Wilhelmsen Holding ASA","7.6157933601","10","3.8315463534","14.7030185005","7","18.7148594378","87","1472.7868247984","Balanced","Mid Cap"
"no","EPR","Europris ASA","1.7353846154","8","4.507628294","17.1894114253","7","27.8538102787","93","1018.3186733583","Balanced","Mid Cap"
"no","KCC","Klaveness Combination Carriers ASA","1.2202586759","6","13.1695973824","41.2879658455","8","26.3632681727","87","529.9464506913","Adventurous","Mid Cap"
"no","NORBT","Norbit ASA","1.2175137255","5","3.7721893491","15.7482388571","9","26.6101816615","95","355.5532001288","Adventurous","Small Cap"
"no","SBO","Selvaag Bolig ASA","1.31","10","6.0606060606","36.6538224836","7","10.5508609264","86","271.2354211994","Adventurous","Small Cap"
