"Flag","Ticker","Name","Yield TTM (%)","FCF / Sales TTM (%)","ROE TTM (%)","Value Rank","Quality Rank","Risk Rating","Size Group"
"se","LINKAB","Link Prop Investment AB (publ)","5.4421768707","45.6579162506","12.8713494195","61","80","Balanced","Micro Cap"
"fi","IFA1V","Innofactor Oyj","0","10.0150621003","12.3291642508","61","94","Adventurous","Micro Cap"
"fi","AALLON","Aallon Oyj","2.7777777778","12.4870875615","12.6866204729","58","90","Conservative","Micro Cap"
"no","CONTX","ContextVision AB","0","35.3383794405","40.4463644691","46","95","Speculative","Micro Cap"
"se","ARCOMA","Arcoma AB","0","10.9551983524","19.4918680225","39","90","Speculative","Micro Cap"
"se","UPSALE","Upsales Technology AB","4.8387096774","12.3694379979","71.0435491506","32","93","Speculative","Micro Cap"
"se","GENI","Generic Sweden AB (publ)","3.2608695652","20.7951396291","47.6886200205","26","91","Speculative","Micro Cap"
