"Flag","Ticker","Name","Yield TTM (%)","FCF / Sales TTM (%)","ROE TTM (%)","Value Rank","Quality Rank","Risk Rating","Size Group"
"dk","PARKEN","Parken Sport & Entertainment A/S","8.6956521739","19.0041962646","33.1336922354","96","83","Balanced","Small Cap"
"no","RANA","Rana Gruber ASA","16.1285500747","29.8398813566","62.43431671","88","86","Adventurous","Small Cap"
"no","2020","2020 Bulkers","7.6487807647","43.6022819886","50.4276211593","85","86","Adventurous","Small Cap"
"no","SBO","Selvaag Bolig ASA","2.8571428571","43.9769590473","11.4126548642","71","92","Balanced","Small Cap"
"se","EMBELL","Embellence AB (publ)","0","11.5789852391","13.0410435174","70","94","Adventurous","Small Cap"
"fi","DIGIA","Digia Oyj","3.024911032","11.326757238","14.9859644525","67","92","Balanced","Small Cap"
"se","ARPL","Arla Plast AB","2.5510204082","16.3607483233","13.0824531819","67","81","Adventurous","Small Cap"
"se","RUG","Rugvista AB (publ)","4.118993135","14.9330789425","11.516119183","65","95","Speculative","Small Cap"
"se","BERNER B","Berner Industrier AB","3.562005277","12.1496685266","20.0180024516","63","97","Speculative","Small Cap"
"no","CAMBI","Cambi ASA","7.1942446043","22.226450999","34.4220572641","60","80","Speculative","Small Cap"
"fi","IFA1V","Innofactor Oyj","0","10.0150621003","12.3291642508","58","94","Adventurous","Small Cap"
"fi","TITAN","Titanium Oyj","10.8411214953","40.1365267221","53.5507363835","58","89","Balanced","Small Cap"
"se","NIL B","Nilorngruppen AB","1.5432098765","10.3705333482","17.5430858239","58","99","Adventurous","Small Cap"
"se","TRAC B","Traction AB","3.8703703704","11728.571428571","10.783081024","57","90","Balanced","Small Cap"
"se","FMM B","FM Mattsson AB (publ)","2.4131274131","14.6612332774","11.1261013738","52","95","Adventurous","Small Cap"
"se","SLEEP","Sleep Cycle AB (publ)","5.2873563218","25.5063607134","139.922490438","44","99","Speculative","Small Cap"
"fi","ICP1V","Incap Oyj","0","11.0177483076","14.3119665682","44","90","Speculative","Small Cap"
"se","ZZ B","Zinzino AB","3.5842293907","11.8589978004","78.9362309555","44","96","Speculative","Small Cap"
"se","PACT","Proact IT AB","1.3642564802","11.6955408685","20.2914935707","43","91","Adventurous","Small Cap"
"se","BRE2","Bredband2 i Skandinavien AB","1.9851116625","13.5625796275","19.1616451487","42","90","Balanced","Small Cap"
"se","EPEN","Ependion AB","0.904159132","10.3138599824","14.907801359","36","92","Speculative","Small Cap"
"fi","GOFORE","Gofore Oyj","2.1759259259","10.663314782","19.4714447437","34","94","Balanced","Small Cap"
"se","SINT","SinterCast AB","2.8110599078","35.7043235704","54.0792540793","30","99","Adventurous","Small Cap"
"se","VERT B","Vertiseit AB (publ)","0","21.4661244745","10.4506483373","26","85","Speculative","Small Cap"
"se","ABSO","Absolent Air Care AB","0.9493670886","12.8806151037","17.3787279079","21","97","Adventurous","Small Cap"
"fi","LEMON","Lemonsoft Oyj","2.2047244094","12.8148726318","17.2081591647","20","82","Speculative","Small Cap"
