"Flag","Ticker","Name","Yield TTM (%)","FCF / Sales TTM (%)","ROE TTM (%)","Value Rank","Quality Rank","Risk Rating","Size Group"
"no","PNOR","Petronor E&P ASA","0","16.5841914493","38.8472820083","97","93","Speculative","Small Cap"
"no","RANA","Rana Gruber ASA","15.45","27.6581890945","56.7964545632","85","81","Adventurous","Small Cap"
"se","PROF B","ProfilGruppen AB","3.8167938931","14.3782542741","16.0197600565","85","80","Speculative","Small Cap"
"no","NORAM","Noram Drilling AS","0","35.1145038168","23.7711715334","81","91","Highly Speculative","Small Cap"
"no","SBO","Selvaag Bolig ASA","5.7971014493","36.6537917583","10.5508609264","78","87","Adventurous","Small Cap"
"fi","ALEX","Alexandria Oyj","10.3311258278","21.5364160808","24.9887570753","78","85","Adventurous","Small Cap"
"fi","TITAN","Titanium Oyj","11.0476190476","45.2781063259","39.7230590566","66","90","Balanced","Small Cap"
"se","ARPL","Arla Plast AB","2.7533039648","15.6733326766","12.5234346409","66","91","Adventurous","Small Cap"
"fi","ICP1V","Incap Oyj","0","17.0471724935","20.4134180631","66","84","Speculative","Small Cap"
"no","ABG","ABG Sundal Collier Holding ASA","8.431703204","15.3831805015","21.9304173047","64","94","Balanced","Small Cap"
"se","CX","CombinedX AB (publ)","4.0241448692","10.134517435","20.4263900893","63","99","Speculative","Small Cap"
"se","PREV B","Prevas AB","3.893442623","10.7932544605","20.5185581892","63","85","Adventurous","Small Cap"
"se","FMM B","FM Mattsson AB (publ)","4.6468401487","11.1422273829","14.5708508811","61","91","Speculative","Small Cap"
"no","CAMBI","Cambi ASA","6.8965517241","19.6907638747","49.8983602114","58","88","Speculative","Small Cap"
"se","PACT","Proact IT AB","1.9305019305","10.0411877503","17.9081673138","57","92","Adventurous","Small Cap"
"se","ZZ B","Zinzino AB","4.2134831461","13.9929735397","78.2958395398","52","99","Speculative","Small Cap"
"se","SLEEP","Sleep Cycle AB (publ)","6.7251461988","19.4413625469","42.4278647222","51","99","Speculative","Small Cap"
"se","BORG","Bjorn Borg AB","0","12.3505395322","22.2708537322","49","98","Adventurous","Small Cap"
"no","NKR","Nekkar Asa","0","18.3756825511","12.5216303433","46","95","Adventurous","Small Cap"
"se","RUG","Rugvista AB (publ)","2.6706231454","16.4351334301","13.370753555","41","99","Speculative","Small Cap"
"no","VISTN","Vistin Pharma ASA","4.2553191489","16.0231607381","15.3146714714","40","88","Adventurous","Small Cap"
"se","SINT","SinterCast AB","6.0396039604","29.6875","37.3392461197","38","99","Adventurous","Small Cap"
"se","PRFO","Profoto Holding AB (publ)","5.3116147309","15.1207115629","39.3900889454","35","92","Speculative","Small Cap"
"no","NORBT","Norbit ASA","3.75","15.754822569","26.6101816615","34","94","Adventurous","Small Cap"
"fi","GOFORE","Gofore Oyj","2.0128479657","11.757901631","18.8106307837","30","99","Adventurous","Small Cap"
"se","MSAB B","Micro Systemation AB (publ)","3.0612244898","17.8357544928","25.8618236996","30","99","Speculative","Small Cap"
"se","ABSO","Absolent Air Care AB","0.9118541033","13.6661639914","18.6925867123","20","94","Adventurous","Small Cap"
