"Flag","Ticker","Name","Yield TTM (%)","FCF / Sales TTM (%)","ROE TTM (%)","Value Rank","Quality Rank","Risk Rating","Size Group"
"se","BERNER B","Berner Industrier AB","3.901734104","12.1583802756","20.329640807","70","90","Highly Speculative","Micro Cap"
"se","LINKAB","Link Prop Investment AB (publ)","5.7971014493","45.6579162506","12.8713494195","66","80","Balanced","Micro Cap"
"fi","AALLON","Aallon Oyj","2.729528536","12.4870875615","12.6866204729","59","90","Conservative","Micro Cap"
"se","ARCOMA","Arcoma AB","0","10.9551983524","19.4918680225","49","90","Speculative","Micro Cap"
"no","CONTX","ContextVision AB","0","35.3383794405","40.4463644691","48","96","Speculative","Micro Cap"
