"Flag","Ticker","Name","Yield TTM (%)","FCF / Sales TTM (%)","ROE TTM (%)","Value Rank","Quality Rank","Risk Rating","Size Group"
"no","PNOR","Petronor E&P ASA","0","30.1175343611","46.2464033482","98","91","Speculative","Small Cap"
"no","BWLPG","BW LPG","20.9956154295","18.6851398364","33.2065184151","96","93","Speculative","Mid Cap"
"fr","ELEC","Electricite de Strasbourg SA","7.8899082569","17.1240878871","30.3048502872","95","95","Conservative","Mid Cap"
"se","G5EN","G5 Entertainment AB (publ)","8.5106382979","11.9483893653","20.0925093741","95","98","Speculative","Small Cap"
"no","MPCC","Mpc Container Ships ASA","25.9438176874","32.1757823378","37.333702552","94","88","Speculative","Mid Cap"
"nl","VTA","Volta Finance","10.3883495146","85.1831527608","19.2261500357","94","89","Conservative","Small Cap"
"gb","SHOE","Shoe Zone","7.7815699659","16.1028181431","43.2489642868","94","89","Speculative","Small Cap"
"it","TEN","Tenaris SA","7.0449747667","24.4016411167","16.93943922","93","84","Adventurous","Large Cap"
"no","HAUTO","Hoegh Autoliners ASA","31.6774898404","37.1927076999","51.4872387462","92","85","Speculative","Mid Cap"
"gb","BGLF","Blackstone Loan Financing","12.8218978102","83.4328357965","19.0649893107","91","91","Conservative","Small Cap"
"de","FEV","Fortec Elektronik AG","4.4270833333","11.7643168893","13.6000732467","90","93","Adventurous","Small Cap"
"no","AKRBP","Aker BP ASA","9.424500195","13.160013902","14.7565090016","90","88","Adventurous","Large Cap"
"gb","LIV","Livermore Investments","0","118.6676638095","10.5386967772","89","89","Balanced","Small Cap"
"es","A3M","Atresmedia Corporacion de Medios de Comunicacion SA","5.3097345133","21.0753216452","24.5285648154","89","96","Balanced","Mid Cap"
"fr","ALGIL","Groupe Guillin SA","3.6666666667","11.8113582926","13.5541262099","89","94","Balanced","Mid Cap"
"no","RANA","Rana Gruber ASA","18.2570162482","27.6581890945","56.7964545632","89","80","Adventurous","Small Cap"
"no","SNI","Stolt-Nielsen","3.819610231","12.8505771102","20.5054082252","89","81","Adventurous","Mid Cap"
"gb","JET2","Jet2","0","10.9587070165","32.9740222195","89","82","Adventurous","Large Cap"
"gb","NXQ","Nexteq","3.3129242688","15.3206411949","14.1006728778","88","93","Speculative","Small Cap"
"fr","VIL","Viel et Compagnie SA","4.016064257","11.310082814","21.4450482386","88","83","Conservative","Mid Cap"
"fr","MMT","Metropole Television SA","10.1957585644","11.5726343847","17.7980510056","88","92","Balanced","Mid Cap"
"no","KCC","Klaveness Combination Carriers ASA","12.6831142555","39.053569768","25.1377482067","87","81","Adventurous","Mid Cap"
"it","DIS","d'Amico International Shipping SA","3.5560321716","40.1961001265","34.073660202","87","89","Adventurous","Mid Cap"
"no","2020","2020 Bulkers","7.9641904753","43.6022819886","50.4276211593","87","86","Adventurous","Small Cap"
"es","AZK","Azkoyen SA","5.6984126984","12.1441389261","15.151433812","86","98","Balanced","Small Cap"
"gb","MER","Mears","3.7071240106","10.5047611803","20.769758463","85","82","Balanced","Mid Cap"
"gb","SMIF","Twentyfour Select Monthly Income Fund","8.9964580874","42.6738695275","20.2136818984","83","88","Conservative","Small Cap"
"fr","BB","Societe BIC SA","7.0812603648","12.7182808974","11.924225625","82","96","Balanced","Mid Cap"
"pt","NOS","Nos SGPS SA","7.1897289586","22.6432421178","26.9134108393","82","83","Conservative","Mid Cap"
"it","GE","Gefran SpA","4.8275862069","12.1581952246","12.2654097796","81","93","Balanced","Small Cap"
"it","FILA","FILA Fabbrica Italiana Lapis ed Affini SpA","1.3157894737","14.8879258388","35.8904681427","81","82","Balanced","Mid Cap"
"gb","OCN","Ocean Wilsons Holdings","4.4075386541","21.7531279725","10.7097144811","81","96","Balanced","Mid Cap"
"gb","CARD","Card Factory","3.4562211982","15.1497357604","16.9520547945","79","98","Speculative","Mid Cap"
"gb","ULTP","Ultimate Products","5.077186964","12.4472029861","26.6686710764","78","98","Speculative","Small Cap"
"ch","GAV","Carlo Gavazzi Holding AG","3.2520325203","10.7424914636","13.7845563691","78","86","Balanced","Small Cap"
"de","NLM","Frosta AG","3.305785124","11.0598371168","15.3174952999","76","97","Balanced","Small Cap"
"es","NTH","Naturhouse Health SA","12.6582278481","40.4308925348","38.6501702688","76","94","Balanced","Small Cap"
"gb","DOCS","Dr Martens","3.4459459459","15.9046858967","17.9181771103","76","92","Speculative","Mid Cap"
"de","ALXA","Alexanderwerk AG","6.0240963855","14.2854452869","35.680887727","75","94","Speculative","Small Cap"
"gb","SOM","Somero Enterprises","7.2825322548","18.8120862642","34.8937709293","75","83","Adventurous","Small Cap"
"gb","N91","Ninety One","7.3918269231","24.2619661794","45.7055214724","74","92","Balanced","Mid Cap"
"fi","ALEX","Alexandria Oyj","9.2857142857","21.5364160808","24.9887570753","74","84","Adventurous","Small Cap"
"fi","CGCBV","Cargotec","4.5291763219","14.4218264066","17.865497076","74","96","Adventurous","Large Cap"
"se","BETS B","Betsson AB","0","17.3999207293","23.0910281598","73","91","Adventurous","Mid Cap"
"gb","RIO","Rio Tinto","6.938236809","13.1755759008","20.1145231011","73","85","Balanced","Large Cap"
"be","MOUR","Moury Construct SA","1.5247524752","21.8031511078","25.9118306775","73","97","Adventurous","Small Cap"
"ch","NEAG","Naturenergie Holding AG","2.3945342524","10.6546372375","11.2629480134","72","86","Speculative","Mid Cap"
"be","FLUX","Fluxys Belgium NV","6.3225806452","28.929398031","12.326128246","72","86","Conservative","Mid Cap"
"no","SBO","Selvaag Bolig ASA","2.8449502134","43.9769590473","11.4126548642","71","92","Adventurous","Small Cap"
"no","WWI","Wilh Wilhelmsen Holding ASA","2.5624003749","12.6168224299","20.9742607956","71","86","Balanced","Mid Cap"
"gb","BPM","B.P. Marsh & Partners","0.9657657658","60.5158187009","20.3143957125","71","93","Conservative","Small Cap"
"gb","CCJI","CC Japan Income and Growth Trust","2.7900912647","25.6114551084","24.4240760907","70","85","Conservative","Small Cap"
"dk","UIE","Uie","6.2802923062","26.5102897886","16.062462382","70","92","Conservative","Mid Cap"
"pt","MAR","Martifer SGPS SA","0","21.3227379291","43.5250555702","70","82","Speculative","Small Cap"
"ch","BBN","Bellevue AG","6.8047337278","46.8234399182","12.5727580227","69","93","Adventurous","Small Cap"
"es","MCM","Miquel y Costas & Miquel SA","3.5754509804","17.1528422114","12.4699301679","69","92","Conservative","Mid Cap"
"be","PAY","Payton Planar Magnetics","4.7422540469","27.9150677923","23.8155510169","69","98","Adventurous","Small Cap"
"it","BZU","Buzzi SpA","1.6930022573","11.3668246383","17.152706827","69","90","Balanced","Large Cap"
"gb","ASHM","Ashmore","9.5859330686","52.8311965812","11.1903952883","68","90","Adventurous","Mid Cap"
"de","FNTN","freenet AG","0","13.1921887841","17.9845846417","67","93","Balanced","Large Cap"
"se","ARPL","Arla Plast AB","2.5","16.3607483233","13.0824531819","66","81","Adventurous","Small Cap"
"de","AAD","Amadeus Fire AG","5.2465897167","15.0965159502","25.018335259","66","94","Balanced","Mid Cap"
"gb","CLIG","City of London Investment","8.6774334605","29.8218170959","11.3928346662","66","98","Balanced","Small Cap"
"gb","KETL","Strix","0","20.4584122944","41.0602739379","66","93","Speculative","Small Cap"
"fr","IPS","Ipsos SA","2.9438001784","11.5117441279","13.1347465432","66","93","Balanced","Mid Cap"
"fr","DKUPL","Adl Partner SA","2.9378531073","10.6034197794","42.9953694105","65","94","Adventurous","Small Cap"
"fi","TITAN","Titanium Oyj","10.5454545455","45.2781063259","39.7230590566","65","89","Balanced","Small Cap"
"de","MZX","Masterflex SE","2.4154589372","10.0749775067","14.796707236","65","90","Adventurous","Small Cap"
"be","VAN","Van de Velde NV","5.1533742331","19.4677533094","20.1345978828","65","93","Balanced","Mid Cap"
"es","YHSP","Hispanotels Inversiones SOCIMI SA","4.352605042","81.0873931579","12.481935387","65","96","Balanced","Small Cap"
"se","AMBEA","Ambea AB (publ)","1.7251293847","13.6030212797","11.7053264605","65","82","Adventurous","Mid Cap"
"se","EMBELL","Embellence AB (publ)","0","11.5789852391","13.0410435174","64","94","Adventurous","Small Cap"
"gb","IGG","IG group","4.7287615148","38.0222422603","15.7629159089","64","95","Conservative","Large Cap"
"de","MBH3","Maschinenfabrik Berthold Hermle AG","7.525","11.1894259887","24.9484421476","64","97","Balanced","Mid Cap"
"fi","DIGIA","Digia Oyj","2.8428093645","11.326757238","14.9859644525","64","92","Balanced","Small Cap"
"de","ACT","AlzChem AG","2.3529411765","13.1424653648","28.3528022371","64","97","Adventurous","Mid Cap"
"de","WSU","Washtec AG","6.3768115942","12.9843573413","42.5821796133","64","93","Speculative","Mid Cap"
"se","FMM B","FM Mattsson AB (publ)","4.9212598425","11.2599121448","11.367816092","63","95","Adventurous","Small Cap"
"fr","ABCA","ABC Arbitrage SA","7.1258907363","50.1883759482","10.3960083769","63","94","Conservative","Small Cap"
"be","SMAR","Smartphoto NV","2.8823529412","11.0076797766","14.1501822898","63","99","Balanced","Small Cap"
"no","NORAM","Noram Drilling AS","2.9257760811","30.3655836233","13.8498730811","62","91","Highly Speculative","Small Cap"
"gb","REC","Record","7.1875","26.9668121116","32.3305380853","62","98","Adventurous","Small Cap"
"ch","CFT","Compagnie financiere Tradition SA","4.0955631399","11.6049206777","22.9763748678","61","85","Conservative","Mid Cap"
"se","BERNER B","Berner Industrier AB","3.4793814433","12.1496685266","20.0180024516","61","97","Highly Speculative","Small Cap"
"it","ZV","Zignago Vetro SpA","6.9316081331","15.8749330449","21.4610820093","61","92","Balanced","Mid Cap"
"it","BEC","B&C Speakers SpA","4.6666666667","18.7278134925","28.25950476","61","87","Balanced","Small Cap"
"gb","IPX","Impax Asset Management","7.0050761421","28.5160033304","34.2364034349","61","91","Speculative","Mid Cap"
"de","PSG","PharmaSGP Holding SE","6.7326732673","24.4386865872","46.4146591492","60","99","Adventurous","Small Cap"
"gb","PAY","PayPoint","5.4571428571","12.332268162","30.6491922671","59","98","Balanced","Mid Cap"
"fi","IFA1V","Innofactor Oyj","0","10.0150621003","12.3291642508","59","94","Adventurous","Small Cap"
"gb","FDM","FDM (Holdings)","6.7599067599","15.302065422","41.5073491798","59","83","Adventurous","Mid Cap"
"se","TRAC B","Traction AB","3.8703703704","11728.571428571","10.783081024","57","90","Balanced","Small Cap"
"gb","PLUS","Plus500","2.4615889615","51.9777748379","39.3077696395","57","97","Balanced","Mid Cap"
"ch","VBSN","IVF Hartmann Holding AG","6.0294117647","19.213713897","12.3991605943","57","96","Balanced","Small Cap"
"es","CBAV","Clinica Baviera SA","5.3220338983","16.2378931234","48.9563961548","56","93","Balanced","Mid Cap"
"nl","VPK","Koninklijke Vopak NV","3.0531609195","39.8569023569","14.9822461862","56","80","Balanced","Large Cap"
"se","NIL B","Nilorngruppen AB","1.4705882353","10.3705333482","17.5430858239","55","99","Adventurous","Small Cap"
"fr","THEP","Thermador Groupe SA","2.656449553","13.3514491726","14.0215364495","55","95","Balanced","Mid Cap"
"fr","ALDLT","Delta Plus SA","1.7217630854","15.4290062178","16.3538619926","55","92","Adventurous","Mid Cap"
"it","DLG","De' Longhi SpA","2.3624823695","15.5242296455","16.0501703621","55","89","Adventurous","Large Cap"
"no","CAMBI","Cambi ASA","6.4516129032","22.226450999","34.4220572641","54","80","Speculative","Small Cap"
"se","RUG","Rugvista AB (publ)","3.488372093","14.9330789425","11.516119183","54","95","Speculative","Small Cap"
"de","OSP2","USU Software AG","9.7142857143","10.6776655042","10.1579410173","54","90","Balanced","Small Cap"
"it","ENAV","Enav SpA","5.8944131215","13.4447613521","10.5030761525","54","89","Balanced","Mid Cap"
"dk","HLUN A","H Lundbeck A/S","1.7326732673","19.970006289","11.5461892218","53","99","Balanced","Large Cap"
"fi","KEMIRA","Kemira Oyj","1.5697137581","10.3787129503","10.8160309029","53","82","Balanced","Large Cap"
"gb","CBOX","Cake Box Holdings","5.1428571429","13.0271243516","25.1548796505","53","93","Speculative","Small Cap"
"ch","SCMN","Swisscom AG","8.2940622055","14.7977609245","15.1022222222","53","80","Conservative","Large Cap"
"no","KID","Kid ASA","4.3222683264","21.370129116","26.7999266165","53","98","Adventurous","Mid Cap"
"se","HPOL B","Hexpol AB","5.2770448549","11.3154776013","16.9013126573","52","83","Balanced","Large Cap"
"it","OMER","Omer Spa","1.5075376884","17.1006560724","16.1747370841","52","94","Adventurous","Small Cap"
"gb","MSI","MS International","1.8139534884","28.8037526466","25.0348310693","51","96","Speculative","Small Cap"
"gb","CKN","Clarkson","2.6908150065","16.4226607257","18.9391324359","51","93","Balanced","Mid Cap"
"gb","MONY","MONY","5.5656934307","23.2684472612","36.0795454545","51","99","Adventurous","Mid Cap"
"be","EVS","Evs Broadcast Equipment SA","1.4141414141","18.6955741334","19.2735675103","50","87","Balanced","Small Cap"
"de","SSH","Suedwestdeutsche Salzwerke AG","2.6612903226","20.379582926","16.0915875252","50","95","Speculative","Mid Cap"
"gb","GSK","GSK","3.744149766","16.5172040959","29.8045301703","49","86","Conservative","Large Cap"
"se","CLAS B","Clas Ohlson AB","2.5162818236","13.3875428806","30.9489761767","49","91","Adventurous","Mid Cap"
"gb","WISE","Wise","0","229.12270764","45.5549845838","49","83","Speculative","Large Cap"
"se","SLEEP","Sleep Cycle AB (publ)","5.6511056511","25.5063607134","139.922490438","48","99","Speculative","Small Cap"
"se","ZZ B","Zinzino AB","4.0106951872","10.0017640812","69.121804964","48","98","Speculative","Small Cap"
"fr","LIN","Linedata Services SA","2.4578651685","17.3375525124","24.0581214323","47","98","Adventurous","Small Cap"
"gb","ASY","Andrews Sykes","4.3529411765","26.5229151587","33.7678389762","47","94","Balanced","Small Cap"
"gb","HIK","Hikma Pharmaceuticals","2.9800857244","12.562147829","12.7374301676","47","87","Balanced","Large Cap"
"se","COIC","Concentric AB","2.9432132964","11.0716099543","12.7232142857","47","88","Adventurous","Mid Cap"
"de","FPE3","Fuchs Se","2.8861154446","10.5943152455","16.928796111","47","98","Balanced","Large Cap"
"it","PVN","Piovan SpA","1.9636363636","11.4398656421","35.8478010212","47","97","Adventurous","Mid Cap"
"de","EKT","Energiekontor AG","2.0618556701","36.2414736917","47.9778472209","46","89","Adventurous","Mid Cap"
"it","CMB","Cembre SpA","4.8517520216","11.6045310962","20.2117811298","46","96","Balanced","Mid Cap"
"se","NEWA B","New Wave AB","1.5695067265","13.5115148954","15.2433844121","45","88","Speculative","Mid Cap"
"gb","MEGP","ME International","4.1204188482","11.1652065287","34.0036187054","45","96","Adventurous","Mid Cap"
"no","SALM","SalMar ASA","6.0240963855","21.1171153066","20.9699976733","45","97","Adventurous","Large Cap"
"no","TEL","Telenor ASA","3.5101404056","25.0202026481","13.1841893916","45","93","Conservative","Large Cap"
"ch","JFN","Jungfraubahn Holding AG","3.2178217822","21.9681734231","12.2675594615","44","85","Conservative","Mid Cap"
"fi","ALMA","Alma Media Oyj","4.3902439024","19.987000325","25.8811681772","44","84","Balanced","Mid Cap"
"se","ESSITY B","Essity AB (publ)","2.576462766","12.6770290988","13.0533322973","44","96","Conservative","Large Cap"
"de","SIE","Siemens AG","0","12.491500068","18.1394029192","43","81","Balanced","Large Cap"
"gb","CMCX","CMC Markets","2.5736434109","18.0925708344","12.0605832995","43","97","Speculative","Mid Cap"
"gb","JHD","James Halstead","4.5205479452","18.2725785622","26.8541990845","43","98","Balanced","Mid Cap"
"gb","DNLM","Dunelm","3.3870967742","12.5753146811","84.6872346448","43","93","Adventurous","Large Cap"
"se","PACT","Proact IT AB","1.3157894737","11.6955408685","20.2914935707","43","91","Adventurous","Small Cap"
"de","S9I","Stemmer Imaging AG","5.6133056133","21.2538916748","17.0811086767","43","87","Speculative","Small Cap"
"es","AENA","Aena SME SA","4.3009545199","32.5160708517","26.4310541276","42","90","Balanced","Large Cap"
"se","BRE2","Bredband2 i Skandinavien AB","1.9184652278","13.5625796275","19.1616451487","42","90","Balanced","Small Cap"
"es","APG","Axon Partners SA","4.3448275862","22.5889814041","22.1933990684","41","84","Balanced","Small Cap"
"ch","APGN","APG SGA SA","5.612244898","10.9393040752","42.4273937092","41","99","Balanced","Mid Cap"
"fi","ICP1V","Incap Oyj","0","11.0177483076","14.3119665682","41","90","Speculative","Small Cap"
"se","VBG B","VBG AB (publ)","1.703163017","11.3580671997","17.3932854037","40","99","Adventurous","Mid Cap"
"fr","CAP","Capgemini SE","1.8625034237","11.1046145543","16.1580407539","40","84","Balanced","Large Cap"
"gb","FRP","Frp Advisory","3.3783783784","19.2667706708","31.2056737589","40","96","Balanced","Mid Cap"
"se","EPEN","Ependion AB","0.9398496241","10.3138599824","14.907801359","40","92","Speculative","Small Cap"
"fr","ERF","Eurofins Scientific SE","0.9578544061","10.0300425355","11.246595269","39","84","Adventurous","Large Cap"
"it","RWAY","Rai Way SpA","6.4055666004","33.843635888","59.9941598529","38","99","Conservative","Mid Cap"
"de","TMV","TeamViewer SE","0","35.8186578629","137.1548681752","38","89","Speculative","Mid Cap"
"gb","WEIR","Weir","1.9969040248","12.9039867893","13.0385956617","37","80","Balanced","Large Cap"
"no","BOUV","Bouvet ASA","4.094488189","10.8402662692","59.8859439446","37","87","Balanced","Mid Cap"
"se","HM B","H & M Hennes & Mauritz AB","1.9560637978","12.0263827954","25.8934905737","37","91","Adventurous","Large Cap"
"se","KIND SDB","Kindred","0","12.148922273","12.8227803325","36","94","Adventurous","Mid Cap"
"es","VID","Vidrala SA","0.4010351967","12.8696480676","17.3994989553","36","84","Balanced","Large Cap"
"fr","EQS","Equasens SA","2.6315789474","17.882231969","23.0029433911","36","90","Adventurous","Mid Cap"
"gb","HL.","Hargreaves Lansdown","3.9201451906","43.4697346058","38.4575026233","35","87","Adventurous","Large Cap"
"gb","NICL","Nichols","3.8577405858","13.2948318565","19.4939725186","35","98","Adventurous","Mid Cap"
"se","SINT","SinterCast AB","5.350877193","34.8571428571","35.5124420076","35","99","Adventurous","Small Cap"
"gb","WIL","Wilmington","2.7176781003","23.8404815377","22.9732786197","35","90","Adventurous","Small Cap"
"gb","FSG","Foresight group","4.2857142857","31.0480732491","31.8841104135","35","99","Adventurous","Mid Cap"
"fi","GOFORE","Gofore Oyj","2.1609195402","10.663314782","19.4714447437","35","94","Adventurous","Small Cap"
"gb","ELIX","Elixirr International","2.3870967742","19.4050183385","15.9998514923","34","85","Speculative","Small Cap"
"dk","ROCK B","Rockwool A/S","1.5159662985","12.8552456839","16.9725604216","34","97","Adventurous","Large Cap"
"gb","NXT","Next","2.0264317181","16.5397923875","65.4377880184","34","92","Balanced","Large Cap"
"ch","COPN","Cosmo Pharmaceuticals NV","2.3809287328","51.7023333457","16.2737794719","34","88","Adventurous","Mid Cap"
"gb","BIG","Big Technologies","0","40.0938014958","15.4088174333","34","89","Speculative","Small Cap"
"de","IVU","Ivu Traffic Technologies AG","1.8705035971","12.6922560412","15.3461096509","34","95","Balanced","Small Cap"
"se","AQ","AQ AB","0.9704210986","10.3175500057","17.3214054194","34","98","Speculative","Mid Cap"
"se","RVRC","RVRC Holding AB","2.4742268041","18.4239130435","25.7740585774","34","99","Speculative","Mid Cap"
"gb","XPS","XPS Pensions","2.7450980392","17.7629467688","32.3251914137","33","83","Balanced","Mid Cap"
"fr","VETO","Vetoquinol SA","0.901378579","13.2977246061","10.9849503353","33","95","Balanced","Mid Cap"
"fr","GET","Getlink SE","3.3908754624","46.6753247058","14.6043837582","33","81","Conservative","Large Cap"
"be","FAGR","Fagron NV","1.1075949367","10.3829124643","17.1394138785","33","93","Balanced","Mid Cap"
"se","NORVA","Norva24 AB (publ)","0","10.636585802","10.5122081973","33","80","Adventurous","Mid Cap"
"gb","TFW","FW Thorpe","1.7651821862","15.2978494442","14.1123039338","33","96","Balanced","Mid Cap"
"de","YOC","Yoc AG","0","11.5199321773","114.6484702401","33","99","Speculative","Small Cap"
"gb","HILS","Hill & Smith","2.1241050119","12.7690272935","17.7326252598","33","94","Balanced","Mid Cap"
"fi","MEKKO","Marimekko Oyj","2.9272151899","19.7198839058","46.1071399001","32","94","Adventurous","Mid Cap"
"fr","IPN","Ipsen SA","1.1257035647","12.3664522139","17.8199484647","32","92","Balanced","Large Cap"
"ch","ROG","Roche Holding AG","3.3934252386","19.2974398231","38.2963377031","32","92","Conservative","Large Cap"
"fr","WAVE","Wavestone SA","0.7196969697","11.4087890268","13.4019407817","31","96","Adventurous","Mid Cap"
"gb","IMI","IMI","1.5947569634","12.2895927602","25.1601688602","31","96","Balanced","Large Cap"
"fi","PUUILO","Puuilo Oyj","3.6468330134","15.7505910165","48.0446927374","31","94","Adventurous","Mid Cap"
"de","YSN","Secunet Security Networks AG","2.2348484848","12.3075494743","23.5028201905","30","99","Speculative","Mid Cap"
"fr","ANTIN","Antin Infrastructure Partners SAS","5.6891025641","42.6113947141","15.4002226692","30","95","Speculative","Mid Cap"
"ch","NESN","Nestle SA","3.3542039356","11.9553133515","32.4824237153","30","87","Conservative","Large Cap"
"gb","ALPH","Alpha International","0.6201550388","68.4540301697","48.5572231774","30","91","Adventurous","Mid Cap"
"it","TGYM","Technogym SpA","2.7426160338","13.003027676","23.8176830239","29","98","Balanced","Mid Cap"
"ch","BOSN","Bossard Holding AG","1.797752809","13.1431761194","17.8365286193","29","88","Adventurous","Mid Cap"
"se","VERT B","Vertiseit AB (publ)","0","21.4661244745","10.4506483373","29","85","Speculative","Small Cap"
"fr","GTT","Gaztransport et Technigaz SA","4.581171238","35.6192693718","81.3672853999","29","95","Balanced","Large Cap"
"ch","LOGN","Logitech International SA","0","23.2788289702","30.8937410196","28","98","Adventurous","Large Cap"
"gb","CLBS","Celebrus Technologies","1.0956521739","46.9928613009","14.206054636","28","95","Speculative","Small Cap"
"gb","HWDN","Howden Joinery","2.2281167109","11.1858060673","27.7517181193","28","91","Balanced","Large Cap"
"ch","FHZN","Flughafen Zuerich AG","2.6082677165","20.4723772547","11.097127223","28","90","Conservative","Large Cap"
