"Flag","Ticker","Name","Yield TTM (%)","FCF / Sales TTM (%)","ROE TTM (%)","Value Rank","Quality Rank","Risk Rating","Size Group"
"no","MPCC","Mpc Container Ships ASA","30.2325460231","32.6036649318","44.2562759526","97","88","Speculative","Mid Cap"
"no","BWLPG","BW LPG","25.3445578683","13.4590512123","31.8999336489","95","93","Speculative","Mid Cap"
"no","HAUTO","Hoegh Autoliners ASA","33.4486816846","40.58770735","51.0271863701","94","91","Speculative","Mid Cap"
"no","KCC","Klaveness Combination Carriers ASA","13.1309908836","41.2841353085","26.3632681727","87","88","Adventurous","Mid Cap"
"se","DUNI","Duni AB","4.9019607843","13.267685929","11.7576123003","82","86","Adventurous","Mid Cap"
"dk","UIE","Uie","9.4339819013","28.1542796438","18.0395140868","81","93","Conservative","Mid Cap"
"se","BETS B","Betsson AB","0","19.9325036912","24.9841471148","81","99","Adventurous","Mid Cap"
"no","WWI","Wilh Wilhelmsen Holding ASA","4.0018296855","14.7030185005","18.7148594378","80","86","Balanced","Mid Cap"
"no","ELO","Elopak ASA","4.4452920734","10.2822236963","24.1805908336","71","94","Adventurous","Mid Cap"
"no","EPR","Europris ASA","4.6762589928","18.5380110847","25.5611003569","68","93","Balanced","Mid Cap"
"no","KID","Kid ASA","4.2059219381","23.3697026156","24.2462895861","49","88","Adventurous","Mid Cap"
"fi","ALMA","Alma Media Oyj","4.5454545455","19.162851537","24.8821019537","46","85","Balanced","Mid Cap"
"se","CLAS B","Clas Ohlson AB","1.1078286558","15.3047330664","27.1156483316","46","89","Adventurous","Mid Cap"
"se","LIAB","Lindab International AB","2.5641025641","10.8052463017","12.1389762654","46","81","Adventurous","Mid Cap"
"se","VBG B","VBG AB (publ)","1.9444444444","10.2823011989","16.3334295172","43","98","Balanced","Mid Cap"
"se","COIC","Concentric AB","2.2972972973","12.3900118906","19.6189131969","42","94","Adventurous","Mid Cap"
"no","BOUV","Bouvet ASA","4.2975206612","13.5309511904","71.9107157063","40","88","Balanced","Mid Cap"
"se","BAHN B","Bahnhof AB (publ)","4.3763676149","21.1191698652","38.7597304782","36","98","Speculative","Mid Cap"
"se","BUFAB","Bufab AB (publ)","1.4611338399","15.668202765","17.7874186551","34","88","Speculative","Mid Cap"
"fi","PUUILO","Puuilo Oyj","3.8578680203","15.7505910165","48.0446927374","32","95","Adventurous","Mid Cap"
"se","BEIA B","Beijer Alma AB","1.9346733668","10.6509735542","13.9911039224","30","83","Adventurous","Mid Cap"
"fi","MEKKO","Marimekko Oyj","3.0578512397","15.7387783234","38.9574375015","30","92","Adventurous","Mid Cap"
"se","TRUE B","Truecaller AB","4.9533799534","32.1570714242","30.2347147356","29","92","Highly Speculative","Mid Cap"
"fi","MUSTI","Musti Oyj","2.3856858847","14.7715645353","14.9702855142","26","86","Adventurous","Mid Cap"
"fi","VAIAS","Vaisala Oyj","2.1520803443","12.9348630644","18.8584650983","25","97","Adventurous","Mid Cap"
"se","BIOG B","Biogaia AB","6.0632688928","29.1087738892","18.2550131684","24","98","Adventurous","Mid Cap"
"se","THULE","Thule AB","3.164556962","17.5098554534","16.4005372332","24","87","Adventurous","Mid Cap"
"se","OEM B","OEM International AB","1.7623363545","15.259334479","29.7575757576","23","93","Adventurous","Mid Cap"
"se","RVRC","RVRC Holding AB","1.4179719703","23.5701906412","25.9658580413","21","90","Speculative","Mid Cap"
