"Flag","Ticker","Name","Yield TTM (%)","FCF / Sales TTM (%)","ROE TTM (%)","Value Rank","Quality Rank","Risk Rating","Size Group"
"no","PNOR","Petronor E&P ASA","0","45.5919798857","37.0484203796","98","88","Speculative","Small Cap"
"se","G5EN","G5 Entertainment AB (publ)","6.8965517241","13.7712772188","21.288323738","91","98","Speculative","Small Cap"
"no","RANA","Rana Gruber ASA","16.546184739","27.6581890945","56.7964545632","87","80","Adventurous","Small Cap"
"fi","ALEX","Alexandria Oyj","10","21.5364160808","24.9887570753","78","84","Adventurous","Small Cap"
"no","2020","2020 Bulkers","3.623285714","49.3557978196","31.9544364508","73","87","Adventurous","Small Cap"
"no","NORAM","Noram Drilling AS","2.9906941933","30.3655836233","13.8498730811","64","90","Highly Speculative","Small Cap"
"se","BERNER B","Berner Industrier AB","3.5340314136","12.1583802756","20.329640807","64","90","Highly Speculative","Small Cap"
"se","ARPL","Arla Plast AB","2.34082397","16.464077478","14.3886171632","63","95","Adventurous","Small Cap"
"no","ABG","ABG Sundal Collier Holding ASA","8.0906148867","15.3831805015","21.9304173047","63","93","Balanced","Small Cap"
"fi","TITAN","Titanium Oyj","9.5473251029","45.2781063259","39.7230590566","62","89","Balanced","Small Cap"
"se","FMM B","FM Mattsson AB (publ)","4.7169811321","11.2599121448","11.367816092","61","95","Adventurous","Small Cap"
"se","RUG","Rugvista AB (publ)","3.3457249071","18.7503224438","12.3260664801","58","97","Speculative","Small Cap"
"se","ZZ B","Zinzino AB","4.4444444444","10.0017640812","69.121804964","54","98","Speculative","Small Cap"
"se","SLEEP","Sleep Cycle AB (publ)","6.3360881543","26.7437365313","40.8402881084","54","99","Speculative","Small Cap"
"no","CAMBI","Cambi ASA","7.2463768116","14.7786259542","37.5433975817","53","87","Speculative","Small Cap"
"fi","ICP1V","Incap Oyj","0","15.7019012505","19.0287831948","47","90","Speculative","Small Cap"
"se","PACT","Proact IT AB","1.287001287","11.6955408685","20.2914935707","42","85","Adventurous","Small Cap"
"se","SINT","SinterCast AB","5.0205761317","34.8571428571","35.5124420076","31","99","Adventurous","Small Cap"
"fi","GOFORE","Gofore Oyj","1.974789916","11.757901631","18.8106307837","30","99","Adventurous","Small Cap"
"se","MSAB B","Micro Systemation AB (publ)","3.0549898167","16.3765037919","13.370528109","26","99","Speculative","Small Cap"
"no","NORBT","Norbit ASA","3.3289817232","11.2375533428","21.9376466644","25","89","Adventurous","Small Cap"
