"Flag","Ticker","Name","Yield TTM (%)","FCF / Sales TTM (%)","ROE TTM (%)","Value Rank","Quality Rank","Risk Rating","Size Group"
"gb","KMR","Kenmare Resources","10.3973579327","29.5505560969","20.1743551205","99","85","Balanced","Small Cap"
"no","MPCC","Mpc Container Ships ASA","41.5656774382","32.6036649318","44.2562759526","98","88","Speculative","Mid Cap"
"no","PNOR","Petronor E&P ASA","0","16.5841914493","47.4303042706","97","89","Speculative","Small Cap"
"no","BWLPG","BW LPG","30.2547133679","13.4304491508","31.8999336489","97","93","Speculative","Mid Cap"
"gb","SQZ","Serica Energy","12.6861555433","40.3937861678","42.1896096901","97","93","Speculative","Mid Cap"
"no","WAWI","Wallenius Wilhelmsen ASA","13.5861176528","31.2293649252","24.8969982343","96","91","Speculative","Large Cap"
"gb","SFR","Severfield","6.7307692308","12.4367772271","10.1454939048","96","89","Balanced","Small Cap"
"no","HAUTO","Hoegh Autoliners ASA","33.862336472","39.2819182961","47.6489501973","95","94","Speculative","Mid Cap"
"de","DE1","Deufol SE","2.2058823529","12.1003305681","12.552227857","95","96","Adventurous","Small Cap"
"es","IBG","Iberpapel Gestion SA","0","11.0084462558","15.5589415628","94","81","Balanced","Small Cap"
"no","SNI","Stolt-Nielsen","0","20.7934280258","16.354671058","93","83","Adventurous","Mid Cap"
"gb","MTL","Metals Exploration","0","33.0162737482","138.4243312275","93","93","Speculative","Small Cap"
"fr","TFI","Television Francaise 1 SA","6.5789473684","14.2987765054","10.0571248886","93","92","Balanced","Mid Cap"
"de","NEP","SLOMAN NEPTUN Schiffahrts-AG","2.6315789474","33.1989398099","24.8443513778","93","86","Speculative","Small Cap"
"no","EQNR","Equinor ASA","12.7296094893","13.2206498952","23.1952223892","92","84","Balanced","Large Cap"
"gb","CARD","Card Factory","0","16.9477581242","19.8622273249","92","97","Speculative","Small Cap"
"de","BIJ","Bijou Brigitte modische Accessoires AG","13.698630137","20.0164867435","15.0729159195","91","89","Adventurous","Small Cap"
"se","SSAB A","SSAB AB","6.1349693252","12.4747884743","19.30265117","91","87","Adventurous","Large Cap"
"fr","VIL","Viel et Compagnie SA","4.0983606557","27.0745267436","18.9198470661","91","80","Conservative","Mid Cap"
"no","KCC","Klaveness Combination Carriers ASA","13.9172581304","41.2841353085","26.3632681727","88","88","Adventurous","Mid Cap"
"fr","MMT","Metropole Television SA","9.3914350113","16.889632107","18.6965897293","88","98","Balanced","Mid Cap"
"no","AKRBP","Aker BP ASA","8.7396078468","14.6080073739","10.7762472052","88","94","Adventurous","Large Cap"
"es","A3M","Atresmedia Corporacion de Medios de Comunicacion SA","0","14.1292878841","23.6887248711","87","88","Balanced","Mid Cap"
"gb","BPCR","Biopharma Credit","7.8125","86.9473827267","13.6500770556","86","97","Conservative","Mid Cap"
"no","RANA","Rana Gruber ASA","16.2845849802","27.6581890945","56.7964545632","86","82","Adventurous","Small Cap"
"ch","CPHN","CPH Chemie und Papier Holding AG","4.5045045045","12.194262014","18.906362158","86","84","Conservative","Mid Cap"
"gb","KGH","Knights group","4.7666666667","11.054482268","10.3765808369","86","83","Highly Speculative","Small Cap"
"it","PQ","Piquadro SpA","5.1290640394","10.8301755663","18.5622820259","84","93","Balanced","Small Cap"
"it","DIS","d'Amico International Shipping SA","3.4456769016","46.2348962806","35.0705150426","84","96","Adventurous","Mid Cap"
"de","EUK3","Eurokai GmbH & Co KGaA","4.4827586207","22.8276032562","11.4215160644","83","87","Adventurous","Small Cap"
"dk","TRMD A","Torm","17.0287882107","19.3934726087","40.9606139559","83","82","Speculative","Mid Cap"
"dk","UIE","Uie","9.8569999974","28.1542796438","18.0395140868","82","93","Conservative","Mid Cap"
"ch","CFT","Compagnie financiere Tradition SA","4.1353383459","26.5236779981","21.9819815373","82","82","Conservative","Mid Cap"
"it","BAN","Basic Net SpA","3.6101083032","10.6768282055","15.5294282538","82","95","Balanced","Small Cap"
"gb","SHOE","Shoe Zone","5.0666666667","15.427057112","42.1300870009","82","92","Speculative","Small Cap"
"no","NORAM","Noram Drilling AS","0","35.1145038168","23.7711715334","81","91","Highly Speculative","Small Cap"
"se","BETS B","Betsson AB","0","19.9325036912","24.9841471148","81","99","Adventurous","Mid Cap"
"gb","MBH","Michelmersh Brick Holdings","4.4949494949","18.3879620543","10.471875143","81","86","Balanced","Small Cap"
"no","WWI","Wilh Wilhelmsen Holding ASA","4.0748771039","14.7030185005","18.7148594378","80","86","Balanced","Mid Cap"
"dk","STRINV","Strategic Investments A/S","5","114.5860605339","15.7577272557","80","92","Balanced","Small Cap"
"it","CEM","Cementir Holding NV","2.8225806452","11.4393591962","14.0262401667","79","94","Balanced","Mid Cap"
"de","NWO","New Work SE","11.0891089109","10.6170924427","27.5182087084","79","97","Adventurous","Small Cap"
"gb","FUTR","Future","0.5186880244","21.7391304348","10.4256688425","79","84","Speculative","Mid Cap"
"se","DUNI","Duni AB","4.5955882353","13.2806426535","11.7576123003","78","86","Adventurous","Mid Cap"
"gb","FDM","FDM (Holdings)","10.7462686567","14.8223669436","50.9964096726","78","98","Adventurous","Mid Cap"
"fi","ALEX","Alexandria Oyj","10.4557640751","21.5364160808","24.9887570753","78","85","Adventurous","Small Cap"
"gb","PAY","PayPoint","5.738045738","57.4993488364","30.5927591815","78","82","Balanced","Small Cap"
"it","TEN","Tenaris SA","2.7369585194","25.3928545968","25.4844427311","77","99","Adventurous","Large Cap"
"fr","BB","Societe BIC SA","6.6875489428","10.9883797994","12.2016751041","76","98","Balanced","Mid Cap"
"gb","SOM","Somero Enterprises","7.7066194041","18.8120862642","34.8937709293","76","84","Adventurous","Small Cap"
"gb","CLIG","City of London Investment","10.6704494352","29.8218170959","11.3928346662","76","96","Balanced","Small Cap"
"es","MCM","Miquel y Costas & Miquel SA","0","17.1528422114","12.4699301679","75","97","Conservative","Mid Cap"
"no","SBO","Selvaag Bolig ASA","5.4644808743","36.6538224836","10.5508609264","75","87","Adventurous","Small Cap"
"fr","VRLA","Verallia SA","6.3123899002","11.2300835084","49.1811855805","75","95","Balanced","Large Cap"
"de","EIN3","Einhell Germany AG","1.9154557464","16.8333326549","14.6243964599","74","86","Adventurous","Mid Cap"
"fr","ABCA","ABC Arbitrage SA","10.0122100122","49.8815755429","13.5892430466","74","87","Conservative","Small Cap"
"de","FNTN","freenet AG","0","13.0301830777","183.7378087415","74","80","Balanced","Large Cap"
"be","PAY","Payton Planar Magnetics","8.770201325","28.9540274469","21.9243169863","73","98","Adventurous","Small Cap"
"fr","ML","Compagnie Generale des Etablissements Michelin SCA","3.808180536","10.7645626786","11.3104234992","73","82","Balanced","Large Cap"
"gb","PLUS","Plus500","3.5787158502","46.9154502892","36.6682429237","73","80","Balanced","Mid Cap"
"be","COLR","Colruyt NV","1.320754717","11.3352185951","35.2670776467","73","95","Adventurous","Large Cap"
"de","S9I","Stemmer Imaging AG","9.2024539877","13.6620216909","23.4176639509","73","98","Adventurous","Small Cap"
"gb","RIO","Rio Tinto","6.9022923158","14.9405081327","19.1180383957","72","80","Balanced","Large Cap"
"gb","ULTP","Ultimate Products","4.8552631579","11.6640110633","28.0837201","72","95","Speculative","Small Cap"
"gb","JET2","Jet2","0.2810962755","11.1385422165","29.7863513794","71","87","Adventurous","Large Cap"
"se","FRACTL","Fractal Gaming AB","0","15.2075520497","27.753814988","71","95","Speculative","Small Cap"
"se","ARPL","Arla Plast AB","3.0487804878","15.6733326766","12.5234346409","71","92","Adventurous","Small Cap"
"es","NTH","Naturhouse Health SA","6.2111801242","21.5041430182","34.3477110347","71","97","Balanced","Small Cap"
"gb","AGFX","Argentex","3.8095238095","12.1739130435","19.6286472149","71","95","Speculative","Small Cap"
"de","NLM","Frosta AG","2.8985507246","15.3602927378","15.5680984288","68","99","Balanced","Mid Cap"
"dk","HLUN A","H Lundbeck A/S","2.5179856115","17.9740859783","10.6949374183","68","99","Adventurous","Large Cap"
"se","FMM B","FM Mattsson AB (publ)","5.1546391753","11.1420612813","14.5670025252","68","92","Speculative","Small Cap"
"gb","BRBY","Burberry","5.306294888","15.7074721781","31.9500550863","67","87","Balanced","Large Cap"
"se","CX","CombinedX AB (publ)","4.2826552463","10.134517435","20.4263900893","67","98","Speculative","Small Cap"
"be","FLUX","Fluxys Belgium NV","4.6666666667","55.2429059893","13.2156530229","66","88","Conservative","Mid Cap"
"gb","NXQ","Nexteq","2.1861392734","15.3206411949","14.1006728778","66","94","Speculative","Small Cap"
"fi","ICP1V","Incap Oyj","0","17.0471724935","20.4134180631","66","85","Speculative","Small Cap"
"gb","TUNE","Focusrite","2.0952380952","11.8252878716","15.9066533195","65","87","Speculative","Small Cap"
"gb","IGG","IG group","6.237148732","11.2148584188","15.6668138949","65","87","Conservative","Large Cap"
"se","PREV B","Prevas AB","3.9983164983","10.7932544605","20.5185581892","64","86","Adventurous","Small Cap"
"gb","LUCE","Luceco","3.7096774194","13.9800995025","14.4305307096","64","96","Speculative","Small Cap"
"it","FUM","Franchi Umberto Marmi SpA","4.9657534247","35.4150908932","14.7810282805","64","84","Balanced","Small Cap"
"no","EPR","Europris ASA","4.3362241494","17.5830787877","27.8647851025","64","93","Balanced","Mid Cap"
"nl","VPK","Koninklijke Vopak NV","3.7324355972","31.1307519641","14.6812931909","63","88","Balanced","Large Cap"
"fr","DKUPL","Adl Partner SA","2.972972973","10.4368932039","38.1750389249","62","92","Adventurous","Small Cap"
"it","ZV","Zignago Vetro SpA","0","21.261468844","39.4090870483","60","98","Balanced","Mid Cap"
"fi","KCR","Konecranes Abp","2.7278238028","12.729748128","18.2052382997","60","88","Adventurous","Large Cap"
"gb","ASHM","Ashmore","8.4247258225","52.8311965812","11.1903952883","60","91","Adventurous","Mid Cap"
"fr","ALTPC","Societe Marseillaise du Tunnel Prado Carenage SA","6.884057971","37.2890909136","19.1554752681","59","82","Adventurous","Small Cap"
"de","MBH3","Maschinenfabrik Berthold Hermle AG","4.7835497835","21.6926257228","25.2352352352","59","98","Balanced","Mid Cap"
"gb","REC","Record","7.0987654321","26.0436744597","34.9375166179","59","99","Adventurous","Small Cap"
"be","SMAR","Smartphoto NV","2.7735849057","11.0076797766","14.1501822898","59","99","Balanced","Small Cap"
"be","VAN","Van de Velde NV","4.6994985251","16.7480860706","22.8281055229","59","99","Balanced","Mid Cap"
"se","BRE2","Bredband2 i Skandinavien AB","5.039193729","14.1549953315","15.9693618264","57","80","Balanced","Small Cap"
"gb","HL.","Hargreaves Lansdown","5.8495821727","39.6521969999","45.8023379384","57","92","Adventurous","Large Cap"
"gb","BOY","Bodycote","3.353028065","13.6074766355","10.8926639944","56","85","Balanced","Mid Cap"
"se","ESSITY B","Essity AB (publ)","3.2051282051","10.0022426553","13.6621512099","56","87","Conservative","Large Cap"
"ch","VBSN","IVF Hartmann Holding AG","6.0740740741","21.2263353903","10.2681249555","55","93","Balanced","Small Cap"
"no","CAMBI","Cambi ASA","6.25","19.7829203359","41.1601289032","54","97","Speculative","Small Cap"
"se","INDU A","Industrivarden AB","2.0783051757","22.2120356449","19.4479460987","54","80","Conservative","Large Cap"
"fi","TITAN","Titanium Oyj","8.4671532847","45.2781063259","39.7230590566","54","90","Balanced","Small Cap"
"fr","ALVU","Vente-Unique.Com SA","3.0769230769","10.0268697924","19.7147895636","54","91","Adventurous","Small Cap"
"no","KID","Kid ASA","4.5955882353","23.3697026156","24.2462895861","54","88","Adventurous","Mid Cap"
"gb","BKG","Berkeley group","2.6972553949","10.4391280397","13.754265181","54","89","Balanced","Large Cap"
"gb","CBOX","Cake Box Holdings","5.0149253731","15.0709626868","26.9960355185","54","98","Speculative","Small Cap"
"de","AAD","Amadeus Fire AG","4.132231405","16.8237419098","25.6614621176","54","95","Adventurous","Mid Cap"
"gb","CKN","Clarkson","2.5692695214","22.5993118549","19.4363910472","53","97","Balanced","Mid Cap"
"de","DMP","Dermapharm Holding SE","0","20.6488803616","18.0903507778","53","80","Adventurous","Mid Cap"
"gb","ASY","Andrews Sykes","4.4085106383","27.1183008327","27.225832687","52","96","Balanced","Small Cap"
"gb","MSI","MS International","1.963190184","30.5374214281","17.0946713713","51","87","Speculative","Small Cap"
"fr","ALDLT","Delta Plus SA","1.5691868759","12.1676173043","17.3371895432","51","92","Adventurous","Mid Cap"
"se","VBG B","VBG AB (publ)","2.2047244094","10.2860726855","16.3334951554","50","98","Balanced","Mid Cap"
"gb","IPX","Impax Asset Management","6.1675977654","21.2102014386","28.8252932357","50","87","Speculative","Mid Cap"
"gb","BME","B&M European Value Retail SA","2.7883156297","12.4641010913","46.0739779364","50","90","Balanced","Large Cap"
"gb","DNLM","Dunelm","3.8817005545","12.5753146811","84.6872346448","50","93","Adventurous","Mid Cap"
"gb","CHRT","Cohort","2.4298245614","12.3412678527","14.7041216771","49","93","Adventurous","Small Cap"
"se","HPOL B","Hexpol AB","4.5977011494","15.9892951102","17.8097657353","49","85","Balanced","Large Cap"
"gb","MEGP","ME International","4.2915214866","11.3188784595","34.7459341579","49","97","Adventurous","Mid Cap"
"se","EPEN","Ependion AB","0.998003992","13.5437397572","18.6664668209","48","93","Speculative","Small Cap"
"be","EVS","Evs Broadcast Equipment SA","2.3123123123","18.8745373605","20.1291236482","47","96","Balanced","Mid Cap"
"se","BORG","Bjorn Borg AB","0","12.3505395322","22.2708537322","47","98","Adventurous","Small Cap"
"gb","RKT","Reckitt Benckiser","4.3690422152","14.9722735675","18.2661673467","47","85","Balanced","Large Cap"
"se","SLEEP","Sleep Cycle AB (publ)","6.1827956989","19.4413625469","42.4278647222","47","99","Speculative","Small Cap"
"se","ZZ B","Zinzino AB","3.7878787879","13.9929735397","78.2958395398","46","99","Speculative","Small Cap"
"fi","ALMA","Alma Media Oyj","4.5090180361","17.6123319121","26.5128325877","46","85","Balanced","Mid Cap"
"fr","LIN","Linedata Services SA","2.5735294118","20.2792902079","18.3768262129","45","86","Adventurous","Small Cap"
"gb","MONY","Moneysupermarket.Com","5.316344464","21.1062254108","33.8769804287","45","99","Balanced","Mid Cap"
"ch","PRO","Procimmo AG","4.8759689922","42.8869706539","30.0249573012","45","88","Adventurous","Small Cap"
"se","CLAS B","Clas Ohlson AB","1.0760401722","15.3047330664","27.1156483316","45","89","Adventurous","Mid Cap"
"se","HM B","H & M Hennes & Mauritz AB","4.272380702","10.5852945538","17.8110627213","45","93","Adventurous","Large Cap"
"gb","GSK","GSK","3.4384633626","14.5871801635","41.1609939445","44","87","Conservative","Large Cap"
"no","VISTN","Vistin Pharma ASA","4.5248868778","16.0231607381","15.3146714714","44","88","Adventurous","Small Cap"
"fr","FDE","La Francaise de l Energie SA","0","30.1730271582","17.4438059584","44","90","Speculative","Small Cap"
"it","RWAY","Rai Way SpA","5.71875","29.472948655","52.8321631278","43","99","Conservative","Mid Cap"
"ch","BBN","Bellevue AG","5.3488372093","10.4228482262","11.8764993856","43","89","Adventurous","Small Cap"
"gb","ALPH","Alpha International","0.8864265928","68.4540301697","48.5572231774","43","91","Adventurous","Mid Cap"
"it","TISG","Italian Sea SpA","3.4069981584","10.9721763085","196.7024990812","43","81","Adventurous","Mid Cap"
"gb","NICL","Nichols","4.3975903614","11.4401344727","19.7358097142","42","92","Balanced","Mid Cap"
"de","SIE","Siemens AG","2.6795895097","14.063500192","19.243349324","42","94","Balanced","Large Cap"
"se","LIAB","Lindab International AB","2.380952381","10.8052463017","12.1389762654","41","82","Adventurous","Mid Cap"
"se","COIC","Concentric AB","2.251059322","12.3900118906","19.6189131969","41","94","Adventurous","Mid Cap"
"se","RUG","Rugvista AB (publ)","2.6470588235","16.4351334301","13.370753555","41","99","Speculative","Small Cap"
"no","NKR","Nekkar Asa","0","18.3756825511","12.5216303433","40","95","Adventurous","Small Cap"
"dk","ROCK B","Rockwool A/S","1.9355671502","10.5248618785","14.4502228826","40","98","Adventurous","Large Cap"
"se","BAHN B","Bahnhof AB (publ)","4.662004662","21.1191698652","38.7597304782","40","98","Speculative","Small Cap"
"ch","JFN","Jungfraubahn Holding AG","2.0338983051","33.8464688504","10.1195996214","40","84","Conservative","Mid Cap"
"no","BOUV","Bouvet ASA","4.2483660131","13.5309511904","71.9107157063","40","89","Balanced","Mid Cap"
"gb","ULVR","Unilever","3.6935127344","12.8867190121","34.9486841042","39","91","Conservative","Large Cap"
"gb","SAG","Science","1.246882793","14.6255262915","14.8967172367","39","85","Balanced","Small Cap"
"gb","WIL","Wilmington","2.8611111111","23.8404815377","22.9732786197","37","95","Adventurous","Small Cap"
"gb","JHD","James Halstead","4.1884816754","15.289133686","24.4071464751","37","97","Balanced","Mid Cap"
"se","SINT","SinterCast AB","5.9512195122","29.6875","37.3392461197","37","99","Adventurous","Small Cap"
"fi","ELISA","Elisa Oyj","5.2779732583","15.7349231828","29.5794079388","37","89","Conservative","Large Cap"
"de","FPE3","Fuchs Se","2.423580786","12.9906805987","15.5030236394","37","97","Balanced","Large Cap"
"se","BEIA B","Beijer Alma AB","2.0698924731","13.9494333043","13.9929900243","37","83","Adventurous","Mid Cap"
"dk","CARL B","Carlsberg A/S","2.9107373868","10.0074743494","25.2466627974","37","83","Conservative","Large Cap"
"gb","NXT","Next","2.2519582245","16.5397923875","65.4377880184","36","93","Balanced","Large Cap"
"no","SALM","SalMar ASA","4.9019607843","24.6181650661","12.9709453626","36","98","Adventurous","Large Cap"
"fr","EQS","Equasens SA","2.2772277228","26.3070145167","27.2057936706","35","90","Adventurous","Mid Cap"
"be","FAGR","Fagron NV","1.2316715543","11.2924005657","16.2495278108","35","94","Balanced","Mid Cap"
"fr","GET","Getlink SE","3.4087387667","48.7698195735","13.3042354197","35","88","Conservative","Large Cap"
"it","CMB","Cembre SpA","4.0268456376","13.5901433829","20.7346615407","35","99","Balanced","Mid Cap"
"gb","AJB","AJ Bell","3.5572468564","44.8646865291","45.5657563846","35","92","Adventurous","Mid Cap"
"gb","HILS","Hill & Smith","2.2560335782","12.0149433598","16.7907260525","35","99","Balanced","Mid Cap"
"ch","SGSN","SGS SA","7.3546311193","12.4433705829","96.9325153374","35","85","Conservative","Large Cap"
"fr","CDI","Christian Dior SE","1.6828478964","12.6739637621","31.0809811414","34","95","Balanced","Large Cap"
"no","NORBT","Norbit ASA","3.75","15.7482388571","26.6101816615","34","94","Adventurous","Small Cap"
"fi","WRT1V","Wartsila Oyj Abp","2.2299651568","11.2053200333","11.8402937127","34","96","Adventurous","Large Cap"
"fr","IPN","Ipsen SA","1.099908341","21.068231309","17.215309937","34","81","Balanced","Large Cap"
"gb","SXS","Spectris","2.3956442831","11.7651117858","10.563789596","34","99","Balanced","Large Cap"
"gb","WEIR","Weir","1.9061728395","11.6691957511","13.4180253491","34","93","Balanced","Large Cap"
"ch","NOVN","Novartis AG","4.0688951937","25.0857265324","16.1646652643","34","89","Conservative","Large Cap"
"de","PSG","PharmaSGP Holding SE","2.1397379913","26.0412288705","46.747536485","33","97","Adventurous","Small Cap"
"fr","ADP","Aeroports De Paris SA","3.0173775671","10.5186533212","15.0453028135","33","80","Balanced","Large Cap"
"gb","TFW","FW Thorpe","1.7675675676","15.2978494442","14.1123039338","33","98","Balanced","Mid Cap"
"fi","MEKKO","Marimekko Oyj","3.195164076","15.7387783234","38.9574375015","32","92","Adventurous","Mid Cap"
"es","AENA","Aena SME SA","4.2531926707","16.6052888376","22.7371530019","32","84","Balanced","Large Cap"
"gb","BA.","BAE Systems","2.200220022","12.1457665309","17.057040507","32","90","Conservative","Large Cap"
"gb","HWDN","Howden Joinery","2.3879918126","10.9654247263","27.5228366034","31","81","Balanced","Large Cap"
"se","PRFO","Profoto Holding AB (publ)","4.8076923077","15.1207115629","39.3900889454","31","92","Speculative","Small Cap"
"es","YDOA","Inversiones Doalca SOCIMI SA","3.8151162791","98.8496636278","36.6873872122","31","99","Adventurous","Small Cap"
"gb","SPSY","Spectra Systems","4.1295293306","18.6419891242","31.798489543","31","99","Balanced","Small Cap"
"gb","FSG","Foresight group","4.8898678414","34.033591864","12.5775873822","31","99","Adventurous","Mid Cap"
"fr","VETO","Vetoquinol SA","0.7952286282","15.7193226948","12.1274781958","31","90","Adventurous","Mid Cap"
"gb","XPS","XPS Pensions","3.125","17.4272709497","10.8439286028","31","80","Balanced","Mid Cap"
"gb","ELIX","Elixirr International","1.8540772532","23.6944720544","14.4412380585","30","98","Speculative","Small Cap"
"es","CBAV","Clinica Baviera SA","0","15.6194981416","45.4347780231","30","98","Adventurous","Mid Cap"
"fr","CAP","Capgemini SE","1.5762633287","10.0612734215","16.4808483227","30","96","Balanced","Large Cap"
"ch","BOSN","Bossard Holding AG","1.8561484919","11.1626453728","20.0796541107","30","94","Adventurous","Mid Cap"
"gb","IMI","IMI","1.5481400438","12.9007285974","24.5169955574","29","98","Balanced","Large Cap"
"de","TMV","TeamViewer SE","0","35.7845757625","114.6213469252","29","90","Speculative","Mid Cap"
"fi","PUUILO","Puuilo Oyj","1.9318181818","18.3879093199","61.191626409","29","85","Adventurous","Mid Cap"
"gb","TPFG","Property Franchise","4.0606060606","29.0337969249","20.2243493047","29","98","Balanced","Small Cap"
"se","SAND","Sandvik AB","2.2339561332","10.6266254555","18.1217354227","29","93","Balanced","Large Cap"
"es","PRO","Proeduca Altus SA","3.195828877","19.0648936889","259.813165466","29","97","Conservative","Mid Cap"
"fr","BVI","Bureau Veritas SA","2.9920692141","11.2836156652","26.5230898847","29","82","Conservative","Large Cap"
"ch","FHZN","Flughafen Zuerich AG","2.6420737787","20.4723772547","11.097127223","29","90","Conservative","Large Cap"
"fi","MUSTI","Musti Oyj","2.4650780608","14.7715645353","14.9702855142","28","86","Adventurous","Mid Cap"
"no","BRG","BORREGAARD ASA","2.0491803279","12.5630959058","18.8128446319","28","83","Balanced","Mid Cap"
"fr","ANTIN","Antin Infrastructure Partners SAS","5.3303303303","42.6113947141","15.4002226692","28","95","Speculative","Mid Cap"
