"Flag","Ticker","Name","Yield TTM (%)","FCF / Sales TTM (%)","ROE TTM (%)","Value Rank","Quality Rank","Risk Rating","Size Group"
"no","AKRBP","Aker BP ASA","9.424500195","13.160013902","14.7565090016","90","88","Adventurous","Large Cap"
"fi","CGCBV","Cargotec","4.5291763219","14.4218264066","17.865497076","74","96","Adventurous","Large Cap"
"dk","HLUN A","H Lundbeck A/S","1.7326732673","19.970006289","11.5461892218","53","99","Balanced","Large Cap"
"fi","KEMIRA","Kemira Oyj","1.5697137581","10.3787129503","10.8160309029","53","82","Balanced","Large Cap"
"se","HPOL B","Hexpol AB","5.2770448549","11.3154776013","16.9013126573","52","83","Balanced","Large Cap"
"no","SALM","SalMar ASA","6.0240963855","21.1171153066","20.9699976733","45","97","Adventurous","Large Cap"
"no","TEL","Telenor ASA","3.5101404056","25.0202026481","13.1841893916","45","93","Conservative","Large Cap"
"se","ESSITY B","Essity AB (publ)","2.576462766","12.6770290988","13.0533322973","44","96","Conservative","Large Cap"
"se","HM B","H & M Hennes & Mauritz AB","1.9560637978","12.0263827954","25.8934905737","37","91","Adventurous","Large Cap"
"dk","ROCK B","Rockwool A/S","1.5159662985","12.8552456839","16.9725604216","34","97","Adventurous","Large Cap"
"se","EVO","Evolution AB (publ)","2.8379125476","59.5328341796","30.8330239938","27","94","Adventurous","Large Cap"
"fi","ELISA","Elisa Oyj","2.5112107623","15.8562271062","33.9393381507","27","88","Conservative","Large Cap"
"dk","GMAB","Genmab A/S","0","34.3491327042","18.4247538678","26","97","Balanced","Large Cap"
"dk","PNDORA","Pandora A/S","1.5741145606","20.4320432043","116.260064896","25","84","Adventurous","Large Cap"
"dk","DEMANT","Demant A/S","0","13.461452514","28.7466753515","25","87","Adventurous","Large Cap"
"fi","WRT1V","Wartsila Oyj Abp","0.8279430789","15.4696132597","17.7453518475","25","93","Adventurous","Large Cap"
"se","ASSA B","Assa Abloy AB","0.8432229856","11.9331514974","15.1858235373","22","91","Balanced","Large Cap"
"se","SWEC B","Sweco AB (publ)","1.7654099342","10.023053022","16.8302812913","21","98","Adventurous","Large Cap"
"se","ALFA","Alfa Laval AB","1.6722408027","12.4100964523","18.2224037022","20","98","Balanced","Large Cap"
