"Flag","Ticker","Name","Yield TTM (%)","FCF / Sales TTM (%)","ROE TTM (%)","Value Rank","Quality Rank","Risk Rating","Size Group"
"gb","KMR","Kenmare Resources","10.3136983259","29.5505560969","20.1743551205","99","84","Balanced","Small Cap"
"dk","MAERSK B","AP Moeller - Maersk A/S","32.6740802289","25.2047459051","16.1495694267","98","81","Speculative","Large Cap"
"gb","MTL","Metals Exploration","0","33.0162737482","138.4243312275","96","93","Speculative","Small Cap"
"no","OKEA","Okea ASA","4.3630017452","21.4660264391","32.9822385457","96","83","Speculative","Small Cap"
"gb","GKP","Gulf Keystone Petroleum","0","28.891746509","19.2042075066","96","83","Speculative","Small Cap"
"gb","SQZ","Serica Energy","11.004784689","40.3937861678","42.1896096901","96","93","Speculative","Mid Cap"
"gb","SFR","Severfield","6.0975609756","12.4367772271","10.1454939048","95","88","Balanced","Small Cap"
"de","DE1","Deufol SE","2.0547945205","12.1003305681","12.552227857","95","96","Adventurous","Small Cap"
"de","NVM","Novem SA","16.061452514","13.4561054724","65.9851393189","93","94","Speculative","Small Cap"
"no","HAUTO","Hoegh Autoliners ASA","12.3641751106","38.264445879","45.3645623065","92","85","Speculative","Mid Cap"
"de","NEP","SLOMAN NEPTUN Schiffahrts-AG","2.5641025641","33.1989398099","24.8443513778","92","85","Speculative","Small Cap"
"no","EQNR","Equinor ASA","12.7101941616","14.3269703608","37.5787539377","92","95","Balanced","Large Cap"
"no","ODF","Odfjell SE","9.1862550023","22.7933489342","29.3057635003","92","85","Adventurous","Mid Cap"
"gb","BATS","British American Tobacco","9.6969958937","34.676019414","12.0038616119","92","85","Conservative","Large Cap"
"de","HXCK","Ernst Russ AG","4.1109969168","26.1329077276","33.9977050813","91","94","Speculative","Small Cap"
"no","SNI","Stolt-Nielsen","6.0245262499","15.4925565346","16.801225542","91","90","Adventurous","Mid Cap"
"gb","CARD","Card Factory","0","16.9477581242","19.8622273249","91","99","Speculative","Small Cap"
"no","WAWI","Wallenius Wilhelmsen ASA","3.4887203149","31.8129551552","29.1763251429","90","85","Speculative","Large Cap"
"gb","SHEL","Shell","4.0868220736","12.2574368348","15.5125489781","90","85","Balanced","Large Cap"
"de","HLAG","Hapag Lloyd AG","0","33.1949433011","27.3285738004","90","92","Speculative","Large Cap"
"de","BIJ","Bijou Brigitte modische Accessoires AG","12.7551020408","20.0164867435","15.0729159195","89","89","Adventurous","Small Cap"
"se","NPAPER","Nordic Paper Holding AB","10.3218645949","12.1707731521","56.8065506653","89","89","Adventurous","Small Cap"
"fr","KOF","Kaufman & Broad SA","8.2191780822","24.9131858621","21.1958108345","89","85","Balanced","Mid Cap"
"de","EUK3","Eurokai GmbH & Co KGaA","5.078125","22.8276032562","11.4215160644","88","86","Adventurous","Small Cap"
"se","PROF B","ProfilGruppen AB","3.8910505837","14.8593402145","11.8218766567","88","85","Speculative","Small Cap"
"ch","CFT","Compagnie financiere Tradition SA","4.7008547009","26.5236779981","21.9819815373","87","81","Conservative","Mid Cap"
"dk","NLFSK","Nilfisk Holding A/S","0","12.1693625119","14.5648967552","87","87","Adventurous","Mid Cap"
"gb","CCP","Celtic","0","14.5021735321","46.2517258366","87","82","Balanced","Small Cap"
"it","TEN","Tenaris SA","4.1710795257","23.2842536954","24.4359179936","86","86","Adventurous","Large Cap"
"no","AKRBP","Aker BP ASA","8.3731894351","12.904314358","10.5565176692","86","83","Adventurous","Large Cap"
"gb","ALU","Alumasc","5.8857142857","10.0488023784","32.4520678335","85","80","Adventurous","Small Cap"
"fr","MMT","Metropole Television SA","7.6569678407","18.1347938536","15.0250995326","85","99","Balanced","Mid Cap"
"gb","BPCR","Biopharma Credit","7.4468085106","86.9473827267","13.6500770556","84","97","Conservative","Mid Cap"
"it","PQ","Piquadro SpA","0","10.8301755663","18.5622820259","83","92","Balanced","Small Cap"
"gb","KGH","Knights group","4.4513618677","11.054482268","10.3765808369","83","82","Highly Speculative","Small Cap"
"fr","BLC","Bastide le Confort Medical SA","0","10.2446504249","18.6583977888","83","80","Balanced","Small Cap"
"no","RANA","Rana Gruber ASA","14.6887417219","17.9264778081","78.5651561115","82","84","Adventurous","Small Cap"
"it","DAN","Danieli & C Officine Meccaniche SpA","0.9904153355","12.8937855361","10.3850977766","80","82","Adventurous","Mid Cap"
"gb","MBH","Michelmersh Brick Holdings","4.3842364532","18.3879620543","10.471875143","80","86","Balanced","Small Cap"
"dk","STRINV","Strategic Investments A/S","4.8","114.5860605339","15.7577272557","79","92","Balanced","Small Cap"
"gb","SHOE","Shoe Zone","4.6341463415","15.427057112","42.1300870009","79","91","Speculative","Small Cap"
"gb","FUTR","Future","0.4829545455","21.7391304348","10.4256688425","78","84","Speculative","Mid Cap"
"it","MN","Arnoldo Mondadori Editore SpA","4.7413793103","10.9627542766","18.5317535174","77","88","Balanced","Mid Cap"
"ch","MIKN","Mikron Holding AG","2.5","11.8174106359","15.0975370428","76","85","Adventurous","Small Cap"
"it","CEM","Cementir Holding NV","2.2821576763","10.3795927193","13.9966628559","76","98","Balanced","Mid Cap"
"de","NWO","New Work SE","10.243902439","10.4057394929","28.1424833389","75","99","Adventurous","Small Cap"
"de","S9I","Stemmer Imaging AG","9.5846645367","13.6620216909","23.4176639509","74","98","Speculative","Small Cap"
"gb","ULTP","Ultimate Products","4.9864864865","11.6640110633","28.0837201","74","95","Speculative","Small Cap"
"gb","JET2","Jet2","0.3003003003","11.1385422165","29.7863513794","74","87","Speculative","Large Cap"
"gb","CLIG","City of London Investment","9.7488921713","32.3520411456","11.7387970822","74","98","Balanced","Small Cap"
"be","COLR","Colruyt NV","1.3304822998","11.3352185951","35.2670776467","74","95","Balanced","Large Cap"
"pt","GALP","Galp Energia SGPS SA","1.3220338983","10.654983248","35.7445777293","74","87","Adventurous","Large Cap"
"de","EIN3","Einhell Germany AG","1.8637532134","16.8333326549","14.6243964599","73","85","Adventurous","Mid Cap"
"fi","KEMIRA","Kemira Oyj","1.7653758542","12.5737348649","19.1764279676","72","92","Balanced","Mid Cap"
"gb","PAY","PayPoint","5.0181818182","57.4993488364","30.5927591815","72","81","Balanced","Mid Cap"
"gb","MACF","Macfarlane","2.8244897959","10.0616731664","15.5712938089","71","91","Balanced","Small Cap"
"es","NTH","Naturhouse Health SA","6.1349693252","21.5041430182","34.3477110347","71","97","Balanced","Small Cap"
"be","PAY","Payton Planar Magnetics","4.5239403247","28.9540274469","21.9243169863","70","98","Adventurous","Small Cap"
"se","FRACTL","Fractal Gaming AB","0","25.1446527363","27.9538221529","70","97","Speculative","Small Cap"
"gb","SOM","Somero Enterprises","12.0516649637","15.8768059242","36.5972822687","70","92","Adventurous","Small Cap"
"ch","BKW","BKW AG","2.9626920263","15.4068367838","20.5330923876","69","84","Conservative","Large Cap"
"fr","ABCA","ABC Arbitrage SA","9.0010976948","49.8815755429","13.5892430466","69","86","Conservative","Small Cap"
"at","VER","Verbund AG","4.7904191617","29.1553009013","39.6265560791","69","92","Adventurous","Large Cap"
"be","MOUR","Moury Construct SA","1.5502283105","11.5339575009","25.4333806384","66","87","Adventurous","Small Cap"
"se","ARPL","Arla Plast AB","2.4038461538","12.7659908047","12.5980629723","66","83","Adventurous","Small Cap"
"gb","PLUS","Plus500","2.718462973","39.4519356242","36.6395809549","65","94","Balanced","Mid Cap"
"de","MBH3","Maschinenfabrik Berthold Hermle AG","5.2870813397","21.6926257228","25.2352352352","65","98","Balanced","Mid Cap"
"dk","UIE","Uie","4.115770893","21.7273923448","14.2773593727","65","95","Conservative","Mid Cap"
"pt","NVG","Navigator SA","2.6667544784","13.4646567873","25.8692697609","65","88","Balanced","Mid Cap"
"se","PACT","Proact IT AB","2.0108695652","11.8370360539","18.6815923115","65","81","Adventurous","Small Cap"
"dk","HLUN A","H Lundbeck A/S","1.9066403682","17.9871520343","11.4149546548","64","99","Adventurous","Large Cap"
"se","SVED B","Svedbergs AB","1.9176197388","11.0922102169","15.1788183532","63","92","Speculative","Small Cap"
"gb","FDM","FDM (Holdings)","7.9382579934","12.2824214757","49.6734989452","63","99","Adventurous","Mid Cap"
"fr","DKUPL","Adl Partner SA","2.9830508475","10.4368932039","38.1750389249","63","91","Adventurous","Small Cap"
"be","FLUX","Fluxys Belgium NV","4.375","55.2429059893","13.2156530229","63","87","Conservative","Mid Cap"
"gb","BRBY","Burberry","4.8663308795","15.7074721781","31.9500550863","62","87","Balanced","Large Cap"
"gb","MEGP","ME International","4.8457792208","12.5032513586","29.6769132511","62","89","Speculative","Mid Cap"
"be","VAN","Van de Velde NV","4.9246676971","16.7480860706","22.8281055229","62","99","Balanced","Mid Cap"
"se","VBG B","VBG AB (publ)","2.2403258656","10.276248053","15.5142296656","61","98","Balanced","Mid Cap"
"se","DUNI","Duni AB","1.3227513228","10.2434602435","11.8751989812","60","90","Adventurous","Mid Cap"
"es","CBAV","Clinica Baviera SA","5.3941908714","25.5664307121","40.4882006405","60","90","Adventurous","Small Cap"
"fr","EUR","Euro Ressources SA","7.183908046","70.6942737386","52.7579097411","60","97","Conservative","Small Cap"
"gb","RIO","Rio Tinto","5.7097864809","11.4975403272","16.8894717269","60","82","Balanced","Large Cap"
"gb","SPT","Spirent Communications","4.898373534","11.7358969708","17.0681515555","60","94","Adventurous","Mid Cap"
"fr","ALTPC","Societe Marseillaise du Tunnel Prado Carenage SA","6.9090909091","37.2890909136","19.1554752681","59","80","Speculative","Small Cap"
"de","BSS","Beta Systems Software AG","0","16.443483517","11.9140414583","59","91","Balanced","Small Cap"
"gb","CKN","Clarkson","2.6330532213","22.7286539046","21.9054956343","58","96","Balanced","Mid Cap"
"gb","BOY","Bodycote","3.417721519","12.1833084948","11.2287283934","58","96","Balanced","Mid Cap"
"no","EPR","Europris ASA","4.6125461255","17.9523501809","31.6950496887","57","80","Balanced","Mid Cap"
"it","ZV","Zignago Vetro SpA","0","21.261468844","39.4090870483","57","98","Balanced","Mid Cap"
"it","FUM","Franchi Umberto Marmi SpA","4.3939393939","35.4150908932","14.7810282805","57","82","Balanced","Small Cap"
"de","AAD","Amadeus Fire AG","3.9752650177","19.2828449523","28.2484635645","56","97","Adventurous","Mid Cap"
"fr","SK","SEB SA","2.3026315789","10.1619023526","10.6326175276","56","88","Balanced","Large Cap"
"gb","LUCE","Luceco","3.1988873435","13.9800995025","14.4305307096","56","95","Speculative","Small Cap"
"gb","REC","Record","6.618705036","26.0436744597","34.9375166179","55","99","Adventurous","Small Cap"
"fr","LIN","Linedata Services SA","2.9863481229","20.2792902079","18.3768262129","54","85","Adventurous","Small Cap"
"es","IDR","Indra Sistemas SA","1.5615240475","10.9104226382","17.2832443172","54","88","Adventurous","Mid Cap"
"gb","BKG","Berkeley group","2.69499686","10.4391280397","13.754265181","54","88","Balanced","Large Cap"
"fr","IPS","Ipsos SA","2.1844660194","10.1840669874","13.3796675402","53","94","Balanced","Mid Cap"
"gb","CBOX","Cake Box Holdings","4.9557522124","15.0709626868","26.9960355185","53","98","Speculative","Small Cap"
"gb","BLV","Belvoir","3.8461538462","24.1178876037","20.0031843753","53","94","Adventurous","Small Cap"
"fr","ALDLT","Delta Plus SA","1.5965166909","12.1676173043","17.3371895432","52","92","Adventurous","Mid Cap"
"gb","AGFX","Argentex","2.7027027027","12.1739130435","19.6286472149","52","94","Speculative","Small Cap"
"gb","CHRT","Cohort","2.509057971","12.3412678527","14.7041216771","52","92","Adventurous","Small Cap"
"fr","SAN","Sanofi SA","0","17.9732186405","11.0739657334","51","87","Conservative","Large Cap"
"se","BETS B","Betsson AB","0","23.7347294939","24.2048099302","51","97","Adventurous","Mid Cap"
"ch","BBN","Bellevue AG","8.3507306889","14.1861016844","15.6902834342","50","97","Adventurous","Small Cap"
"gb","BME","B&M European Value Retail SA","2.7851458886","12.4641010913","46.0739779364","50","89","Balanced","Large Cap"
"gb","HL.","Hargreaves Lansdown","5.5615116591","26.2005169365","50.404732254","50","95","Adventurous","Large Cap"
"se","COIC","Concentric AB","2.4301336574","11.5536920568","19.5175923877","49","97","Adventurous","Mid Cap"
"gb","DNLM","Dunelm","3.7614678899","13.3512326092","86.2333238717","49","80","Adventurous","Mid Cap"
"be","SMAR","Smartphoto NV","2.3333333333","12.5444678144","12.8060346729","48","99","Balanced","Small Cap"
"se","HPOL B","Hexpol AB","3.074295474","13.3639130243","18.2761842151","48","98","Balanced","Large Cap"
"fi","TITAN","Titanium Oyj","8.0712166172","48.0824508527","56.7064494479","48","96","Balanced","Small Cap"
"gb","ASY","Andrews Sykes","4.1111111111","27.1183008327","27.225832687","48","96","Balanced","Small Cap"
"be","EVS","Evs Broadcast Equipment SA","2.5040650407","13.8019344387","21.260469996","47","93","Balanced","Mid Cap"
"gb","WIL","Wilmington","3.0864197531","23.3592718851","27.3391229008","47","95","Adventurous","Small Cap"
"gb","MSI","MS International","1.797752809","30.5374214281","17.0946713713","47","87","Speculative","Small Cap"
"gb","TPFG","Property Franchise","4","29.0337969249","20.2243493047","47","98","Balanced","Small Cap"
"gb","GSK","GSK","3.5856701827","10.6738162687","54.5479021764","47","91","Conservative","Large Cap"
"se","SLEEP","Sleep Cycle AB (publ)","19.6629213483","17.4329328097","37.8138038245","47","96","Speculative","Small Cap"
"ch","SCMN","Swisscom AG","4.2718446602","14.9878257733","15.3755709311","46","85","Conservative","Large Cap"
"fi","ALMA","Alma Media Oyj","4.462474645","17.937806874","31.421319797","46","87","Balanced","Mid Cap"
"gb","ZTF","Zotefoams","1.8181818182","10.3283065699","10.1742456046","45","89","Speculative","Small Cap"
"ch","PRO","Procimmo AG","4.8634020619","42.8869706539","30.0249573012","45","87","Adventurous","Small Cap"
"it","TISG","Italian Sea SpA","2.9184549356","12.4959997992","30.1954280233","44","80","Adventurous","Mid Cap"
"ch","JFN","Jungfraubahn Holding AG","2.1634615385","33.8464688504","10.1195996214","44","83","Conservative","Mid Cap"
"de","SIE","Siemens AG","2.8059701493","12.8868829482","16.4120597818","43","93","Balanced","Large Cap"
"it","RWAY","Rai Way SpA","5.636550308","29.472948655","52.8321631278","42","99","Conservative","Mid Cap"
"gb","IPX","Impax Asset Management","5.3801169591","21.2102014386","28.8252932357","42","86","Speculative","Mid Cap"
"fr","CDI","Christian Dior SE","1.9069412662","12.2781746266","35.621810368","41","99","Balanced","Large Cap"
"se","PRFO","Profoto Holding AB (publ)","5.6022408964","17.7121771218","54.3026706231","41","90","Adventurous","Small Cap"
"se","BAHN B","Bahnhof AB (publ)","4.6666666667","16.2410587958","39.7704815416","41","99","Speculative","Small Cap"
"gb","SAG","Science","1.2787723785","14.6255262915","14.8967172367","41","83","Balanced","Small Cap"
"gb","WEIR","Weir","2.0452039691","11.7508593633","14.9393939394","41","84","Balanced","Large Cap"
"gb","MONY","Moneysupermarket.Com","4.7930194805","21.5825575698","38.3838383838","40","98","Balanced","Mid Cap"
"gb","NXT","Next","2.4564750775","16.4281570296","66.3984855655","40","94","Balanced","Large Cap"
"gb","BA.","BAE Systems","2.388440289","13.1462071416","17.6896787423","40","96","Conservative","Large Cap"
"se","SAND","Sandvik AB","0","14.2612954262","17.1247344785","40","90","Balanced","Large Cap"
"se","ZZ B","Zinzino AB","2.4509803922","13.2871493426","86.269193914","40","98","Speculative","Small Cap"
"gb","HWDN","Howden Joinery","2.6195320448","10.3609396433","37.7782651607","40","84","Balanced","Large Cap"
"no","NKR","Nekkar Asa","0","18.3756825511","12.5216303433","39","95","Adventurous","Small Cap"
"gb","TUNE","Focusrite","1.3069306931","11.8252878716","15.9066533195","39","87","Speculative","Small Cap"
"ch","ROG","Roche Holding AG","3.8751784622","19.9127787378","42.6582082624","38","96","Conservative","Large Cap"
"se","RUG","Rugvista AB (publ)","2.2590361446","13.3026671005","15.0688297433","38","99","Speculative","Small Cap"
"fr","GET","Getlink SE","3.0873726459","62.661574678","16.7430327761","38","88","Conservative","Large Cap"
"fr","PUB","Publicis Groupe SA","0.1577287066","13.2506438932","14.1390119987","37","80","Balanced","Large Cap"
"fr","RI","Pernod Ricard SA","3.2627559875","10.9664661778","14.2888727456","36","81","Conservative","Large Cap"
"fi","ELISA","Elisa Oyj","4.9402573529","16.9564618984","32.3237508556","36","98","Conservative","Large Cap"
"gb","JHD","James Halstead","4.0404040404","15.289133686","24.4071464751","35","96","Balanced","Mid Cap"
"se","BEIA B","Beijer Alma AB","2.0491803279","10.9183044374","14.4150466699","35","85","Adventurous","Mid Cap"
"es","PRO","Proeduca Altus SA","3.5785628743","19.0648936889","259.813165466","34","97","Conservative","Mid Cap"
"de","PSG","PharmaSGP Holding SE","2.1777777778","26.0412288705","46.747536485","34","97","Adventurous","Small Cap"
"it","DLG","De' Longhi SpA","1.568627451","12.3709447058","10.9939291982","34","97","Adventurous","Large Cap"
"fr","IPN","Ipsen SA","1.1131725417","23.6805216967","12.5587435073","33","83","Balanced","Large Cap"
"it","CMB","Cembre SpA","3.6269430052","12.8372804282","16.8683740448","33","95","Balanced","Mid Cap"
"gb","AJB","AJ Bell","3.414866582","44.8646865291","45.5657563846","33","91","Adventurous","Mid Cap"
"se","INFRA","Infracom AB (publ)","1.510989011","13.9325728969","23.7840690696","33","87","Adventurous","Small Cap"
"be","FAGR","Fagron NV","1.0410469958","11.1909796406","16.6989801158","32","80","Balanced","Mid Cap"
"gb","IMI","IMI","1.6089860352","12.0360944007","27.0361229527","32","93","Balanced","Large Cap"
"fr","BVI","Bureau Veritas SA","3.1492842536","11.7343979254","27.5926303228","32","93","Conservative","Large Cap"
"fr","FDJ","La Francaise des Jeux SA","3.7845303867","14.6426038301","41.0876886616","32","91","Conservative","Large Cap"
"ch","SGSN","SGS SA","4.2339243186","12.2470394244","118.4584178499","32","86","Conservative","Large Cap"
"no","BRG","BORREGAARD ASA","2.0012315271","10.6208030698","22.1327967807","32","85","Balanced","Mid Cap"
"se","CLAS B","Clas Ohlson AB","1.0309278351","16.8057376088","19.8160241556","32","87","Adventurous","Mid Cap"
"gb","ELIX","Elixirr International","1.8620689655","23.6944720544","14.4412380585","31","97","Speculative","Small Cap"
"gb","FSG","Foresight group","4.9333333333","34.033591864","12.5775873822","31","99","Adventurous","Mid Cap"
"fr","EQS","Equasens SA","2.0609318996","26.3070145167","27.2057936706","31","90","Adventurous","Mid Cap"
"es","YDOA","Inversiones Doalca SOCIMI SA","3.756870229","98.8496636278","36.6873872122","30","99","Adventurous","Small Cap"
"gb","TFW","FW Thorpe","1.7365591398","12.3797022897","14.3502980104","30","97","Balanced","Mid Cap"
"es","AENA","Aena SME SA","2.9366306028","16.2351398466","22.0611841593","30","87","Balanced","Large Cap"
"ch","FHZN","Flughafen Zuerich AG","2.0034344591","25.0197040021","11.0370313929","30","88","Balanced","Large Cap"
"ch","CFR","COMPAGNIE FINANCIERE RICHEMONT SA","2.7298566327","17.6651380623","21.4016578749","30","95","Adventurous","Large Cap"
"gb","SXS","Spectris","2.1644532354","10.3925464136","10.8846761453","30","99","Balanced","Large Cap"
"fi","PUUILO","Puuilo Oyj","1.9540229885","18.3879093199","61.191626409","30","98","Adventurous","Mid Cap"
"de","TMV","TeamViewer SE","0","39.223100498","119.887707509","30","90","Speculative","Mid Cap"
"gb","GAMA","Gamma Communications","1.3511187608","14.0288480537","16.8307086614","29","98","Balanced","Mid Cap"
"fr","LR","Legrand SA","2.0966674023","18.0372688683","15.2222416826","29","81","Conservative","Large Cap"
"gb","ALPH","Alpha International","0.9483870968","21.4980445345","42.643292445","29","84","Adventurous","Mid Cap"
"dk","DSV","Dsv A/S","0.5291005291","11.6086967031","17.5440465568","29","82","Balanced","Large Cap"
"gb","SPSY","Spectra Systems","3.929890749","18.6419891242","31.798489543","29","99","Balanced","Small Cap"
"gb","QTX","Quartix Technologies","2.7567567568","11.4624917555","25.9572607812","28","98","Adventurous","Small Cap"
"gb","DGE","Diageo","2.9635117614","10.7754338807","47.8104993598","28","91","Conservative","Large Cap"
"de","COP","CompuGroup Medical SE & Co KgaA","1.258178158","11.1975709949","10.9756973751","28","80","Adventurous","Mid Cap"
"gb","KEYS","Keystone Law","3.0925925926","10.5318243126","42.5450909286","28","98","Adventurous","Small Cap"
"se","BUFAB","Bufab AB (publ)","0.608436993","12.7582292849","20.2986022872","28","88","Adventurous","Mid Cap"
"fi","GOFORE","Gofore Oyj","1.5740740741","12.394824051","18.8849601399","27","98","Adventurous","Small Cap"
"gb","BIG","Big Technologies","0","33.2734637025","19.3433341941","27","89","Speculative","Mid Cap"
"fr","VETO","Vetoquinol SA","0.7352941176","15.7193226948","12.1274781958","27","89","Adventurous","Mid Cap"
"no","CAMBI","Cambi ASA","0.8379888268","24.5177423196","42.6059064263","27","86","Speculative","Small Cap"
"fi","UPONOR","Uponor Oyj","1.2437810945","10.4590163934","15.6331422616","26","86","Adventurous","Mid Cap"
"it","TGYM","Technogym SpA","2.7746947836","11.7981611082","22.0680648062","25","99","Balanced","Mid Cap"
"se","UPSALE","Upsales Technology AB","4.8076923077","20.750862611","99.9250112826","25","98","Speculative","Small Cap"
"at","FLU","Flughafen Wien AG","1.5308151093","35.3686829983","12.2405666388","25","96","Balanced","Large Cap"
"es","ALC","Altia Consultores SA","0.329218107","13.083401361","22.1714954327","25","83","Adventurous","Small Cap"
"gb","ALFA","Alfa Financial Software Holdings","0","32.6490713587","61.7196702002","25","99","Adventurous","Mid Cap"
"se","SINT","SinterCast AB","2.7777777778","32.0639756283","31.1793944871","24","99","Adventurous","Small Cap"
"fr","FDE","La Francaise de l Energie SA","0","30.1730271582","17.4438059584","24","89","Speculative","Small Cap"
"it","ERG","ERG SpA","0","12.1387503799","11.138645473","24","90","Balanced","Large Cap"
"ch","LOGN","Logitech International SA","0","24.818079908","21.8497844459","24","96","Adventurous","Large Cap"
