"Flag","Ticker","Name","Yield TTM (%)","FCF / Sales TTM (%)","ROE TTM (%)","Value Rank","Quality Rank","Risk Rating","Size Group"
"no","PNOR","Petronor E&P ASA","0","30.1175343611","46.2464033482","98","91","Speculative","Small Cap"
"se","G5EN","G5 Entertainment AB (publ)","8.5106382979","11.9483893653","20.0925093741","95","98","Speculative","Small Cap"
"no","RANA","Rana Gruber ASA","18.2570162482","27.6581890945","56.7964545632","89","80","Adventurous","Small Cap"
"no","2020","2020 Bulkers","7.9641904753","43.6022819886","50.4276211593","87","86","Adventurous","Small Cap"
"fi","ALEX","Alexandria Oyj","9.2857142857","21.5364160808","24.9887570753","74","84","Adventurous","Small Cap"
"no","SBO","Selvaag Bolig ASA","2.8449502134","43.9769590473","11.4126548642","71","92","Adventurous","Small Cap"
"se","ARPL","Arla Plast AB","2.5","16.3607483233","13.0824531819","66","81","Adventurous","Small Cap"
"fi","TITAN","Titanium Oyj","10.5454545455","45.2781063259","39.7230590566","65","89","Balanced","Small Cap"
"se","EMBELL","Embellence AB (publ)","0","11.5789852391","13.0410435174","64","94","Adventurous","Small Cap"
"fi","DIGIA","Digia Oyj","2.8428093645","11.326757238","14.9859644525","64","92","Balanced","Small Cap"
"se","FMM B","FM Mattsson AB (publ)","4.9212598425","11.2599121448","11.367816092","63","95","Adventurous","Small Cap"
"no","NORAM","Noram Drilling AS","2.9257760811","30.3655836233","13.8498730811","62","91","Highly Speculative","Small Cap"
"se","BERNER B","Berner Industrier AB","3.4793814433","12.1496685266","20.0180024516","61","97","Highly Speculative","Small Cap"
"fi","IFA1V","Innofactor Oyj","0","10.0150621003","12.3291642508","59","94","Adventurous","Small Cap"
"se","TRAC B","Traction AB","3.8703703704","11728.571428571","10.783081024","57","90","Balanced","Small Cap"
"se","NIL B","Nilorngruppen AB","1.4705882353","10.3705333482","17.5430858239","55","99","Adventurous","Small Cap"
"no","CAMBI","Cambi ASA","6.4516129032","22.226450999","34.4220572641","54","80","Speculative","Small Cap"
"se","RUG","Rugvista AB (publ)","3.488372093","14.9330789425","11.516119183","54","95","Speculative","Small Cap"
"se","SLEEP","Sleep Cycle AB (publ)","5.6511056511","25.5063607134","139.922490438","48","99","Speculative","Small Cap"
"se","ZZ B","Zinzino AB","4.0106951872","10.0017640812","69.121804964","48","98","Speculative","Small Cap"
"se","PACT","Proact IT AB","1.3157894737","11.6955408685","20.2914935707","43","91","Adventurous","Small Cap"
"se","BRE2","Bredband2 i Skandinavien AB","1.9184652278","13.5625796275","19.1616451487","42","90","Balanced","Small Cap"
"fi","ICP1V","Incap Oyj","0","11.0177483076","14.3119665682","41","90","Speculative","Small Cap"
"se","EPEN","Ependion AB","0.9398496241","10.3138599824","14.907801359","40","92","Speculative","Small Cap"
"se","SINT","SinterCast AB","5.350877193","34.8571428571","35.5124420076","35","99","Adventurous","Small Cap"
"fi","GOFORE","Gofore Oyj","2.1609195402","10.663314782","19.4714447437","35","94","Adventurous","Small Cap"
"se","VERT B","Vertiseit AB (publ)","0","21.4661244745","10.4506483373","29","85","Speculative","Small Cap"
"fi","LEMON","Lemonsoft Oyj","2.2222222222","12.8148726318","17.2081591647","21","82","Speculative","Small Cap"
"fi","DETEC","DETECTION TECHNOLOGY Oyj","1.3218390805","11.1855373939","11.0545331615","21","91","Adventurous","Small Cap"
"se","ABSO","Absolent Air Care AB","0.9036144578","12.8806151037","17.3787279079","20","97","Adventurous","Small Cap"
