"Flag","Ticker","Name","Yield TTM (%)","FCF / Sales TTM (%)","ROE TTM (%)","Value Rank","Quality Rank","Risk Rating","Size Group"
"no","PNOR","Petronor E&P ASA","0","45.5919798857","37.0484203796","98","89","Speculative","Small Cap"
"se","G5EN","G5 Entertainment AB (publ)","6.1538461538","13.7712772188","21.288323738","88","99","Speculative","Small Cap"
"no","RANA","Rana Gruber ASA","16.3060686016","27.6581890945","56.7964545632","87","80","Adventurous","Small Cap"
"no","NORAM","Noram Drilling AS","0","35.1145038168","23.7711715334","81","90","Highly Speculative","Small Cap"
"fi","ALEX","Alexandria Oyj","9.1764705882","21.5364160808","24.9887570753","75","84","Adventurous","Small Cap"
"no","2020","2020 Bulkers","3.4100594813","49.3557978196","31.9544364508","71","88","Adventurous","Small Cap"
"se","ARPL","Arla Plast AB","2.5458248473","16.464077478","14.3886171632","69","95","Adventurous","Small Cap"
"no","ABG","ABG Sundal Collier Holding ASA","8","15.3831805015","21.9304173047","64","93","Balanced","Small Cap"
"se","FMM B","FM Mattsson AB (publ)","4.6641791045","11.2599121448","11.367816092","61","96","Adventurous","Small Cap"
"fi","TITAN","Titanium Oyj","9.2063492063","45.2781063259","39.7230590566","61","89","Balanced","Small Cap"
"no","CAMBI","Cambi ASA","7.4906367041","14.7786259542","37.5433975817","57","87","Speculative","Small Cap"
"se","SLEEP","Sleep Cycle AB (publ)","6.25","26.7437365313","40.8402881084","55","99","Speculative","Small Cap"
"se","RUG","Rugvista AB (publ)","3.0100334448","18.7503224438","12.3260664801","52","97","Speculative","Small Cap"
"fi","ICP1V","Incap Oyj","0","15.7019012505","19.0287831948","51","90","Speculative","Small Cap"
"se","PACT","Proact IT AB","1.4556040757","11.6955408685","20.2914935707","49","85","Adventurous","Small Cap"
"se","ZZ B","Zinzino AB","3.7546933667","10.0017640812","69.121804964","45","98","Speculative","Small Cap"
"no","NORBT","Norbit ASA","3.9050535988","15.754822569","26.6101816615","38","94","Adventurous","Small Cap"
"se","SINT","SinterCast AB","4.9593495935","34.8571428571","35.5124420076","32","99","Adventurous","Small Cap"
"fi","GOFORE","Gofore Oyj","1.8687872763","11.757901631","18.8106307837","29","99","Adventurous","Small Cap"
"se","UPSALE","Upsales Technology AB","3.6585365854","12.3694379979","71.0435491506","21","97","Speculative","Small Cap"
"se","MSAB B","Micro Systemation AB (publ)","2.5951557093","16.3765037919","13.370528109","21","99","Speculative","Small Cap"
