"Flag","Ticker","Name","Yield TTM (%)","FCF / Sales TTM (%)","ROE TTM (%)","Value Rank","Quality Rank","Risk Rating","Size Group"
"se","SSAB A","SSAB AB","8.629616845","10.9114204283","16.7902209871","97","86","Adventurous","Large Cap"
"no","WAWI","Wallenius Wilhelmsen ASA","11.8095929194","30.3748300641","24.3916162611","96","84","Speculative","Large Cap"
"no","AKRBP","Aker BP ASA","8.9926593316","10.3260719107","13.5588832116","87","88","Adventurous","Large Cap"
"dk","TRMD A","Torm","15.7623109857","15.2549112522","37.8884376429","81","82","Speculative","Large Cap"
"dk","HLUN A","H Lundbeck A/S","2.0989505247","20.56459615","11.1297938501","64","98","Balanced","Large Cap"
"fi","KCR","Konecranes Abp","2.5","11.0600236175","19.2977057476","54","92","Adventurous","Large Cap"
"se","HPOL B","Hexpol AB","4.9019607843","11.924372894","16.3576525791","50","83","Balanced","Large Cap"
"se","INVE B","Investor AB","1.6617621603","25.5585538347","22.6313580555","48","85","Conservative","Large Cap"
"se","ESSITY B","Essity AB (publ)","2.7937995674","11.5243292994","12.6503426134","47","96","Conservative","Large Cap"
"dk","CARL B","Carlsberg A/S","3.1424581006","10.0074743494","25.2466627974","43","83","Conservative","Large Cap"
"fi","ELISA","Elisa Oyj","5.2496500233","16.6000091941","27.1642454788","38","93","Conservative","Large Cap"
"se","HM B","H & M Hennes & Mauritz AB","3.3678756477","10.2409382026","19.1685489286","33","91","Adventurous","Large Cap"
"dk","ROCK B","Rockwool A/S","1.5554884022","11.3017429194","15.535746771","32","97","Adventurous","Large Cap"
"se","SAND","Sandvik AB","2.5310630465","10.6618916467","14.1784727791","30","87","Balanced","Large Cap"
"dk","PNDORA","Pandora A/S","1.686972821","21.5350274725","104.5252306023","29","90","Adventurous","Large Cap"
"fi","WRT1V","Wartsila Oyj Abp","1.7148981779","13.3537727815","14.0043763676","24","88","Adventurous","Large Cap"
"se","EVO","Evolution AB (publ)","2.6934844492","57.976410308","28.6170194872","24","94","Adventurous","Large Cap"
"dk","GMAB","Genmab A/S","0","30.1638236784","18.2652838977","24","94","Balanced","Large Cap"
"dk","DEMANT","Demant A/S","0","16.1119279954","28.6467980019","22","87","Adventurous","Large Cap"
