"Flag","Ticker","Name","Yield TTM (%)","FCF / Sales TTM (%)","ROE TTM (%)","Value Rank","Quality Rank","Risk Rating","Size Group"
"se","G5EN","G5 Entertainment AB (publ)","8.8397790055","11.9483893653","20.0925093741","95","98","Speculative","Micro Cap"
"se","TRAN A","Transferator AB (publ)","19.7183098592","206.7571903869","73.1424695475","70","87","Highly Speculative","Micro Cap"
"fi","AALLON","Aallon Oyj","2.6315789474","13.308346719","12.7780599289","56","94","Conservative","Micro Cap"
"se","NTEK B","Novotek AB","2.8350515464","10.8707322311","18.1643087615","51","98","Speculative","Micro Cap"
"se","ARCOMA","Arcoma AB","0","10.5759741704","25.2637673058","51","95","Speculative","Micro Cap"
"no","CONTX","ContextVision AB","0","30.7597021013","31.3978074089","44","98","Speculative","Micro Cap"
"se","GENI","Generic Sweden AB (publ)","3.355704698","10.9836663814","62.0669950203","22","95","Speculative","Micro Cap"
"se","CDMIL","CodeMill AB (publ)","0","18.8859758061","13.9966532867","21","82","Highly Speculative","Micro Cap"
"se","UPSALE","Upsales Technology AB","4.1899441341","10.2604240992","156.2231064669","21","96","Speculative","Micro Cap"
"se","SKMO","Skane mollan AB","2.5225225225","10.279270766","10.2639894668","21","83","Highly Speculative","Micro Cap"
