"Flag","Ticker","Name","Yield TTM (%)","FCF / Sales TTM (%)","ROE TTM (%)","Value Rank","Quality Rank","Risk Rating","Size Group"
"no","BWLPG","BW LPG","24.1633950693","18.6851398364","33.2065184151","97","93","Speculative","Mid Cap"
"no","KCC","Klaveness Combination Carriers ASA","17.4665978124","37.7810061658","27.3042401391","92","93","Balanced","Mid Cap"
"no","MPCC","Mpc Container Ships ASA","21.5886372507","27.9804107055","31.5957372764","91","80","Speculative","Mid Cap"
"no","HAUTO","Hoegh Autoliners ASA","36.8743346814","36.7402389761","52.5803828847","90","86","Speculative","Mid Cap"
"fi","SCANFL","Scanfil Oyj","3.0707610147","11.1047422911","15.2300700625","72","88","Balanced","Mid Cap"
"dk","UIE","Uie","6.5593846162","27.5036344127","24.0991957004","69","87","Conservative","Mid Cap"
"se","LOOMIS","Loomis AB","3.7136066548","13.845177241","11.8619422974","69","91","Balanced","Mid Cap"
"se","AMBEA","Ambea AB (publ)","1.572327044","13.1505476412","12.6107347577","61","81","Adventurous","Mid Cap"
"no","MULTI","Multiconsult ASA","4.2440318302","10.7860331031","43.1657855686","61","93","Balanced","Mid Cap"
"se","VBG B","VBG AB (publ)","2.397260274","11.3580671997","17.3932854037","58","98","Adventurous","Mid Cap"
"fi","TTALO","Terveystalo Oyj","0","11.9212788418","12.1102575689","56","80","Balanced","Mid Cap"
"fi","KALMAR","Kalmar Oyj","0","12.8624909203","18.342555492","56","84","Speculative","Mid Cap"
"se","HTRO","Hexatronic AB","0","10.3307954844","12.4535059926","53","80","Highly Speculative","Mid Cap"
"se","NEWA B","New Wave AB","1.7967145791","13.5981689678","13.9154308277","48","88","Speculative","Mid Cap"
"no","KID","Kid ASA","2.8135048232","17.5380665966","26.6636493611","48","95","Adventurous","Mid Cap"
"no","BOUV","Bouvet ASA","5.0420168067","16.9696373847","91.449385664","41","96","Balanced","Mid Cap"
"se","CLAS B","Clas Ohlson AB","2.2023809524","13.4657049869","40.3484341205","41","96","Adventurous","Mid Cap"
"fi","ALMA","Alma Media Oyj","3.982300885","21.647819063","24.0075170308","37","84","Balanced","Mid Cap"
"fi","MEKKO","Marimekko Oyj","3.1409168081","18.4731963998","36.2359682495","30","95","Adventurous","Mid Cap"
"se","AQ","AQ AB","0.9377640101","10.8914325356","16.3384576293","29","97","Adventurous","Mid Cap"
"se","BAHN B","Bahnhof AB (publ)","3.8684719536","14.8949793922","44.4275145503","27","99","Adventurous","Mid Cap"
"fi","PUUILO","Puuilo Oyj","2.0507285483","12.0713305898","58.6013986014","26","97","Adventurous","Mid Cap"
"se","BIOG B","Biogaia AB","6.5464895636","26.9381107252","18.6857797332","24","99","Adventurous","Mid Cap"
"se","BUFAB","Bufab AB (publ)","1.1990407674","15.0234163175","14.3037088873","23","88","Adventurous","Mid Cap"
