"Flag","Ticker","Name","Div Cover TTM","Div Streak","Yield TTM (%)","FCF / Sales TTM (%)","Piotroski F-Score TTM","ROE TTM (%)","Quality Rank","Mkt Cap EUR (m EUR)","Risk Rating","Size Group"
"fi","ELISA","Elisa Oyj","1.0949627907","10","4.9402573529","16.9564618984","8","32.3237508556","98","6980.10399488","Conservative","Large Cap"
"se","HPOL B","Hexpol AB","2.1298861111","10","3.074295474","13.3639130243","8","18.2761842151","98","3553.3137890342","Balanced","Large Cap"
"no","SNI","Stolt-Nielsen","2.4336933333","10","6.0245262499","15.4925565346","8","16.801225542","90","1836.7831843683","Adventurous","Mid Cap"
"se","BAHN B","Bahnhof AB (publ)","1.0639028571","10","4.6666666667","16.2410587958","8","39.7704815416","99","355.3610599236","Speculative","Small Cap"
