"Flag","Ticker","Name","Yield TTM (%)","FCF / Sales TTM (%)","ROE TTM (%)","Value Rank","Quality Rank","Risk Rating","Size Group"
"se","LINKAB","Link Prop Investment AB (publ)","5.7971014493","45.6579162506","12.8713494195","65","80","Balanced","Micro Cap"
"fi","AALLON","Aallon Oyj","2.75","12.4870875615","12.6866204729","58","90","Conservative","Micro Cap"
"no","CONTX","ContextVision AB","0","35.3383794405","40.4463644691","47","95","Speculative","Micro Cap"
"se","ARCOMA","Arcoma AB","0","10.9551983524","19.4918680225","37","90","Speculative","Micro Cap"
"se","UPSALE","Upsales Technology AB","4.2857142857","12.3694379979","71.0435491506","26","96","Speculative","Micro Cap"
"se","GENI","Generic Sweden AB (publ)","3.2467532468","20.7951396291","47.6886200205","26","91","Speculative","Micro Cap"
