"Flag","Ticker","Name","Yield TTM (%)","FCF / Sales TTM (%)","ROE TTM (%)","Value Rank","Quality Rank","Risk Rating","Size Group"
"no","HAUTO","Hoegh Autoliners ASA","27.8889596977","40.58770735","51.0271863701","99","91","Speculative","Mid Cap"
"no","PNOR","Petronor E&P ASA","0","45.5919798857","37.0484203796","98","88","Speculative","Small Cap"
"se","SSAB A","SSAB AB","8.629616845","10.9114204283","16.7902209871","97","86","Adventurous","Large Cap"
"no","WAWI","Wallenius Wilhelmsen ASA","11.8095929194","30.3748300641","24.3916162611","96","84","Speculative","Large Cap"
"no","MPCC","Mpc Container Ships ASA","28.4740540516","32.1757823378","37.333702552","95","88","Speculative","Mid Cap"
"no","BWLPG","BW LPG","19.596848965","22.0788169344","31.7314315046","95","97","Speculative","Mid Cap"
"nl","VTA","Volta Finance","10.2884615385","85.1831527608","19.2261500357","94","91","Conservative","Small Cap"
"fr","TFI","Television Francaise 1 SA","7.0739549839","10.2237107647","10.0350840986","93","84","Balanced","Mid Cap"
"gb","SHOE","Shoe Zone","7.125","16.1028181431","43.2489642868","93","89","Speculative","Small Cap"
"it","TEN","Tenaris SA","6.0405876078","26.0199588926","21.7193603082","92","90","Adventurous","Large Cap"
"gb","BGLF","Blackstone Loan Financing","13.3075757576","83.4328357965","19.0649893107","92","93","Conservative","Small Cap"
"se","G5EN","G5 Entertainment AB (publ)","6.8965517241","13.7712772188","21.288323738","91","98","Speculative","Small Cap"
"fr","MMT","Metropole Television SA","10.2459016393","16.889632107","18.6965897293","91","98","Balanced","Mid Cap"
"gb","CARD","Card Factory","4.6777546778","15.1497357604","16.9520547945","91","98","Speculative","Small Cap"
"gb","LIV","Livermore Investments","0","118.6676638095","10.5386967772","91","90","Balanced","Small Cap"
"es","A3M","Atresmedia Corporacion de Medios de Comunicacion SA","9.0909090909","14.1292878841","23.6887248711","90","87","Balanced","Mid Cap"
"it","BAN","Basic Net SpA","4.1666666667","10.6768282055","15.5294282538","89","95","Balanced","Small Cap"
"fr","VIL","Viel et Compagnie SA","4.0983606557","11.310082814","21.4450482386","89","82","Conservative","Mid Cap"
"de","FEV","Fortec Elektronik AG","4.2079207921","11.7643168893","13.6000732467","88","96","Balanced","Small Cap"
"no","RANA","Rana Gruber ASA","16.546184739","27.6581890945","56.7964545632","87","80","Adventurous","Small Cap"
"no","AKRBP","Aker BP ASA","8.9926593316","10.3260719107","13.5588832116","87","88","Adventurous","Large Cap"
"it","DIS","d'Amico International Shipping SA","3.4795324583","65.4843579621","33.3510881937","86","96","Adventurous","Mid Cap"
"no","KCC","Klaveness Combination Carriers ASA","11.8154018682","39.053569768","25.1377482067","85","81","Adventurous","Mid Cap"
"ch","CPHN","CPH Chemie und Papier Holding AG","4.3103448276","12.194262014","18.906362158","85","83","Conservative","Mid Cap"
"fr","BB","Societe BIC SA","7.5176056338","10.988264257","12.1059642644","84","98","Balanced","Mid Cap"
"gb","OCN","Ocean Wilsons Holdings","5.0980978997","12.8362300317","11.5988762334","83","96","Balanced","Mid Cap"
"it","PQ","Piquadro SpA","4.7327272727","10.8301755663","18.5622820259","83","92","Balanced","Small Cap"
"it","FILA","FILA Fabbrica Italiana Lapis ed Affini SpA","1.376146789","14.4736217294","35.8100586209","82","88","Balanced","Mid Cap"
"se","DUNI","Duni AB","4.835589942","10.9923462655","11.4035087719","82","91","Adventurous","Mid Cap"
"it","CEM","Cementir Holding NV","2.8747433265","11.4393591962","14.0262401667","82","94","Balanced","Mid Cap"
"dk","TRMD A","Torm","15.7623109857","15.2549112522","37.8884376429","81","82","Speculative","Large Cap"
"gb","KGH","Knights group","4.1449275362","11.054482268","10.3765808369","81","81","Highly Speculative","Small Cap"
"dk","UIE","Uie","9.064565215","23.2274711915","16.7517244844","79","92","Conservative","Mid Cap"
"no","WWI","Wilh Wilhelmsen Holding ASA","3.8566370177","13.786407767","18.8411509657","79","85","Balanced","Mid Cap"
"gb","ULTP","Ultimate Products","5.2112676056","12.4472029861","26.6686710764","79","98","Speculative","Small Cap"
"es","NTH","Naturhouse Health SA","6.2111801242","40.4308925348","38.6501702688","79","94","Balanced","Small Cap"
"fi","ALEX","Alexandria Oyj","10","21.5364160808","24.9887570753","78","84","Adventurous","Small Cap"
"se","BETS B","Betsson AB","0","19.3842996408","24.2444370641","77","97","Adventurous","Mid Cap"
"gb","JET2","Jet2","0.30651341","11.1385422165","29.7863513794","76","86","Adventurous","Large Cap"
"de","ALXA","Alexanderwerk AG","6.0240963855","14.2854452869","35.680887727","75","94","Speculative","Small Cap"
"it","DAN","Danieli & C Officine Meccaniche SpA","0.8378378378","10.5844872175","11.1524930388","75","81","Balanced","Mid Cap"
"gb","N91","Ninety One","7.2480848556","24.2619661794","45.7055214724","74","91","Balanced","Mid Cap"
"gb","NXQ","Nexteq","2.4452788104","15.3206411949","14.1006728778","74","93","Adventurous","Small Cap"
"se","RATO B","Ratos AB","3.280839895","10.1727049205","10.7219987296","73","80","Adventurous","Mid Cap"
"fr","VRLA","Verallia SA","5.9130913091","11.2300835084","49.1811855805","73","95","Balanced","Large Cap"
"it","ZV","Zignago Vetro SpA","6.2292358804","25.757788475","34.0571886513","73","98","Balanced","Mid Cap"
"gb","SOM","Somero Enterprises","6.9931908405","18.8120862642","34.8937709293","73","83","Adventurous","Small Cap"
"no","2020","2020 Bulkers","3.623285714","49.3557978196","31.9544364508","73","87","Adventurous","Small Cap"
"gb","BPM","B.P. Marsh & Partners","1.0307692308","60.5158187009","20.3143957125","72","93","Conservative","Small Cap"
"gb","FDM","FDM (Holdings)","8.8452088452","14.8223669436","50.9964096726","72","97","Adventurous","Mid Cap"
"fr","ML","Compagnie Generale des Etablissements Michelin SCA","3.6115569823","10.7645626786","11.3104234992","72","80","Balanced","Large Cap"
"gb","DOCS","Dr Martens","3.1775700935","15.9046858967","17.9181771103","71","92","Speculative","Mid Cap"
"it","MN","Arnoldo Mondadori Editore SpA","2.5","12.1111439015","23.1544620133","71","80","Balanced","Mid Cap"
"pt","MAR","Martifer SGPS SA","0","21.3227379291","43.5250555702","71","81","Speculative","Small Cap"
"be","MOUR","Moury Construct SA","1.4392523364","21.8031511078","25.9118306775","70","97","Adventurous","Small Cap"
"be","PAY","Payton Planar Magnetics","4.9135366634","31.4622752115","23.4968408438","70","96","Adventurous","Small Cap"
"de","NLM","Frosta AG","2.9197080292","15.3602927378","15.5680984288","70","99","Balanced","Mid Cap"
"se","AMBEA","Ambea AB (publ)","1.9907100199","13.1637168142","10.361395446","69","88","Adventurous","Mid Cap"
"gb","CFX","Colefax","0.3157894737","10.2825633553","19.4010080124","69","90","Balanced","Small Cap"
"gb","ASHM","Ashmore","9.4730941704","52.8311965812","11.1903952883","68","89","Adventurous","Mid Cap"
"gb","CLIG","City of London Investment","8.8467899044","29.8218170959","11.3928346662","68","95","Balanced","Small Cap"
"fr","ABCA","ABC Arbitrage SA","7.5282308657","50.1883759482","10.3960083769","67","94","Conservative","Small Cap"
"be","VAN","Van de Velde NV","5.308056872","19.4677533094","20.1345978828","67","93","Balanced","Small Cap"
"no","EPR","Europris ASA","4.4247787611","18.5380110847","25.5611003569","66","92","Balanced","Mid Cap"
"be","FLUX","Fluxys Belgium NV","5.730994152","28.929398031","12.326128246","66","86","Conservative","Mid Cap"
"it","BZU","Buzzi SpA","1.6042780749","11.932143892","18.3540410384","66","94","Balanced","Large Cap"
"de","ACT","AlzChem AG","2.5263157895","13.9406828286","23.7078532605","66","98","Adventurous","Mid Cap"
"es","MCM","Miquel y Costas & Miquel SA","3.3311111111","17.1528422114","12.4699301679","66","92","Conservative","Mid Cap"
"gb","KETL","Strix","0","20.4584122944","41.0602739379","65","93","Speculative","Small Cap"
"se","ITAB","ITAB Shop Concept AB","2.9411764706","11.884057971","10.8719910729","65","88","Speculative","Mid Cap"
"fr","SK","SEB SA","2.4904942966","10.5583312516","12.13092097","65","81","Balanced","Large Cap"
"fr","DKUPL","Adl Partner SA","2.8729281768","10.6034197794","42.9953694105","65","94","Adventurous","Small Cap"
"no","NORAM","Noram Drilling AS","2.9906941933","30.3655836233","13.8498730811","64","90","Highly Speculative","Small Cap"
"de","S9I","Stemmer Imaging AG","7.6056338028","17.4780718195","15.6408907592","64","88","Adventurous","Small Cap"
"ch","CFT","Compagnie financiere Tradition SA","4.1958041958","11.6049206777","22.9763748678","64","84","Conservative","Mid Cap"
"se","BERNER B","Berner Industrier AB","3.5340314136","12.1583802756","20.329640807","64","90","Highly Speculative","Small Cap"
"dk","HLUN A","H Lundbeck A/S","2.0989505247","20.56459615","11.1297938501","64","98","Balanced","Large Cap"
"se","ARPL","Arla Plast AB","2.34082397","16.464077478","14.3886171632","63","95","Adventurous","Small Cap"
"no","ABG","ABG Sundal Collier Holding ASA","8.0906148867","15.3831805015","21.9304173047","63","93","Balanced","Small Cap"
"de","FNTN","freenet AG","0","13.2514077005","12.0416055474","63","94","Balanced","Large Cap"
"es","CBAV","Clinica Baviera SA","5.7090909091","19.8763270874","42.2059618809","62","96","Adventurous","Mid Cap"
"gb","PLUS","Plus500","2.7389970949","46.9154502892","36.6682429237","62","94","Balanced","Mid Cap"
"fi","TITAN","Titanium Oyj","9.5473251029","45.2781063259","39.7230590566","62","89","Balanced","Small Cap"
"es","YHSP","Hispanotels Inversiones SOCIMI SA","4.1107936508","81.0873931579","12.481935387","61","96","Balanced","Small Cap"
"it","BEC","B&C Speakers SpA","4.6666666667","18.7278134925","28.25950476","61","87","Balanced","Small Cap"
"gb","IPX","Impax Asset Management","6.9609079445","28.5160033304","34.2364034349","61","91","Speculative","Mid Cap"
"se","FMM B","FM Mattsson AB (publ)","4.7169811321","11.2599121448","11.367816092","61","95","Adventurous","Small Cap"
"gb","REC","Record","7.0769230769","26.0436744597","34.9375166179","61","99","Adventurous","Small Cap"
"de","AAD","Amadeus Fire AG","4.5955882353","15.2944525639","22.4662589468","60","90","Balanced","Mid Cap"
"de","MBH3","Maschinenfabrik Berthold Hermle AG","6.8409090909","11.1894259887","24.9484421476","60","97","Balanced","Mid Cap"
"gb","IGG","IG group","5.4885404101","11.2148584188","15.6668138949","59","86","Conservative","Large Cap"
"ch","VBSN","IVF Hartmann Holding AG","6.3565891473","21.2263353903","10.2681249555","59","92","Balanced","Small Cap"
"gb","PAY","PayPoint","0","12.332268162","30.6491922671","59","96","Balanced","Mid Cap"
"nl","VPK","Koninklijke Vopak NV","3.3237747654","31.1307519641","14.6812931909","59","87","Balanced","Large Cap"
"it","OMER","Omer Spa","1.5584415584","25.1258574275","16.1734994295","59","90","Adventurous","Small Cap"
"be","SMAR","Smartphoto NV","2.6824817518","11.0076797766","14.1501822898","58","99","Balanced","Small Cap"
"se","RUG","Rugvista AB (publ)","3.3457249071","18.7503224438","12.3260664801","58","97","Speculative","Small Cap"
"de","WSU","Washtec AG","5.6555269923","11.4458369798","30.6586440791","57","94","Speculative","Mid Cap"
"ch","BBN","Bellevue AG","6.5527065527","10.4228482262","11.8764993856","56","88","Adventurous","Small Cap"
"be","EVS","Evs Broadcast Equipment SA","2.6101694915","18.8745373605","20.1291236482","55","96","Balanced","Small Cap"
"se","ZZ B","Zinzino AB","4.4444444444","10.0017640812","69.121804964","54","98","Speculative","Small Cap"
"se","SLEEP","Sleep Cycle AB (publ)","6.3360881543","26.7437365313","40.8402881084","54","99","Speculative","Small Cap"
"gb","CBOX","Cake Box Holdings","5.2173913043","13.0271243516","25.1548796505","54","93","Speculative","Small Cap"
"fr","ALDLT","Delta Plus SA","1.6983695652","15.4290062178","16.3538619926","54","92","Adventurous","Mid Cap"
"fi","KCR","Konecranes Abp","2.5","11.0600236175","19.2977057476","54","92","Adventurous","Large Cap"
"no","CAMBI","Cambi ASA","7.2463768116","14.7786259542","37.5433975817","53","87","Speculative","Small Cap"
"de","PSG","PharmaSGP Holding SE","5.9649122807","24.4386865872","46.4146591492","53","99","Adventurous","Small Cap"
"gb","BOY","Bodycote","3.1053351573","13.6074766355","10.8926639944","53","99","Balanced","Mid Cap"
"gb","CKN","Clarkson","2.4817518248","22.5993118549","19.4363910472","52","96","Balanced","Mid Cap"
"no","KID","Kid ASA","4.2059219381","21.370129116","26.7999266165","51","98","Adventurous","Mid Cap"
"gb","ASY","Andrews Sykes","4.6666666667","26.5229151587","33.7678389762","51","94","Balanced","Small Cap"
"gb","WISE","Wise","0","229.12270764","45.5549845838","51","83","Speculative","Large Cap"
"fr","LIN","Linedata Services SA","2.5964391691","17.3375525124","24.0581214323","51","98","Adventurous","Small Cap"
"se","HPOL B","Hexpol AB","4.9019607843","11.924372894","16.3576525791","50","83","Balanced","Large Cap"
"gb","DNLM","Dunelm","3.8391224863","12.5753146811","84.6872346448","50","93","Adventurous","Mid Cap"
"se","NEWA B","New Wave AB","3.0250648228","11.6381793739","15.7455594306","50","88","Speculative","Mid Cap"
"gb","IGP","Intercede","0","46.440915694","59.6100554236","49","99","Speculative","Small Cap"
"gb","MEGP","ME International","4.2716763006","11.3188784595","34.7459341579","49","96","Adventurous","Mid Cap"
"se","INVE B","Investor AB","1.6617621603","25.5585538347","22.6313580555","48","85","Conservative","Large Cap"
"gb","GSK","GSK","3.6680136773","17.2251138582","34.9493374903","48","86","Conservative","Large Cap"
"ch","JFN","Jungfraubahn Holding AG","3.3924843424","21.9681734231","12.2675594615","47","85","Conservative","Mid Cap"
"fr","ALVU","Vente-Unique.Com SA","2.7184466019","10.0268697924","19.7147895636","47","90","Adventurous","Small Cap"
"se","ESSITY B","Essity AB (publ)","2.7937995674","11.5243292994","12.6503426134","47","96","Conservative","Large Cap"
"gb","RKT","Reckitt Benckiser","4.3316831683","14.9722735675","18.2661673467","47","83","Conservative","Large Cap"
"fi","ICP1V","Incap Oyj","0","15.7019012505","19.0287831948","47","90","Speculative","Small Cap"
"it","RWAY","Rai Way SpA","6.4183266932","33.2738338379","42.2551461719","46","98","Conservative","Mid Cap"
"gb","MONY","MONY","5.3492484527","21.1062254108","33.8769804287","46","99","Balanced","Mid Cap"
"it","DLG","De' Longhi SpA","2.0414381475","15.5242296455","16.0501703621","46","89","Adventurous","Large Cap"
"fi","ALMA","Alma Media Oyj","4.4117647059","19.162851537","24.8821019537","45","84","Balanced","Mid Cap"
"it","CMB","Cembre SpA","4.7058823529","11.6045310962","20.2117811298","44","99","Balanced","Mid Cap"
"se","CLAS B","Clas Ohlson AB","2.3545706371","13.3855882094","30.9489761767","43","91","Adventurous","Mid Cap"
"gb","CMCX","CMC Markets","2.5656877898","18.0925708344","12.0605832995","43","97","Speculative","Mid Cap"
"gb","JHD","James Halstead","4.4959128065","18.2725785622","26.8541990845","43","98","Balanced","Mid Cap"
"de","EKT","Energiekontor AG","1.7777777778","42.571071721","53.9448127622","43","94","Adventurous","Mid Cap"
"dk","CARL B","Carlsberg A/S","3.1424581006","10.0074743494","25.2466627974","43","83","Conservative","Large Cap"
"gb","SXS","Spectris","2.7711686494","11.7651117858","10.563789596","42","98","Balanced","Large Cap"
"se","PACT","Proact IT AB","1.287001287","11.6955408685","20.2914935707","42","85","Adventurous","Small Cap"
"es","APG","Axon Partners SA","4.3448275862","22.5889814041","22.1933990684","41","84","Adventurous","Small Cap"
"gb","MSI","MS International","1.5763546798","30.5374214281","17.0946713713","41","92","Speculative","Small Cap"
"gb","NICL","Nichols","4.231884058","11.4401344727","19.7358097142","41","91","Balanced","Mid Cap"
"gb","ELIX","Elixirr International","2.6428571429","19.4050183385","15.9998514923","41","86","Speculative","Small Cap"
"gb","TFW","FW Thorpe","2.0123076923","15.2978494442","14.1123039338","40","98","Balanced","Mid Cap"
"fr","CDI","Christian Dior SE","1.8731988473","12.2920850115","31.0809811414","40","94","Balanced","Large Cap"
"de","FPE3","Fuchs Se","2.5623268698","12.0304998588","15.2144591314","40","96","Balanced","Large Cap"
"de","SIE","Siemens AG","2.7478952292","12.8159679408","15.7906254103","40","93","Balanced","Large Cap"
"de","TMV","TeamViewer SE","0","33.6005086063","131.205414834","39","89","Speculative","Mid Cap"
"se","COIC","Concentric AB","2.2228033473","11.614800294","17.3798551679","39","89","Adventurous","Mid Cap"
"gb","NXT","Next","2.2277227723","16.5397923875","65.4377880184","38","92","Balanced","Large Cap"
"fi","ELISA","Elisa Oyj","5.2496500233","16.6000091941","27.1642454788","38","93","Conservative","Large Cap"
"fr","CAP","Capgemini SE","1.8176958033","10.0612734215","16.4808483227","38","95","Balanced","Large Cap"
"no","BOUV","Bouvet ASA","4.1733547352","10.8402662692","59.8859439446","38","87","Balanced","Mid Cap"
"se","NORVA","Norva24 AB (publ)","0","12.14410046","10.8025388224","38","87","Adventurous","Mid Cap"
"ch","ROG","Roche Holding AG","3.7974683544","19.4938347299","40.1277330867","37","88","Conservative","Large Cap"
"ch","SGSN","SGS SA","7.881773399","12.4433705829","96.9325153374","37","83","Conservative","Large Cap"
"de","OSP2","USU Software AG","2.9891304348","10.6776655042","10.1579410173","36","90","Adventurous","Small Cap"
"fr","GET","Getlink SE","3.4569453174","48.7698195735","13.3042354197","36","87","Conservative","Large Cap"
"gb","XPS","XPS Pensions","2.8865979381","17.7629467688","32.3251914137","36","83","Balanced","Mid Cap"
"de","SSH","Suedwestdeutsche Salzwerke AG","2.2448979592","19.0831351246","13.2568316957","35","83","Speculative","Mid Cap"
"es","AENA","Aena SME SA","4.0744680851","22.7644265954","23.847763914","34","95","Balanced","Large Cap"
"se","SYSR","Systemair AB","1.4457831325","10.8774048268","11.833712149","34","84","Speculative","Mid Cap"
"de","IVU","Ivu Traffic Technologies AG","1.8772563177","12.6922560412","15.3461096509","34","95","Balanced","Small Cap"
"be","FAGR","Fagron NV","1.171875","11.2924005657","16.2495278108","34","93","Balanced","Mid Cap"
"gb","HILS","Hill & Smith","2.2006141249","12.0149433598","16.7907260525","33","98","Balanced","Mid Cap"
"se","HM B","H & M Hennes & Mauritz AB","3.3678756477","10.2409382026","19.1685489286","33","91","Adventurous","Large Cap"
"gb","WEIR","Weir","1.884765625","11.6691957511","13.4180253491","33","92","Balanced","Large Cap"
"gb","ULVR","Unilever","3.2650848899","12.8867190121","34.9486841042","33","90","Conservative","Large Cap"
"gb","WIL","Wilmington","2.641025641","23.8404815377","22.9732786197","33","95","Adventurous","Small Cap"
"fr","ANTIN","Antin Infrastructure Partners SAS","6.037414966","42.6113947141","15.4002226692","33","95","Speculative","Mid Cap"
"gb","BA.","BAE Systems","2.2181146026","12.1457665309","17.057040507","32","89","Conservative","Large Cap"
"gb","ALPH","Alpha International","0.6611570248","68.4540301697","48.5572231774","32","91","Adventurous","Mid Cap"
"fr","VETO","Vetoquinol SA","0.8835758836","13.2977246061","10.9849503353","32","96","Adventurous","Mid Cap"
"dk","ROCK B","Rockwool A/S","1.5554884022","11.3017429194","15.535746771","32","97","Adventurous","Large Cap"
"gb","CHRT","Cohort","1.7665816327","12.3412678527","14.7041216771","31","92","Adventurous","Small Cap"
"se","SINT","SinterCast AB","5.0205761317","34.8571428571","35.5124420076","31","99","Adventurous","Small Cap"
"gb","HL.","Hargreaves Lansdown","3.6858271172","39.6521969999","45.8023379384","31","91","Adventurous","Large Cap"
"fi","PUUILO","Puuilo Oyj","3.6786060019","15.7505910165","48.0446927374","31","94","Adventurous","Mid Cap"
"se","VBG B","VBG AB (publ)","1.4767932489","10.3794714287","16.7793384196","31","98","Balanced","Mid Cap"
"fr","IPN","Ipsen SA","1.0273972603","21.068231309","17.215309937","30","80","Balanced","Large Cap"
"se","SAND","Sandvik AB","2.5310630465","10.6618916467","14.1784727791","30","87","Balanced","Large Cap"
"ch","BOSN","Bossard Holding AG","1.8735362998","11.1626453728","20.0796541107","30","93","Adventurous","Mid Cap"
"fr","WAVE","Wavestone SA","0.7116104869","11.4087890268","13.4019407817","30","96","Adventurous","Mid Cap"
"fi","GOFORE","Gofore Oyj","1.974789916","11.757901631","18.8106307837","30","99","Adventurous","Small Cap"
"gb","IMI","IMI","1.5549450549","12.9007285974","24.5169955574","30","98","Balanced","Large Cap"
"se","BAHN B","Bahnhof AB (publ)","4.0444893832","14.6551056098","36.3417876235","30","99","Speculative","Mid Cap"
"fr","BVI","Bureau Veritas SA","3.0832095097","11.2836156652","26.5230898847","30","96","Conservative","Large Cap"
"gb","FSG","Foresight group","4.7537473233","34.033591864","12.5775873822","30","99","Adventurous","Mid Cap"
"ch","NOVN","Novartis AG","3.724636173","21.6349276182","19.8552336102","29","92","Conservative","Large Cap"
"at","FLU","Flughafen Wien AG","2.6506024096","25.3510156955","12.7730495389","29","97","Balanced","Large Cap"
"gb","ITRK","Intertek","2.3377982419","12.5604590381","22.811996625","29","80","Conservative","Large Cap"
"de","YSN","Secunet Security Networks AG","1.7933130699","10.9397411244","21.9720714244","29","91","Speculative","Mid Cap"
"ch","FHZN","Flughafen Zuerich AG","2.6781202628","20.4723772547","11.097127223","29","89","Conservative","Large Cap"
"dk","PNDORA","Pandora A/S","1.686972821","21.5350274725","104.5252306023","29","90","Adventurous","Large Cap"
"fr","EQS","Equasens SA","2.2810218978","17.882231969","23.0029433911","28","90","Adventurous","Mid Cap"
"fr","LR","Legrand SA","2.2262462718","20.737982065","15.5166102985","28","86","Conservative","Large Cap"
"gb","FNX","Fonix Mobile","3.2215053763","22.4055519168","103.740782604","28","98","Adventurous","Small Cap"
"se","BUFAB","Bufab AB (publ)","1.2709710219","15.65794149","14.8945329316","28","81","Speculative","Mid Cap"
"se","RVRC","RVRC Holding AB","1.7901748543","14.3732590529","25.636672326","28","88","Speculative","Mid Cap"
"ch","NESN","Nestle SA","3.2017075774","10.4711929289","28.8430857907","27","87","Conservative","Large Cap"
"gb","AJB","AJ Bell","2.904040404","43.0747894272","49.6239913358","27","95","Adventurous","Mid Cap"
"se","THULE","Thule AB","3.2203389831","18.1857173493","15.6543519098","27","96","Adventurous","Mid Cap"
