"Flag","Ticker","Name","Yield TTM (%)","FCF / Sales TTM (%)","ROE TTM (%)","Value Rank","Quality Rank","Risk Rating","Size Group"
"no","EQNR","Equinor ASA","13.5031499689","13.2206498952","23.1952223892","92","84","Balanced","Large Cap"
"se","SSAB A","SSAB AB","6.1621888095","12.4747884743","19.30265117","91","87","Adventurous","Large Cap"
"no","AKRBP","Aker BP ASA","9.0088888933","14.6080073739","10.7762472052","89","94","Adventurous","Large Cap"
"dk","HLUN A","H Lundbeck A/S","2.3194168323","17.9740859783","10.6949374183","63","99","Adventurous","Large Cap"
"fi","KCR","Konecranes Abp","2.786377709","12.729748128","18.2052382997","61","87","Adventurous","Large Cap"
"se","INDU A","Industrivarden AB","2.2155517439","22.2120356449","19.4479460987","58","80","Conservative","Large Cap"
"se","HPOL B","Hexpol AB","4.9668874172","15.9892951102","17.8097657353","54","84","Balanced","Large Cap"
"se","HM B","H & M Hennes & Mauritz AB","4.6033994334","10.5852945538","17.8110627213","48","92","Adventurous","Large Cap"
"no","SALM","SalMar ASA","5.3912507702","24.6181650661","12.9709453626","41","98","Adventurous","Large Cap"
"dk","ROCK B","Rockwool A/S","1.9035446819","10.5248618785","14.4502228826","40","98","Adventurous","Large Cap"
"fi","ELISA","Elisa Oyj","5.2557813595","15.7349231828","29.5794079388","37","88","Conservative","Large Cap"
"dk","CARL B","Carlsberg A/S","2.8107432854","10.0074743494","25.2466627974","36","83","Conservative","Large Cap"
"fi","WRT1V","Wartsila Oyj Abp","2.2068965517","11.2053200333","11.8402937127","34","96","Adventurous","Large Cap"
"se","SAND","Sandvik AB","2.3850823938","10.6266254555","18.1217354227","32","92","Balanced","Large Cap"
"se","ALFA","Alfa Laval AB","1.9628369537","10.5805214","17.4825657668","24","93","Balanced","Large Cap"
"dk","PNDORA","Pandora A/S","1.5631784629","20.9553596815","75.7067561092","23","91","Adventurous","Large Cap"
