"Flag","Ticker","Name","Yield TTM (%)","FCF / Sales TTM (%)","ROE TTM (%)","Value Rank","Quality Rank","Risk Rating","Size Group"
"se","LINKAB","Link Prop Investment AB (publ)","5.5172413793","45.6579162506","12.8713494195","61","80","Balanced","Micro Cap"
"fi","AALLON","Aallon Oyj","2.5","13.308346719","12.7780599289","54","94","Conservative","Micro Cap"
"se","ARCOMA","Arcoma AB","0","10.5759741704","25.2637673058","53","95","Speculative","Micro Cap"
"no","CONTX","ContextVision AB","0","35.3383794405","40.4463644691","48","95","Speculative","Micro Cap"
"fi","HEEROS","Heeros Oyj","0","10.448002143","10.4086981159","28","80","Speculative","Micro Cap"
"se","GENI","Generic Sweden AB (publ)","3.3407572383","20.7951396291","47.6886200205","27","91","Speculative","Micro Cap"
"se","SKMO","Skane mollan AB","2.641509434","10.279270766","10.2639894668","23","83","Highly Speculative","Micro Cap"
"se","UPSALE","Upsales Technology AB","4.2372881356","10.2604240992","156.2231064669","22","96","Speculative","Micro Cap"
