"Flag","Ticker","Name","Yield TTM (%)","FCF / Sales TTM (%)","ROE TTM (%)","Value Rank","Quality Rank","Risk Rating","Size Group"
"no","HAUTO","Hoegh Autoliners ASA","27.8889596977","40.58770735","51.0271863701","99","91","Speculative","Mid Cap"
"no","MPCC","Mpc Container Ships ASA","28.4740540516","32.1757823378","37.333702552","95","88","Speculative","Mid Cap"
"no","BWLPG","BW LPG","19.596848965","22.0788169344","31.7314315046","95","97","Speculative","Mid Cap"
"no","KCC","Klaveness Combination Carriers ASA","11.8154018682","39.053569768","25.1377482067","85","81","Adventurous","Mid Cap"
"se","DUNI","Duni AB","4.835589942","10.9923462655","11.4035087719","82","91","Adventurous","Mid Cap"
"dk","UIE","Uie","9.064565215","23.2274711915","16.7517244844","79","92","Conservative","Mid Cap"
"no","WWI","Wilh Wilhelmsen Holding ASA","3.8566370177","13.786407767","18.8411509657","79","85","Balanced","Mid Cap"
"se","BETS B","Betsson AB","0","19.3842996408","24.2444370641","77","97","Adventurous","Mid Cap"
"se","RATO B","Ratos AB","3.280839895","10.1727049205","10.7219987296","73","80","Adventurous","Mid Cap"
"se","AMBEA","Ambea AB (publ)","1.9907100199","13.1637168142","10.361395446","69","88","Adventurous","Mid Cap"
"no","EPR","Europris ASA","4.4247787611","18.5380110847","25.5611003569","66","92","Balanced","Mid Cap"
"se","ITAB","ITAB Shop Concept AB","2.9411764706","11.884057971","10.8719910729","65","88","Speculative","Mid Cap"
"no","KID","Kid ASA","4.2059219381","21.370129116","26.7999266165","51","98","Adventurous","Mid Cap"
"se","NEWA B","New Wave AB","3.0250648228","11.6381793739","15.7455594306","50","88","Speculative","Mid Cap"
"fi","ALMA","Alma Media Oyj","4.4117647059","19.162851537","24.8821019537","45","84","Balanced","Mid Cap"
"se","CLAS B","Clas Ohlson AB","2.3545706371","13.3855882094","30.9489761767","43","91","Adventurous","Mid Cap"
"se","COIC","Concentric AB","2.2228033473","11.614800294","17.3798551679","39","89","Adventurous","Mid Cap"
"no","BOUV","Bouvet ASA","4.1733547352","10.8402662692","59.8859439446","38","87","Balanced","Mid Cap"
"se","NORVA","Norva24 AB (publ)","0","12.14410046","10.8025388224","38","87","Adventurous","Mid Cap"
"se","SYSR","Systemair AB","1.4457831325","10.8774048268","11.833712149","34","84","Speculative","Mid Cap"
"fi","PUUILO","Puuilo Oyj","3.6786060019","15.7505910165","48.0446927374","31","94","Adventurous","Mid Cap"
"se","VBG B","VBG AB (publ)","1.4767932489","10.3794714287","16.7793384196","31","98","Balanced","Mid Cap"
"se","BAHN B","Bahnhof AB (publ)","4.0444893832","14.6551056098","36.3417876235","30","99","Speculative","Mid Cap"
"se","BUFAB","Bufab AB (publ)","1.2709710219","15.65794149","14.8945329316","28","81","Speculative","Mid Cap"
"se","RVRC","RVRC Holding AB","1.7901748543","14.3732590529","25.636672326","28","88","Speculative","Mid Cap"
"se","THULE","Thule AB","3.2203389831","18.1857173493","15.6543519098","27","96","Adventurous","Mid Cap"
"se","BEIA B","Beijer Alma AB","1.742081448","10.0557063277","13.6752136752","26","96","Adventurous","Mid Cap"
"se","TRUE B","Truecaller AB","4.6857772878","30.5167833038","31.460688038","25","85","Highly Speculative","Mid Cap"
"fi","MEKKO","Marimekko Oyj","2.5377229081","16.1153793854","39.2419925483","24","97","Adventurous","Mid Cap"
"se","PDX","Paradox Interactive AB (publ)","2.2288261516","23.8383087336","20.59952968","22","97","Adventurous","Mid Cap"
"se","BIOG B","Biogaia AB","5.4545454545","24.8674144413","17.4505584589","21","99","Adventurous","Mid Cap"
