"Flag","Ticker","Name","Yield TTM (%)","FCF / Sales TTM (%)","ROE TTM (%)","Value Rank","Quality Rank","Risk Rating","Size Group"
"se","EMBELL","Embellence AB (publ)","0","12.5630006065","13.1445561682","76","94","Adventurous","Micro Cap"
"se","ARCOMA","Arcoma AB","0","13.8614728216","24.7993886129","71","95","Speculative","Micro Cap"
"se","TRAN A","Transferator AB (publ)","20.7920792079","206.7571903869","73.1424695475","70","87","Highly Speculative","Micro Cap"
"se","FABLE","Fable Media AB","0","48.5507325072","36.7560723787","63","85","Highly Speculative","Micro Cap"
"fi","AALLON","Aallon Oyj","2.7027027027","13.308346719","12.7780599289","55","94","Conservative","Micro Cap"
"no","CONTX","ContextVision AB","0","27.3777681854","24.1057516898","34","98","Speculative","Micro Cap"
"se","CDMIL","CodeMill AB (publ)","0","18.8859758061","13.9966532867","25","82","Highly Speculative","Micro Cap"
"se","AVT B","AVTECH Sweden AB (publ)","2.5906735751","28.394440918","26.8418069307","21","84","Highly Speculative","Micro Cap"
