"Flag","Ticker","Name","Yield TTM (%)","FCF / Sales TTM (%)","ROE TTM (%)","Value Rank","Quality Rank","Risk Rating","Size Group"
"no","AKRBP","Aker BP ASA","10.2435203438","13.160013902","14.7565090016","92","88","Adventurous","Large Cap"
"fi","CGCBV","Cargotec","4.2718060799","14.4218264066","17.865497076","70","96","Adventurous","Large Cap"
"se","HPOL B","Hexpol AB","5.6550424128","11.3154776013","16.9013126573","56","83","Balanced","Large Cap"
"dk","HLUN A","H Lundbeck A/S","1.8348623853","19.970006289","11.5461892218","56","99","Balanced","Large Cap"
"fi","KEMIRA","Kemira Oyj","1.5111111111","10.3787129503","10.8160309029","50","82","Balanced","Large Cap"
"no","SALM","SalMar ASA","6.5237651445","21.1171153066","20.9699976733","48","97","Adventurous","Large Cap"
"no","TEL","Telenor ASA","3.3161385409","25.0202026481","13.1841893916","40","93","Conservative","Large Cap"
"se","ESSITY B","Essity AB (publ)","2.4634456453","12.6770290988","13.0533322973","40","96","Conservative","Large Cap"
"se","HM B","H & M Hennes & Mauritz AB","1.780334155","12.0263827954","25.8934905737","31","91","Adventurous","Large Cap"
"dk","GMAB","Genmab A/S","0","34.3491327042","18.4247538678","30","97","Balanced","Large Cap"
"dk","ROCK B","Rockwool A/S","1.4094878182","12.8552456839","16.9725604216","30","97","Adventurous","Large Cap"
"se","EVO","Evolution AB (publ)","3.0102892641","59.5328341796","30.8330239938","29","94","Adventurous","Large Cap"
"dk","DEMANT","Demant A/S","0","13.461452514","28.7466753515","26","86","Adventurous","Large Cap"
"dk","PNDORA","Pandora A/S","1.5490533563","20.4320432043","116.260064896","24","84","Adventurous","Large Cap"
"fi","ELISA","Elisa Oyj","2.3313905079","15.8562271062","33.9393381507","23","88","Conservative","Large Cap"
"fi","WRT1V","Wartsila Oyj Abp","0.7936507937","15.4696132597","17.7453518475","22","93","Adventurous","Large Cap"
