"Flag","Ticker","Name","Yield TTM (%)","FCF / Sales TTM (%)","ROE TTM (%)","Value Rank","Quality Rank","Risk Rating","Size Group"
"de","TPG","Platform AG","0","17.4352049816","85.6980869887","97","83","Speculative","Small Cap"
"no","BWLPG","BW LPG","22.7703818452","18.6851398364","33.2065184151","96","93","Speculative","Mid Cap"
"dk","PARKEN","Parken Sport & Entertainment A/S","8.6956521739","19.0041962646","33.1336922354","96","83","Balanced","Small Cap"
"fr","ELEC","Electricite de Strasbourg SA","8.0751173709","17.1240878871","30.3048502872","95","95","Conservative","Mid Cap"
"de","HXCK","Ernst Russ AG","17.1232876712","20.8271413829","41.5618048183","95","94","Speculative","Small Cap"
"gb","BILN","Billington Holdings","6.5346534653","10.6045133103","23.2922427297","93","93","Adventurous","Small Cap"
"no","MPCC","Mpc Container Ships ASA","24.1509521627","27.9804107055","31.5957372764","93","80","Speculative","Mid Cap"
"nl","VTA","Volta Finance","9.9074074074","85.1831527608","19.2261500357","93","89","Conservative","Small Cap"
"no","AKRBP","Aker BP ASA","10.2435203438","13.160013902","14.7565090016","92","88","Adventurous","Large Cap"
"gb","BGLF","Blackstone Loan Financing","12.7289855072","83.4328357965","19.0649893107","91","91","Conservative","Small Cap"
"it","TEN","Tenaris SA","6.4792059604","24.4016411167","16.93943922","91","83","Adventurous","Large Cap"
"gb","SHOE","Shoe Zone","6.5142857143","16.1028181431","43.2489642868","90","89","Speculative","Small Cap"
"fr","ALGIL","Groupe Guillin SA","3.7671232877","11.8113582926","13.5541262099","90","95","Balanced","Mid Cap"
"no","SNI","Stolt-Nielsen","3.9946478878","12.8505771102","20.5054082252","90","81","Adventurous","Mid Cap"
"de","FEV","Fortec Elektronik AG","4.4270833333","11.7643168893","13.6000732467","90","93","Adventurous","Small Cap"
"gb","LIV","Livermore Investments","0","118.6676638095","10.5386967772","89","89","Balanced","Small Cap"
"no","KCC","Klaveness Combination Carriers ASA","14.1758451488","37.6008915839","25.7702632317","89","81","Adventurous","Mid Cap"
"gb","DOCS","Dr Martens","4.7574626866","15.9046858967","17.9181771103","89","92","Speculative","Mid Cap"
"no","HAUTO","Hoegh Autoliners ASA","26.081426253","37.1927076999","51.4872387462","89","84","Speculative","Mid Cap"
"es","A3M","Atresmedia Corporacion de Medios de Comunicacion SA","5.1172707889","21.0753216452","24.5285648154","88","96","Balanced","Mid Cap"
"no","RANA","Rana Gruber ASA","16.1285500747","29.8398813566","62.43431671","88","86","Adventurous","Small Cap"
"it","DIS","d'Amico International Shipping SA","3.7386689917","40.1961001265","34.073660202","88","89","Adventurous","Mid Cap"
"gb","NXQ","Nexteq","3.2458752428","19.5203642898","12.9316587953","87","94","Speculative","Small Cap"
"fr","MMT","Metropole Television SA","10.0806451613","11.5726343847","17.7980510056","87","92","Balanced","Mid Cap"
"de","HP3A","Ringmetall SE","3.2573289902","11.3184926524","13.8666598705","87","88","Adventurous","Small Cap"
"fr","VIL","Viel et Compagnie SA","3.7209302326","10.1459371563","23.5962860259","86","83","Conservative","Mid Cap"
"gb","AEP","Anglo-Eastern Plantations","1.8274533195","13.3454868928","11.5246352294","86","89","Balanced","Small Cap"
"es","AZK","Azkoyen SA","5.6803797468","12.1441389261","15.151433812","85","98","Balanced","Small Cap"
"no","2020","2020 Bulkers","7.6487807647","43.6022819886","50.4276211593","85","86","Adventurous","Small Cap"
"gb","CARD","Card Factory","3.9893617021","15.1497357604","16.9520547945","85","98","Speculative","Mid Cap"
"gb","MER","Mears","3.6636245111","10.5047611803","20.769758463","85","82","Balanced","Mid Cap"
"gb","OCN","Ocean Wilsons Holdings","4.7472719941","21.7531279725","10.7097144811","83","96","Balanced","Mid Cap"
"it","GE","Gefran SpA","4.9881235154","12.1581952246","12.2654097796","82","93","Balanced","Small Cap"
"it","IWB","Italian Wine Brands S.P.A.","2.2522522523","14.0729958379","10.0677933815","82","83","Balanced","Small Cap"
"de","EIN","Einhell Germany AG","1.6753206239","14.9650816393","15.8671734005","82","87","Highly Speculative","Small Cap"
"es","NTH","Naturhouse Health SA","14.9700598802","40.4308925348","38.6501702688","81","94","Balanced","Small Cap"
"gb","SMIF","Twentyfour Select Monthly Income Fund","8.9227166276","42.6738695275","20.2136818984","81","87","Conservative","Small Cap"
"fr","BB","Societe BIC SA","7.0345963756","12.7182808974","11.924225625","81","96","Balanced","Mid Cap"
"it","FILA","FILA Fabbrica Italiana Lapis ed Affini SpA","1.3230429989","14.8879258388","35.8904681427","80","82","Balanced","Mid Cap"
"pt","MAR","Martifer SGPS SA","0","25.1870986853","39.889951148","80","84","Speculative","Small Cap"
"pt","NOS","Nos SGPS SA","6.9421487603","22.6432421178","26.9134108393","80","83","Conservative","Mid Cap"
"gb","ULTP","Ultimate Products","5.2669039146","12.4472029861","26.6686710764","80","98","Speculative","Small Cap"
"ch","GAV","Carlo Gavazzi Holding AG","3.4042553191","10.7424914636","13.7845563691","79","86","Balanced","Small Cap"
"gb","JET2","Jet2","1.815582559","10.9587070165","32.9740222195","78","82","Adventurous","Large Cap"
"gb","MPE","M P Evans","4.9001739411","26.0070224218","13.9291289466","77","92","Balanced","Mid Cap"
"gb","CAML","Central Asia Metals","8.4491574154","25.8162978433","10.7911657069","76","91","Adventurous","Mid Cap"
"gb","ECEL","Eurocell","3.3928571429","12.3102866779","11.568718186","75","92","Balanced","Small Cap"
"se","BETS B","Betsson AB","0","17.3999207293","23.0910281598","75","91","Adventurous","Mid Cap"
"de","NLM","Frosta AG","3.2520325203","11.0598371168","15.3174952999","75","97","Balanced","Small Cap"
"gb","N91","Ninety One","7.4141048825","24.2619661794","45.7055214724","73","92","Balanced","Mid Cap"
"ch","NEAG","Naturenergie Holding AG","2.4365211885","10.6546372375","11.2629480134","72","86","Speculative","Mid Cap"
"gb","CCJI","CC Japan Income and Growth Trust","2.9076086957","25.6114551084","24.4240760907","71","85","Conservative","Small Cap"
"be","FLUX","Fluxys Belgium NV","6.3430420712","28.929398031","12.326128246","71","86","Conservative","Mid Cap"
"gb","BPM","B.P. Marsh & Partners","1.0018691589","60.5158187009","20.3143957125","71","93","Conservative","Small Cap"
"es","MCM","Miquel y Costas & Miquel SA","3.7213877551","17.1528422114","12.4699301679","71","92","Conservative","Mid Cap"
"no","SBO","Selvaag Bolig ASA","2.8571428571","43.9769590473","11.4126548642","71","92","Balanced","Small Cap"
"de","ACT","AlzChem AG","2.6785714286","13.1424653648","28.3528022371","70","97","Adventurous","Mid Cap"
"se","EMBELL","Embellence AB (publ)","0","11.5789852391","13.0410435174","70","94","Adventurous","Small Cap"
"fi","CGCBV","Cargotec","4.2718060799","14.4218264066","17.865497076","70","96","Adventurous","Large Cap"
"gb","SOM","Somero Enterprises","7.350596995","14.1729997889","31.187171682","70","82","Adventurous","Small Cap"
"ch","BBN","Bellevue AG","6.9069069069","46.8234399182","12.5727580227","70","93","Adventurous","Small Cap"
"be","PAY","Payton Planar Magnetics","4.8073482868","27.9150677923","23.8155510169","69","98","Adventurous","Small Cap"
"gb","IGG","IG group","5.0630136986","38.0222422603","15.7629159089","69","95","Conservative","Large Cap"
"gb","RIO","Rio Tinto","6.3362052187","13.1755759008","20.1145231011","68","85","Balanced","Large Cap"
"de","AAD","Amadeus Fire AG","5.4525627045","15.0965159502","25.018335259","68","94","Balanced","Mid Cap"
"be","VAN","Van de Velde NV","5.7045840407","20.0425623725","20.2640661525","67","88","Balanced","Small Cap"
"fi","DIGIA","Digia Oyj","3.024911032","11.326757238","14.9859644525","67","92","Balanced","Small Cap"
"se","ARPL","Arla Plast AB","2.5510204082","16.3607483233","13.0824531819","67","81","Adventurous","Small Cap"
"it","BZU","Buzzi SpA","1.6675931073","11.3668246383","17.152706827","67","90","Balanced","Large Cap"
"gb","KETL","Strix","0","24.9022783114","17.9454988553","66","94","Speculative","Small Cap"
"be","MOUR","Moury Construct SA","1.3275862069","21.8031511078","25.9118306775","66","97","Adventurous","Small Cap"
"de","MZX","Masterflex SE","2.4630541872","10.0749775067","14.796707236","66","90","Adventurous","Small Cap"
"dk","UIE","Uie","5.8570806439","26.5102897886","16.062462382","66","92","Conservative","Mid Cap"
"gb","ALU","Alumasc","3.7587412587","10.4106270601","29.5116808636","65","87","Adventurous","Small Cap"
"fr","IPS","Ipsos SA","2.9464285714","11.5117441279","13.1347465432","65","93","Balanced","Mid Cap"
"no","WWI","Wilh Wilhelmsen Holding ASA","2.3083860516","12.6168224299","20.9742607956","65","85","Balanced","Mid Cap"
"se","RUG","Rugvista AB (publ)","4.118993135","14.9330789425","11.516119183","65","95","Speculative","Small Cap"
"de","MBH3","Maschinenfabrik Berthold Hermle AG","7.601010101","11.1894259887","24.9484421476","64","97","Balanced","Mid Cap"
"it","BEC","B&C Speakers SpA","4.6666666667","15.9161689511","39.7590073101","64","96","Balanced","Small Cap"
"de","FNTN","freenet AG","0","13.1921887841","17.9845846417","64","94","Balanced","Large Cap"
"gb","IPX","Impax Asset Management","7.4093959732","28.5160033304","34.2364034349","63","91","Speculative","Mid Cap"
"gb","REC","Record","7.3015873016","26.9668121116","32.3305380853","63","98","Adventurous","Small Cap"
"gb","FDM","FDM (Holdings)","7.3604060914","15.302065422","41.5073491798","63","83","Adventurous","Mid Cap"
"gb","CLIG","City of London Investment","8.274789851","29.8218170959","11.3928346662","63","97","Balanced","Small Cap"
"se","AMBEA","Ambea AB (publ)","1.6694490818","13.6030212797","11.7053264605","63","82","Adventurous","Mid Cap"
"se","BERNER B","Berner Industrier AB","3.562005277","12.1496685266","20.0180024516","63","97","Speculative","Small Cap"
"fr","DKUPL","Adl Partner SA","2.7368421053","10.6034197794","42.9953694105","61","94","Adventurous","Small Cap"
"it","ZV","Zignago Vetro SpA","7.0093457944","15.8749330449","21.4610820093","61","91","Balanced","Mid Cap"
"gb","LUCE","Luceco","3.2710280374","12.367816092","20.8784940103","61","82","Speculative","Small Cap"
"gb","PAY","PayPoint","5.5604075691","12.332268162","30.6491922671","60","98","Balanced","Mid Cap"
"no","CAMBI","Cambi ASA","7.1942446043","22.226450999","34.4220572641","60","80","Speculative","Small Cap"
"de","WSU","Washtec AG","5.9459459459","12.9843573413","42.5821796133","60","93","Speculative","Mid Cap"
"fr","ALDLT","Delta Plus SA","1.8768768769","15.4290062178","16.3538619926","59","92","Adventurous","Mid Cap"
"gb","PLUS","Plus500","2.5825670446","51.9777748379","39.3077696395","59","97","Balanced","Mid Cap"
"gb","ASHM","Ashmore","8.488196886","42.9683698297","10.5198158752","59","85","Adventurous","Mid Cap"
"es","YHSP","Hispanotels Inversiones SOCIMI SA","3.9843076923","81.0873931579","12.481935387","58","96","Balanced","Small Cap"
"fi","IFA1V","Innofactor Oyj","0","10.0150621003","12.3291642508","58","94","Adventurous","Small Cap"
"fr","ABCA","ABC Arbitrage SA","6.6225165563","50.1883759482","10.3960083769","58","94","Conservative","Small Cap"
"fi","TITAN","Titanium Oyj","10.8411214953","40.1365267221","53.5507363835","58","89","Balanced","Small Cap"
"se","NIL B","Nilorngruppen AB","1.5432098765","10.3705333482","17.5430858239","58","99","Adventurous","Small Cap"
"de","PSG","PharmaSGP Holding SE","6.4150943396","24.4386865872","46.4146591492","57","99","Adventurous","Small Cap"
"se","TRAC B","Traction AB","3.8703703704","11728.571428571","10.783081024","57","90","Balanced","Small Cap"
"se","HPOL B","Hexpol AB","5.6550424128","11.3154776013","16.9013126573","56","83","Balanced","Large Cap"
"dk","HLUN A","H Lundbeck A/S","1.8348623853","19.970006289","11.5461892218","56","99","Balanced","Large Cap"
"gb","CKN","Clarkson","2.9131652661","16.4226607257","18.9391324359","56","93","Balanced","Mid Cap"
"de","OSP2","USU Software AG","9.9125364431","10.6776655042","10.1579410173","54","90","Balanced","Small Cap"
"gb","MSI","MS International","1.9024390244","28.8037526466","25.0348310693","54","96","Speculative","Small Cap"
"ch","VBSN","IVF Hartmann Holding AG","5.8571428571","19.213713897","12.3991605943","53","96","Balanced","Small Cap"
"fr","THEP","Thermador Groupe SA","2.6163522013","13.3514491726","14.0215364495","53","95","Balanced","Mid Cap"
"gb","CBOX","Cake Box Holdings","5.1724137931","13.0271243516","25.1548796505","53","94","Speculative","Small Cap"
"be","DEME","DEME NV","0.9879032258","14.0069342321","14.398307276","52","91","Balanced","Large Cap"
"de","SSH","Suedwestdeutsche Salzwerke AG","2.7966101695","20.379582926","16.0915875252","52","95","Speculative","Mid Cap"
"nl","VPK","Koninklijke Vopak NV","2.9513888889","39.8569023569","14.9822461862","52","80","Balanced","Large Cap"
"se","FMM B","FM Mattsson AB (publ)","2.4131274131","14.6612332774","11.1261013738","52","95","Adventurous","Small Cap"
"it","ENAV","Enav SpA","5.8051489147","13.4447613521","10.5030761525","52","88","Balanced","Mid Cap"
"se","CLAS B","Clas Ohlson AB","2.5601684717","13.4657049869","40.3484341205","51","98","Adventurous","Mid Cap"
"be","EVS","Evs Broadcast Equipment SA","1.4583333333","18.6955741334","19.2735675103","51","87","Balanced","Small Cap"
"gb","MONY","MONY","5.6638811513","23.2684472612","36.0795454545","51","99","Balanced","Mid Cap"
"gb","GSK","GSK","3.9202874877","16.5172040959","29.8045301703","50","86","Conservative","Large Cap"
"ch","SCMN","Swisscom AG","8.014571949","14.7977609245","15.1022222222","50","80","Conservative","Large Cap"
"it","DLG","De' Longhi SpA","2.4596182085","14.0250475958","14.4538814459","50","93","Adventurous","Large Cap"
"gb","ASY","Andrews Sykes","4.6877828054","26.5229151587","33.7678389762","50","95","Balanced","Small Cap"
"fi","KEMIRA","Kemira Oyj","1.5111111111","10.3787129503","10.8160309029","50","82","Balanced","Large Cap"
"gb","HIK","Hikma Pharmaceuticals","3.1231905855","12.562147829","12.7374301676","49","87","Balanced","Large Cap"
"de","M12","M1 Kliniken AG","2.8169014085","10.509243463","11.8541495076","48","93","Speculative","Small Cap"
"no","SALM","SalMar ASA","6.5237651445","21.1171153066","20.9699976733","48","97","Adventurous","Large Cap"
"ch","JFN","Jungfraubahn Holding AG","3.6640360767","14.3599972537","11.9543714904","47","85","Conservative","Mid Cap"
"de","EKT","Energiekontor AG","2.1621621622","36.2414736917","47.9778472209","47","89","Adventurous","Mid Cap"
"es","CBAV","Clinica Baviera SA","4.6176470588","16.2378931234","48.9563961548","47","93","Balanced","Mid Cap"
"gb","CMCX","CMC Markets","2.7124183007","18.0925708344","12.0605832995","46","97","Speculative","Mid Cap"
"gb","WISE","Wise","0","229.12270764","45.5549845838","46","82","Speculative","Large Cap"
"it","PVN","Piovan SpA","1.9636363636","11.4398656421","35.8478010212","45","97","Adventurous","Mid Cap"
"it","CMB","Cembre SpA","5.0279329609","13.406885243","19.5704156207","45","84","Balanced","Mid Cap"
"gb","JHD","James Halstead","4.7550432277","18.2725785622","26.8541990845","45","98","Balanced","Mid Cap"
"fr","LIN","Linedata Services SA","2.1820448878","22.6556267115","25.1000423387","45","99","Adventurous","Small Cap"
"gb","MEGP","ME International","4.1377497371","11.1652065287","34.0036187054","44","96","Adventurous","Mid Cap"
"se","NEWA B","New Wave AB","1.582278481","13.5115148954","15.2433844121","44","88","Speculative","Mid Cap"
"se","SLEEP","Sleep Cycle AB (publ)","5.2873563218","25.5063607134","139.922490438","44","99","Speculative","Small Cap"
"fi","ICP1V","Incap Oyj","0","11.0177483076","14.3119665682","44","90","Speculative","Small Cap"
"se","ZZ B","Zinzino AB","3.5842293907","11.8589978004","78.9362309555","44","96","Speculative","Small Cap"
"gb","NICL","Nichols","4.5196078431","13.2948318565","19.4939725186","43","98","Adventurous","Mid Cap"
"se","PACT","Proact IT AB","1.3642564802","11.6955408685","20.2914935707","43","91","Adventurous","Small Cap"
"de","FPE3","Fuchs Se","2.7819548872","10.5943152455","16.928796111","43","98","Balanced","Large Cap"
"se","VBG B","VBG AB (publ)","1.8181818182","11.3580671997","17.3932854037","43","99","Adventurous","Mid Cap"
"at","MAN","Josef Manner & Comp AG","1.568627451","10.3159254409","11.3918258231","42","88","Adventurous","Small Cap"
"se","BRE2","Bredband2 i Skandinavien AB","1.9851116625","13.5625796275","19.1616451487","42","90","Balanced","Small Cap"
"de","FTK","flatexDEGIRO AG","0.3224506247","38.677136367","16.6183209936","41","80","Speculative","Mid Cap"
"de","S9I","Stemmer Imaging AG","5.5785123967","21.2538916748","17.0811086767","41","87","Speculative","Small Cap"
"no","KID","Kid ASA","2.2905759162","20.8674768423","29.84425406","41","98","Adventurous","Mid Cap"
"de","SIE","Siemens AG","0","12.491500068","18.1394029192","41","81","Balanced","Large Cap"
"no","TEL","Telenor ASA","3.3161385409","25.0202026481","13.1841893916","40","93","Conservative","Large Cap"
"gb","TFW","FW Thorpe","2.0405616225","15.2978494442","14.1123039338","40","96","Balanced","Mid Cap"
"es","APG","Axon Partners SA","4.3448275862","22.5889814041","22.1933990684","40","84","Balanced","Small Cap"
"ch","APGN","APG SGA SA","5.5837563452","10.9393040752","42.4273937092","40","99","Balanced","Mid Cap"
"gb","FRP","Frp Advisory","3.4129692833","19.2667706708","31.2056737589","40","96","Balanced","Mid Cap"
"se","ESSITY B","Essity AB (publ)","2.4634456453","12.6770290988","13.0533322973","40","96","Conservative","Large Cap"
"de","DMP","Dermapharm Holding SE","2.6268656716","12.8645990261","15.4810455676","39","83","Adventurous","Mid Cap"
"fi","ALMA","Alma Media Oyj","4.0540540541","19.987000325","25.8811681772","38","84","Balanced","Mid Cap"
"se","AQ","AQ AB","1.0804672291","10.3175500057","17.3214054194","38","98","Adventurous","Mid Cap"
"fr","ANTIN","Antin Infrastructure Partners SAS","6.0833333333","37.4241837214","23.8720276875","38","95","Speculative","Mid Cap"
"de","TMV","TeamViewer SE","0","35.8186578629","137.1548681752","38","89","Speculative","Mid Cap"
"gb","ALPH","Alpha International","0.7366071429","69.4245147014","47.6965738444","37","85","Adventurous","Mid Cap"
"fr","CAP","Capgemini SE","1.7941952507","11.1046145543","16.1580407539","37","84","Balanced","Large Cap"
"fr","ERF","Eurofins Scientific SE","0.936329588","10.0300425355","11.246595269","37","84","Adventurous","Large Cap"
"de","YSN","Secunet Security Networks AG","2.5934065934","12.3075494743","23.5028201905","37","99","Speculative","Mid Cap"
"se","EPEN","Ependion AB","0.904159132","10.3138599824","14.907801359","36","92","Speculative","Small Cap"
"it","RWAY","Rai Way SpA","6.2807017544","33.843635888","59.9941598529","36","99","Conservative","Mid Cap"
"gb","XPS","XPS Pensions","2.9268292683","17.7629467688","32.3251914137","36","83","Balanced","Mid Cap"
"gb","SMIN","Smiths","2.5362318841","10.6002554278","10.8365843086","35","95","Conservative","Large Cap"
"es","AENA","Aena SME SA","3.856998993","32.5160708517","26.4310541276","35","90","Balanced","Large Cap"
"fr","EQS","Equasens SA","2.6178010471","17.882231969","23.0029433911","35","90","Adventurous","Mid Cap"
"se","RVRC","RVRC Holding AB","2.567394095","18.4239130435","25.7740585774","35","99","Speculative","Mid Cap"
"se","KIND SDB","Kindred","0","12.148922273","12.8227803325","34","94","Adventurous","Mid Cap"
"gb","HL.","Hargreaves Lansdown","3.9024390244","43.4697346058","38.4575026233","34","87","Adventurous","Large Cap"
"fi","GOFORE","Gofore Oyj","2.1759259259","10.663314782","19.4714447437","34","94","Balanced","Small Cap"
"be","FAGR","Fagron NV","1.1450381679","10.3829124643","17.1394138785","34","93","Balanced","Mid Cap"
"es","VID","Vidrala SA","0.3885656971","12.8696480676","17.3994989553","33","84","Balanced","Large Cap"
"gb","FSG","Foresight group","4.2692307692","31.0480732491","31.8841104135","33","99","Adventurous","Mid Cap"
"se","NORVA","Norva24 AB (publ)","0","10.636585802","10.5122081973","33","80","Adventurous","Mid Cap"
"ch","NESN","Nestle SA","3.6196911197","11.9553133515","32.4824237153","33","86","Conservative","Large Cap"
"ch","ROG","Roche Holding AG","3.5714285714","19.2974398231","38.2963377031","33","92","Conservative","Large Cap"
"gb","HILS","Hill & Smith","2.1760391198","12.7690272935","17.7326252598","33","94","Balanced","Mid Cap"
"gb","NXT","Next","2.1396731055","13.3499014483","64.0778241016","33","87","Balanced","Large Cap"
"no","BOUV","Bouvet ASA","3.7142857143","10.4028042788","105.9271550359","33","90","Balanced","Mid Cap"
"fi","MEKKO","Marimekko Oyj","3.0278232406","19.7198839058","46.1071399001","32","94","Adventurous","Mid Cap"
"ch","COPN","Cosmo Pharmaceuticals NV","2.433056516","52.8021752735","14.9661034632","32","87","Adventurous","Mid Cap"
"gb","BIG","Big Technologies","0","40.0938014958","15.4088174333","32","89","Speculative","Small Cap"
"fr","GET","Getlink SE","3.3598045205","46.6753247058","14.6043837582","32","81","Conservative","Large Cap"
"gb","ELIX","Elixirr International","1.4481707317","20.7680507261","16.3981882719","32","95","Adventurous","Small Cap"
"ch","RSGN","R&S Holding AG","0","21.5145579995","128.8443379095","32","87","Speculative","Mid Cap"
"se","HM B","H & M Hennes & Mauritz AB","1.780334155","12.0263827954","25.8934905737","31","91","Adventurous","Large Cap"
"gb","WEIR","Weir","1.8134957826","12.9039867893","13.0385956617","31","80","Balanced","Large Cap"
"gb","WIL","Wilmington","2.7696078431","22.8387779179","17.5533136357","31","89","Adventurous","Mid Cap"
"ch","LOGN","Logitech International SA","0","23.2788289702","30.8937410196","31","98","Adventurous","Large Cap"
"dk","GMAB","Genmab A/S","0","34.3491327042","18.4247538678","30","97","Balanced","Large Cap"
"se","SINT","SinterCast AB","2.8110599078","35.7043235704","54.0792540793","30","99","Adventurous","Small Cap"
"dk","ROCK B","Rockwool A/S","1.4094878182","12.8552456839","16.9725604216","30","97","Adventurous","Large Cap"
"gb","IMI","IMI","1.5715823466","12.2895927602","25.1601688602","30","96","Balanced","Large Cap"
"it","TGYM","Technogym SpA","2.8108108108","13.003027676","23.8176830239","30","97","Balanced","Mid Cap"
"fr","GTT","Gaztransport et Technigaz SA","4.7429009977","35.6192693718","81.3672853999","30","95","Balanced","Large Cap"
