"Flag","Ticker","Name","Yield TTM (%)","FCF / Sales TTM (%)","ROE TTM (%)","Value Rank","Quality Rank","Risk Rating","Size Group"
"no","OKEA","Okea ASA","4.3630017452","21.4660264391","32.9822385457","96","83","Speculative","Small Cap"
"se","NPAPER","Nordic Paper Holding AB","10.3218645949","12.1707731521","56.8065506653","89","89","Adventurous","Small Cap"
"se","PROF B","ProfilGruppen AB","3.8910505837","14.8593402145","11.8218766567","88","85","Speculative","Small Cap"
"no","RANA","Rana Gruber ASA","14.6887417219","17.9264778081","78.5651561115","82","84","Adventurous","Small Cap"
"dk","STRINV","Strategic Investments A/S","4.8","114.5860605339","15.7577272557","79","92","Balanced","Small Cap"
"se","FRACTL","Fractal Gaming AB","0","25.1446527363","27.9538221529","70","97","Speculative","Small Cap"
"se","ARPL","Arla Plast AB","2.4038461538","12.7659908047","12.5980629723","66","83","Adventurous","Small Cap"
"se","PACT","Proact IT AB","2.0108695652","11.8370360539","18.6815923115","65","81","Adventurous","Small Cap"
"se","SVED B","Svedbergs AB","1.9176197388","11.0922102169","15.1788183532","63","92","Speculative","Small Cap"
"fi","TITAN","Titanium Oyj","8.0712166172","48.0824508527","56.7064494479","48","96","Balanced","Small Cap"
"se","SLEEP","Sleep Cycle AB (publ)","19.6629213483","17.4329328097","37.8138038245","47","96","Speculative","Small Cap"
"se","PRFO","Profoto Holding AB (publ)","5.6022408964","17.7121771218","54.3026706231","41","90","Adventurous","Small Cap"
"se","BAHN B","Bahnhof AB (publ)","4.6666666667","16.2410587958","39.7704815416","41","99","Speculative","Small Cap"
"se","ZZ B","Zinzino AB","2.4509803922","13.2871493426","86.269193914","40","98","Speculative","Small Cap"
"no","NKR","Nekkar Asa","0","18.3756825511","12.5216303433","39","95","Adventurous","Small Cap"
"se","RUG","Rugvista AB (publ)","2.2590361446","13.3026671005","15.0688297433","38","99","Speculative","Small Cap"
"se","INFRA","Infracom AB (publ)","1.510989011","13.9325728969","23.7840690696","33","87","Adventurous","Small Cap"
"fi","GOFORE","Gofore Oyj","1.5740740741","12.394824051","18.8849601399","27","98","Adventurous","Small Cap"
"no","CAMBI","Cambi ASA","0.8379888268","24.5177423196","42.6059064263","27","86","Speculative","Small Cap"
"se","UPSALE","Upsales Technology AB","4.8076923077","20.750862611","99.9250112826","25","98","Speculative","Small Cap"
"se","SINT","SinterCast AB","2.7777777778","32.0639756283","31.1793944871","24","99","Adventurous","Small Cap"
"se","ITECH","I-Tech AB","0","30.4856529688","19.980817899","20","82","Speculative","Small Cap"
"se","STIL","Stille AB","1.2162162162","10.3731084258","13.6590975887","20","96","Adventurous","Small Cap"
