"Flag","Ticker","Name","Yield TTM (%)","FCF / Sales TTM (%)","ROE TTM (%)","Value Rank","Quality Rank","Risk Rating","Size Group"
"no","MPCC","Mpc Container Ships ASA","41.5656774382","32.6036649318","44.2562759526","98","88","Speculative","Mid Cap"
"no","BWLPG","BW LPG","30.2547133679","13.4304491508","31.8999336489","97","93","Speculative","Mid Cap"
"no","HAUTO","Hoegh Autoliners ASA","33.862336472","39.2819182961","47.6489501973","95","94","Speculative","Mid Cap"
"no","SNI","Stolt-Nielsen","0","20.7934280258","16.354671058","93","83","Adventurous","Mid Cap"
"no","KCC","Klaveness Combination Carriers ASA","13.9172581304","41.2841353085","26.3632681727","88","88","Adventurous","Mid Cap"
"dk","TRMD A","Torm","17.0287882107","19.3934726087","40.9606139559","83","82","Speculative","Mid Cap"
"dk","UIE","Uie","9.8569999974","28.1542796438","18.0395140868","82","93","Conservative","Mid Cap"
"se","BETS B","Betsson AB","0","19.9325036912","24.9841471148","81","99","Adventurous","Mid Cap"
"no","WWI","Wilh Wilhelmsen Holding ASA","4.0748771039","14.7030185005","18.7148594378","80","86","Balanced","Mid Cap"
"se","DUNI","Duni AB","4.5955882353","13.2806426535","11.7576123003","78","86","Adventurous","Mid Cap"
"no","EPR","Europris ASA","4.3362241494","17.5830787877","27.8647851025","64","93","Balanced","Mid Cap"
"no","KID","Kid ASA","4.5955882353","23.3697026156","24.2462895861","54","88","Adventurous","Mid Cap"
"se","VBG B","VBG AB (publ)","2.2047244094","10.2860726855","16.3334951554","50","98","Balanced","Mid Cap"
"fi","ALMA","Alma Media Oyj","4.5090180361","17.6123319121","26.5128325877","46","85","Balanced","Mid Cap"
"se","CLAS B","Clas Ohlson AB","1.0760401722","15.3047330664","27.1156483316","45","89","Adventurous","Mid Cap"
"se","LIAB","Lindab International AB","2.380952381","10.8052463017","12.1389762654","41","82","Adventurous","Mid Cap"
"se","COIC","Concentric AB","2.251059322","12.3900118906","19.6189131969","41","94","Adventurous","Mid Cap"
"no","BOUV","Bouvet ASA","4.2483660131","13.5309511904","71.9107157063","40","89","Balanced","Mid Cap"
"se","BEIA B","Beijer Alma AB","2.0698924731","13.9494333043","13.9929900243","37","83","Adventurous","Mid Cap"
"fi","MEKKO","Marimekko Oyj","3.195164076","15.7387783234","38.9574375015","32","92","Adventurous","Mid Cap"
"fi","PUUILO","Puuilo Oyj","1.9318181818","18.3879093199","61.191626409","29","85","Adventurous","Mid Cap"
"fi","MUSTI","Musti Oyj","2.4650780608","14.7715645353","14.9702855142","28","86","Adventurous","Mid Cap"
"no","BRG","BORREGAARD ASA","2.0491803279","12.5630959058","18.8128446319","28","83","Balanced","Mid Cap"
"se","BUFAB","Bufab AB (publ)","1.2218963832","15.668202765","17.7874186551","27","89","Adventurous","Mid Cap"
"se","TRUE B","Truecaller AB","0","32.1570714242","30.2347147356","26","92","Highly Speculative","Mid Cap"
"se","THULE","Thule AB","3.0894308943","17.5098554534","16.4005372332","24","87","Adventurous","Mid Cap"
"fi","VAIAS","Vaisala Oyj","1.9430051813","12.9348630644","18.8584650983","22","98","Adventurous","Mid Cap"
"se","OEM B","OEM International AB","1.6924564797","14.3051506317","33.9049321343","22","96","Adventurous","Mid Cap"
"se","BIOG B","Biogaia AB","5.3076923077","29.0975128538","18.2550131684","20","98","Adventurous","Mid Cap"
