"Flag","Ticker","Name","Yield TTM (%)","FCF / Sales TTM (%)","ROE TTM (%)","Value Rank","Quality Rank","Risk Rating","Size Group"
"no","PNOR","Petronor E&P ASA","0","16.5841914493","47.4303042706","97","89","Speculative","Small Cap"
"no","RANA","Rana Gruber ASA","17.4823196605","27.6581890945","56.7964545632","88","81","Adventurous","Small Cap"
"no","SBO","Selvaag Bolig ASA","6.0606060606","36.6538224836","10.5508609264","81","86","Adventurous","Small Cap"
"dk","STRINV","Strategic Investments A/S","4.7244094488","114.5860605339","15.7577272557","78","92","Balanced","Small Cap"
"fi","ALEX","Alexandria Oyj","9.60591133","21.5364160808","24.9887570753","75","85","Balanced","Small Cap"
"se","FRACTL","Fractal Gaming AB","0","15.2075520497","27.753814988","72","95","Speculative","Small Cap"
"se","CX","CombinedX AB (publ)","4.4742729306","10.134517435","20.4263900893","69","98","Speculative","Small Cap"
"se","ARPL","Arla Plast AB","2.4154589372","12.7659908047","12.5980629723","66","83","Adventurous","Small Cap"
"se","PREV B","Prevas AB","4.1018998273","10.7932544605","20.5185581892","66","85","Adventurous","Small Cap"
"se","SVED B","Svedbergs AB","1.89018598","11.0922102169","15.1788183532","62","92","Speculative","Small Cap"
"se","RUG","Rugvista AB (publ)","3.1914893617","16.4351334301","13.370753555","53","99","Speculative","Small Cap"
"fi","TITAN","Titanium Oyj","7.606557377","45.2781063259","39.7230590566","48","89","Balanced","Small Cap"
"se","EPEN","Ependion AB","1","13.5437397572","18.6664668209","48","93","Speculative","Small Cap"
"no","VISTN","Vistin Pharma ASA","4.4444444444","16.0231607381","15.3146714714","43","88","Adventurous","Small Cap"
"se","BAHN B","Bahnhof AB (publ)","4.8019207683","21.1191698652","38.7597304782","41","98","Speculative","Small Cap"
"se","INFRA","Infracom AB (publ)","1.71875","13.9325728969","23.7840690696","39","87","Adventurous","Small Cap"
"no","NKR","Nekkar Asa","0","18.3756825511","12.5216303433","39","95","Adventurous","Small Cap"
"se","PRFO","Profoto Holding AB (publ)","5.4034582133","15.1207115629","39.3900889454","36","92","Speculative","Small Cap"
"no","NORBT","Norbit ASA","3.7721893491","15.7482388571","26.6101816615","35","95","Adventurous","Small Cap"
"se","ZZ B","Zinzino AB","2.1875","13.2871493426","86.269193914","34","98","Speculative","Small Cap"
"no","CAMBI","Cambi ASA","0.8571428571","24.5177423196","42.6059064263","28","86","Speculative","Small Cap"
"se","SINT","SinterCast AB","2.8350515464","32.0639756283","31.1793944871","26","99","Adventurous","Small Cap"
"se","MSAB B","Micro Systemation AB (publ)","0","17.8460062365","25.8654136311","24","99","Speculative","Small Cap"
"se","UPSALE","Upsales Technology AB","3.6319612591","14.9951448622","82.3124446073","21","97","Speculative","Small Cap"
"se","EXS","Exsitec Holding AB","0","12.8335505203","18.1867439791","20","94","Speculative","Small Cap"
