"Flag","Ticker","Name","Yield TTM (%)","FCF / Sales TTM (%)","ROE TTM (%)","Value Rank","Quality Rank","Risk Rating","Size Group"
"no","PNOR","Petronor E&P ASA","0","45.5919798857","37.0484203796","98","89","Speculative","Small Cap"
"se","SSAB A","SSAB AB","8.1274382315","10.9114204283","16.7902209871","97","86","Adventurous","Large Cap"
"no","MPCC","Mpc Container Ships ASA","25.0417192553","32.6036649318","44.2562759526","96","87","Speculative","Mid Cap"
"no","WAWI","Wallenius Wilhelmsen ASA","11.4587863305","30.3748300641","24.3916162611","96","84","Speculative","Large Cap"
"nl","VTA","Volta Finance","10.3883495146","85.1831527608","19.2261500357","94","91","Conservative","Small Cap"
"no","BWLPG","BW LPG","20.2106390829","13.4590512123","31.8999336489","94","92","Speculative","Mid Cap"
"gb","MTL","Metals Exploration","0","33.0162737482","138.4243312275","93","92","Speculative","Small Cap"
"no","HAUTO","Hoegh Autoliners ASA","29.0346177867","40.58770735","51.0271863701","93","91","Speculative","Mid Cap"
"gb","BGLF","Blackstone Loan Financing","14.7540983607","83.4328357965","19.0649893107","93","93","Conservative","Small Cap"
"de","NEP","SLOMAN NEPTUN Schiffahrts-AG","2.5","33.1989398099","24.8443513778","92","85","Speculative","Small Cap"
"gb","SHOE","Shoe Zone","6.3333333333","16.1028181431","43.2489642868","91","89","Speculative","Small Cap"
"it","TEN","Tenaris SA","5.5740120582","26.0199588926","21.7193603082","91","90","Adventurous","Large Cap"
"fr","KOF","Kaufman & Broad SA","7.476635514","26.1877641398","23.7757207339","91","92","Balanced","Mid Cap"
"fr","TFI","Television Francaise 1 SA","6.2252405207","10.2237107647","10.0350840986","90","85","Balanced","Mid Cap"
"gb","CARD","Card Factory","4.3774319066","15.1497357604","16.9520547945","90","98","Speculative","Mid Cap"
"it","BAN","Basic Net SpA","4.0650406504","10.6768282055","15.5294282538","89","95","Balanced","Small Cap"
"fr","MMT","Metropole Television SA","9.1911764706","16.889632107","18.6965897293","89","98","Balanced","Mid Cap"
"de","FEV","Fortec Elektronik AG","4.1666666667","12.0466659573","13.6218740179","89","99","Balanced","Small Cap"
"se","G5EN","G5 Entertainment AB (publ)","6.1538461538","13.7712772188","21.288323738","88","99","Speculative","Small Cap"
"it","PQ","Piquadro SpA","5.3394871795","10.8301755663","18.5622820259","88","92","Balanced","Small Cap"
"no","AKRBP","Aker BP ASA","9.0207102318","10.3260719107","13.5588832116","88","89","Adventurous","Large Cap"
"ch","CPHN","CPH Chemie und Papier Holding AG","4.4943820225","12.194262014","18.906362158","88","83","Conservative","Mid Cap"
"no","RANA","Rana Gruber ASA","16.3060686016","27.6581890945","56.7964545632","87","80","Adventurous","Small Cap"
"es","A3M","Atresmedia Corporacion de Medios de Comunicacion SA","8.2191780822","14.1292878841","23.6887248711","87","87","Balanced","Mid Cap"
"no","KCC","Klaveness Combination Carriers ASA","12.2835203157","39.053569768","25.1377482067","87","81","Adventurous","Mid Cap"
"fr","VIL","Viel et Compagnie SA","3.7558685446","11.310082814","21.4450482386","86","83","Conservative","Mid Cap"
"it","DIS","d'Amico International Shipping SA","3.2760324047","65.4843579621","33.3510881937","85","97","Adventurous","Mid Cap"
"gb","OCN","Ocean Wilsons Holdings","5.2124215071","12.8362300317","11.5988762334","84","96","Balanced","Mid Cap"
"dk","UIE","Uie","9.2539910297","28.1542796438","18.0395140868","83","93","Conservative","Mid Cap"
"it","FILA","FILA Fabbrica Italiana Lapis ed Affini SpA","1.3333333333","14.4736217294","35.8100586209","81","88","Balanced","Mid Cap"
"dk","TRMD A","Torm","15.3389333305","15.2549112522","37.8884376429","81","82","Speculative","Large Cap"
"no","NORAM","Noram Drilling AS","0","35.1145038168","23.7711715334","81","90","Highly Speculative","Small Cap"
"no","WWI","Wilh Wilhelmsen Holding ASA","3.9167094167","13.786407767","18.8411509657","80","85","Balanced","Mid Cap"
"it","CEM","Cementir Holding NV","2.7184466019","11.4393591962","14.0262401667","80","94","Balanced","Mid Cap"
"se","DUNI","Duni AB","4.6040515654","10.9923462655","11.4035087719","80","91","Adventurous","Mid Cap"
"gb","ULTP","Ultimate Products","5.1388888889","12.4472029861","26.6686710764","79","98","Speculative","Small Cap"
"es","NTH","Naturhouse Health SA","6.0790273556","40.4308925348","38.6501702688","79","94","Balanced","Small Cap"
"se","BETS B","Betsson AB","0","19.3842996408","24.2444370641","79","97","Adventurous","Mid Cap"
"gb","KGH","Knights group","3.8133333333","11.054482268","10.3765808369","77","81","Highly Speculative","Small Cap"
"gb","IHR","Impact Healthcare REIT","6.1405895692","59.3409855531","10.56917168","77","80","Conservative","Mid Cap"
"it","ZV","Zignago Vetro SpA","6.5789473684","25.757788475","34.0571886513","77","98","Balanced","Mid Cap"
"fr","BB","Societe BIC SA","6.3259259259","10.988264257","12.1059642644","76","98","Conservative","Mid Cap"
"it","MN","Arnoldo Mondadori Editore SpA","2.6785714286","12.1111439015","23.1544620133","76","80","Balanced","Mid Cap"
"it","DAN","Danieli & C Officine Meccaniche SpA","0.8446866485","10.5844872175","11.1524930388","76","82","Balanced","Mid Cap"
"gb","JET2","Jet2","0.2962962963","11.1385422165","29.7863513794","75","86","Adventurous","Large Cap"
"fr","ML","Compagnie Generale des Etablissements Michelin SCA","3.724137931","10.7645626786","11.3104234992","75","81","Balanced","Large Cap"
"fi","ALEX","Alexandria Oyj","9.1764705882","21.5364160808","24.9887570753","75","84","Adventurous","Small Cap"
"gb","PAY","PayPoint","5.0457038391","57.4993488364","30.5927591815","74","80","Balanced","Mid Cap"
"fr","VRLA","Verallia SA","5.7425213675","11.2300835084","49.1811855805","73","95","Balanced","Large Cap"
"se","AMBEA","Ambea AB (publ)","2.1216407355","13.1637168142","10.361395446","72","89","Adventurous","Mid Cap"
"se","RATO B","Ratos AB","3.0697445972","10.1727049205","10.7219987296","72","80","Adventurous","Mid Cap"
"be","COLR","Colruyt NV","1.2121212121","11.3352185951","35.2670776467","72","90","Adventurous","Large Cap"
"be","PAY","Payton Planar Magnetics","4.8319502075","34.0309173108","21.2560655532","71","88","Adventurous","Small Cap"
"de","NLM","Frosta AG","2.9197080292","15.3602927378","15.5680984288","71","99","Balanced","Mid Cap"
"no","2020","2020 Bulkers","3.4100594813","49.3557978196","31.9544364508","71","88","Adventurous","Small Cap"
"gb","SOM","Somero Enterprises","6.5783531537","18.8120862642","34.8937709293","71","83","Adventurous","Small Cap"
"gb","NXQ","Nexteq","2.2741298111","15.3206411949","14.1006728778","71","93","Adventurous","Small Cap"
"de","ALXA","Alexanderwerk AG","0","14.2854452869","35.680887727","71","94","Speculative","Small Cap"
"gb","CFX","Colefax","0.3272727273","10.2825633553","19.4010080124","71","91","Balanced","Small Cap"
"de","ACT","AlzChem AG","2.7149321267","13.9406828286","23.7078532605","70","98","Adventurous","Mid Cap"
"no","EPR","Europris ASA","4.6863734679","18.5380110847","25.5611003569","70","93","Balanced","Mid Cap"
"gb","CLIG","City of London Investment","9.046310832","29.8218170959","11.3928346662","70","96","Balanced","Small Cap"
"de","S9I","Stemmer Imaging AG","8.1570996979","17.4780718195","15.6408907592","69","88","Adventurous","Small Cap"
"se","ARPL","Arla Plast AB","2.5458248473","16.464077478","14.3886171632","69","95","Adventurous","Small Cap"
"gb","KETL","Strix","0","20.4584122944","41.0602739379","69","93","Speculative","Small Cap"
"gb","FDM","FDM (Holdings)","8.1540203851","14.8223669436","50.9964096726","69","97","Adventurous","Mid Cap"
"gb","N91","Ninety One","7.2","15.3500140568","46.8569738204","69","85","Balanced","Mid Cap"
"de","FNTN","freenet AG","0","13.2514077005","12.0416055474","69","94","Balanced","Mid Cap"
"pt","MAR","Martifer SGPS SA","0","21.3227379291","43.5250555702","68","82","Speculative","Small Cap"
"dk","HLUN A","H Lundbeck A/S","2.1604938272","20.56459615","11.1297938501","66","98","Adventurous","Large Cap"
"be","VAN","Van de Velde NV","5.0602409639","19.4677533094","20.1345978828","66","93","Balanced","Mid Cap"
"fr","ABCA","ABC Arbitrage SA","7.1090047393","50.1883759482","10.3960083769","65","94","Conservative","Small Cap"
"es","YHSP","Hispanotels Inversiones SOCIMI SA","4.2455737705","81.0873931579","12.481935387","65","97","Balanced","Small Cap"
"it","BZU","Buzzi SpA","1.5236160488","11.932143892","18.3540410384","65","95","Balanced","Large Cap"
"es","MCM","Miquel y Costas & Miquel SA","2.5072796935","17.1528422114","12.4699301679","65","96","Conservative","Mid Cap"
"gb","PLUS","Plus500","2.8234970043","46.9154502892","36.6682429237","64","94","Balanced","Mid Cap"
"no","ABG","ABG Sundal Collier Holding ASA","8","15.3831805015","21.9304173047","64","93","Balanced","Small Cap"
"be","MOUR","Moury Construct SA","1.2125984252","21.8031511078","25.9118306775","63","97","Adventurous","Small Cap"
"gb","IGG","IG group","5.7089084065","11.2148584188","15.6668138949","63","86","Conservative","Large Cap"
"fr","DKUPL","Adl Partner SA","2.7012987013","10.6034197794","42.9953694105","62","94","Adventurous","Small Cap"
"it","OMER","Omer Spa","1.6438356164","25.1258574275","16.1734994295","62","90","Adventurous","Small Cap"
"fr","SK","SEB SA","2.3371989295","10.5583312516","12.13092097","62","82","Balanced","Large Cap"
"nl","VPK","Koninklijke Vopak NV","3.4496753247","31.1307519641","14.6812931909","62","88","Balanced","Large Cap"
"se","FMM B","FM Mattsson AB (publ)","4.6641791045","11.2599121448","11.367816092","61","96","Adventurous","Small Cap"
"ch","SCMN","Swisscom AG","8.9068825911","15.8142908959","14.4436997319","61","80","Conservative","Large Cap"
"gb","ASHM","Ashmore","8.2278481013","52.8311965812","11.1903952883","61","90","Adventurous","Mid Cap"
"ch","VBSN","IVF Hartmann Holding AG","6.40625","21.2263353903","10.2681249555","61","92","Balanced","Small Cap"
"fi","TITAN","Titanium Oyj","9.2063492063","45.2781063259","39.7230590566","61","89","Balanced","Small Cap"
"be","SMAR","Smartphoto NV","2.7022058824","11.0076797766","14.1501822898","60","99","Balanced","Small Cap"
"de","AAD","Amadeus Fire AG","4.5045045045","15.2944525639","22.4662589468","60","91","Balanced","Mid Cap"
"ch","CFT","Compagnie financiere Tradition SA","3.8709677419","11.6049206777","22.9763748678","60","85","Conservative","Mid Cap"
"gb","REC","Record","6.7647058824","26.0436744597","34.9375166179","59","99","Adventurous","Small Cap"
"se","ITAB","ITAB Shop Concept AB","2.5597269625","11.884057971","10.8719910729","57","88","Speculative","Mid Cap"
"no","CAMBI","Cambi ASA","7.4906367041","14.7786259542","37.5433975817","57","87","Speculative","Small Cap"
"de","MBH3","Maschinenfabrik Berthold Hermle AG","6.4316239316","11.1894259887","24.9484421476","57","97","Balanced","Mid Cap"
"es","CBAV","Clinica Baviera SA","5.3951890034","15.6202218572","45.434887597","57","98","Adventurous","Mid Cap"
"de","WSU","Washtec AG","5.4455445545","11.4458369798","30.6586440791","56","95","Speculative","Mid Cap"
"gb","CBOX","Cake Box Holdings","4.9411764706","15.0709626868","26.9960355185","56","98","Speculative","Small Cap"
"be","FLUX","Fluxys Belgium NV","4.6889952153","28.929398031","12.326128246","55","87","Conservative","Mid Cap"
"it","ERG","ERG SpA","4.105090312","77.8403109564","10.2549239742","55","80","Balanced","Large Cap"
"fi","KCR","Konecranes Abp","2.483900644","11.0600236175","19.2977057476","55","93","Adventurous","Large Cap"
"se","SLEEP","Sleep Cycle AB (publ)","6.25","26.7437365313","40.8402881084","55","99","Speculative","Small Cap"
"it","BEC","B&C Speakers SpA","4.1176470588","18.7278134925","28.25950476","55","87","Balanced","Small Cap"
"gb","CKN","Clarkson","2.521631644","22.5993118549","19.4363910472","55","96","Balanced","Mid Cap"
"be","EVS","Evs Broadcast Equipment SA","2.5245901639","18.8745373605","20.1291236482","54","96","Balanced","Small Cap"
"fr","ALVU","Vente-Unique.Com SA","2.9577464789","10.0268697924","19.7147895636","54","90","Adventurous","Small Cap"
"gb","MEGP","ME International","4.4571773221","11.3188784595","34.7459341579","54","97","Adventurous","Mid Cap"
"gb","BOY","Bodycote","3.0758807588","13.6074766355","10.8926639944","54","99","Balanced","Mid Cap"
"de","PSG","PharmaSGP Holding SE","6.1261261261","25.492833757","46.2858675248","53","99","Adventurous","Small Cap"
"no","KID","Kid ASA","4.2172739541","21.370129116","26.7999266165","53","98","Adventurous","Mid Cap"
"ch","BBN","Bellevue AG","6.0052219321","10.4228482262","11.8764993856","52","88","Adventurous","Small Cap"
"se","NEWA B","New Wave AB","3.0408340573","11.6381793739","15.7455594306","52","88","Speculative","Mid Cap"
"se","RUG","Rugvista AB (publ)","3.0100334448","18.7503224438","12.3260664801","52","97","Speculative","Small Cap"
"gb","DNLM","Dunelm","3.8496791934","12.5753146811","84.6872346448","51","93","Adventurous","Mid Cap"
"fi","ICP1V","Incap Oyj","0","15.7019012505","19.0287831948","51","90","Speculative","Small Cap"
"it","DLG","De' Longhi SpA","2.1739130435","15.5242296455","16.0501703621","51","90","Adventurous","Large Cap"
"fr","ALDLT","Delta Plus SA","1.5743073048","15.4290062178","16.3538619926","51","92","Adventurous","Mid Cap"
"gb","BME","B&M European Value Retail SA","2.6795479402","12.4641010913","46.0739779364","50","94","Balanced","Large Cap"
"gb","BKG","Berkeley group","2.4475285171","10.4391280397","13.754265181","50","82","Balanced","Large Cap"
"se","ESSITY B","Essity AB (publ)","2.836749634","11.5243292994","12.6503426134","50","96","Conservative","Large Cap"
"se","INVE B","Investor AB","1.6850974197","25.5585538347","22.6313580555","49","86","Conservative","Large Cap"
"gb","RKT","Reckitt Benckiser","4.3631006346","14.9722735675","18.2661673467","49","84","Conservative","Large Cap"
"se","PACT","Proact IT AB","1.4556040757","11.6955408685","20.2914935707","49","85","Adventurous","Small Cap"
"ch","JFN","Jungfraubahn Holding AG","3.3678756477","21.9681734231","12.2675594615","48","85","Balanced","Mid Cap"
"se","HPOL B","Hexpol AB","4.6118370484","11.924372894","16.3576525791","48","84","Balanced","Large Cap"
"gb","ASY","Andrews Sykes","4.2633744856","26.5229151587","33.7678389762","47","95","Balanced","Small Cap"
"gb","MONY","MONY","5.3210202287","21.1062254108","33.8769804287","47","99","Balanced","Mid Cap"
"it","RWAY","Rai Way SpA","6.3801980198","33.2738338379","42.2551461719","47","98","Conservative","Mid Cap"
"se","ZZ B","Zinzino AB","3.7546933667","10.0017640812","69.121804964","45","98","Speculative","Small Cap"
"fi","ALMA","Alma Media Oyj","4.2857142857","19.162851537","24.8821019537","45","85","Balanced","Mid Cap"
"fr","LIN","Linedata Services SA","2.3026315789","17.3375525124","24.0581214323","45","98","Adventurous","Small Cap"
"ch","PRO","Procimmo AG","4.6363636364","42.8869706539","30.0249573012","45","87","Adventurous","Small Cap"
"gb","IPX","Impax Asset Management","5.359223301","21.2102014386","28.8252932357","44","86","Speculative","Mid Cap"
"gb","GSK","GSK","3.324880248","17.2251138582","34.9493374903","44","86","Conservative","Large Cap"
"gb","MSI","MS International","1.6326530612","30.5374214281","17.0946713713","43","92","Speculative","Small Cap"
"es","APG","Axon Partners SA","4.3448275862","22.5889814041","22.1933990684","43","84","Adventurous","Small Cap"
"se","CLAS B","Clas Ohlson AB","0.9881422925","15.3047330664","27.1156483316","42","88","Adventurous","Mid Cap"
"gb","NICL","Nichols","4.2524271845","11.4401344727","19.7358097142","42","91","Balanced","Mid Cap"
"de","SSH","Suedwestdeutsche Salzwerke AG","2.4812030075","19.0831351246","13.2568316957","42","83","Speculative","Mid Cap"
"it","CMB","Cembre SpA","4.3742405832","11.6045310962","20.2117811298","41","99","Balanced","Mid Cap"
"de","EKT","Energiekontor AG","1.6759776536","42.571071721","53.9448127622","41","94","Adventurous","Mid Cap"
"gb","JHD","James Halstead","4.2307692308","18.2725785622","26.8541990845","41","98","Balanced","Mid Cap"
"fi","ELISA","Elisa Oyj","5.4060547814","16.6000091941","27.1642454788","41","93","Conservative","Large Cap"
"fr","CDI","Christian Dior SE","1.8258426966","12.2920850115","31.0809811414","40","94","Balanced","Large Cap"
"es","AENA","Aena SME SA","4.3179255919","22.7644265954","23.847763914","39","95","Balanced","Large Cap"
"de","SIE","Siemens AG","2.6508742245","12.8159679408","15.7906254103","39","93","Balanced","Large Cap"
"gb","NXT","Next","2.2101217168","16.5397923875","65.4377880184","39","92","Balanced","Large Cap"
"se","NORVA","Norva24 AB (publ)","0","12.14410046","10.8025388224","39","88","Adventurous","Mid Cap"
"de","FPE3","Fuchs Se","2.4363476734","12.0304998588","15.2144591314","38","96","Balanced","Large Cap"
"dk","CARL B","Carlsberg A/S","2.8307821346","10.0074743494","25.2466627974","38","83","Conservative","Large Cap"
"no","NORBT","Norbit ASA","3.9050535988","15.754822569","26.6101816615","38","94","Adventurous","Small Cap"
"se","VBG B","VBG AB (publ)","1.6412661196","10.3794714287","16.7793384196","38","98","Balanced","Mid Cap"
"no","BOUV","Bouvet ASA","4.0561622465","10.8402662692","59.8859439446","37","87","Balanced","Mid Cap"
"gb","ELIX","Elixirr International","2.4262295082","19.4050183385","15.9998514923","37","91","Speculative","Small Cap"
"fr","GET","Getlink SE","3.4076827757","48.7698195735","13.3042354197","37","88","Conservative","Large Cap"
"gb","ULVR","Unilever","3.3958090484","12.8867190121","34.9486841042","37","90","Conservative","Large Cap"
"ch","SGSN","SGS SA","7.561436673","12.4433705829","96.9325153374","36","84","Conservative","Large Cap"
"se","HM B","H & M Hennes & Mauritz AB","3.4712950601","10.2409382026","19.1685489286","36","91","Adventurous","Large Cap"
"de","TMV","TeamViewer SE","0","33.6005086063","131.205414834","36","89","Speculative","Mid Cap"
"gb","SXS","Spectris","2.4014554275","11.7651117858","10.563789596","35","98","Balanced","Large Cap"
"gb","HL.","Hargreaves Lansdown","3.8532110092","39.6521969999","45.8023379384","35","91","Adventurous","Large Cap"
"gb","TFW","FW Thorpe","1.777173913","15.2978494442","14.1123039338","35","98","Balanced","Mid Cap"
"gb","WIL","Wilmington","2.641025641","23.8404815377","22.9732786197","34","95","Adventurous","Small Cap"
"gb","ALPH","Alpha International","0.6779661017","68.4540301697","48.5572231774","34","91","Adventurous","Mid Cap"
"be","FAGR","Fagron NV","1.1425462459","11.2924005657","16.2495278108","34","93","Balanced","Mid Cap"
"se","COIC","Concentric AB","1.9813519814","11.614800294","17.3798551679","34","89","Adventurous","Mid Cap"
"be","KIN","Kinepolis NV","0.9709962169","19.5583632685","31.8951392682","33","87","Adventurous","Mid Cap"
"ch","FHZN","Flughafen Zuerich AG","2.7894736842","20.4723772547","11.097127223","33","89","Conservative","Large Cap"
"ch","NOVN","Novartis AG","3.8670391678","21.6349276182","19.8552336102","33","92","Conservative","Large Cap"
"gb","FSG","Foresight group","5","34.033591864","12.5775873822","33","99","Adventurous","Mid Cap"
"fr","CAP","Capgemini SE","1.5962441315","10.0612734215","16.4808483227","32","95","Balanced","Large Cap"
"se","SINT","SinterCast AB","4.9593495935","34.8571428571","35.5124420076","32","99","Adventurous","Small Cap"
"gb","BA.","BAE Systems","2.1645021645","12.1457665309","17.057040507","32","90","Conservative","Large Cap"
"gb","WEIR","Weir","1.7920148561","11.6691957511","13.4180253491","32","92","Balanced","Large Cap"
"dk","ROCK B","Rockwool A/S","1.5250004058","11.3017429194","15.535746771","32","97","Adventurous","Large Cap"
"at","FLU","Flughafen Wien AG","2.6829268293","25.3510156955","12.7730495389","32","97","Balanced","Large Cap"
"fi","PUUILO","Puuilo Oyj","3.6224976168","15.7505910165","48.0446927374","31","94","Adventurous","Mid Cap"
"gb","HILS","Hill & Smith","2.0476190476","12.0149433598","16.7907260525","31","98","Balanced","Mid Cap"
"gb","CHRT","Cohort","1.6686746988","12.3412678527","14.7041216771","30","92","Adventurous","Small Cap"
"gb","AJB","AJ Bell","2.9908972692","43.0747894272","49.6239913358","30","96","Adventurous","Mid Cap"
"gb","IMI","IMI","1.5101387407","12.9007285974","24.5169955574","30","98","Balanced","Large Cap"
"se","BUFAB","Bufab AB (publ)","1.3171759747","15.65794149","14.8945329316","30","81","Speculative","Mid Cap"
"se","BAHN B","Bahnhof AB (publ)","3.9292730845","14.6551056098","36.3417876235","30","99","Speculative","Mid Cap"
"fr","ANTIN","Antin Infrastructure Partners SAS","5.4447852761","42.6113947141","15.4002226692","30","95","Speculative","Mid Cap"
"fr","IPN","Ipsen SA","0.9724473258","21.068231309","17.215309937","29","81","Balanced","Large Cap"
"fr","BVI","Bureau Veritas SA","2.9600570613","11.2836156652","26.5230898847","29","96","Conservative","Large Cap"
"gb","FNX","Fonix Mobile","3.1872340426","22.4055519168","103.740782604","29","98","Adventurous","Small Cap"
"fr","VETO","Vetoquinol SA","0.8095238095","13.2977246061","10.9849503353","29","96","Adventurous","Mid Cap"
"fi","GOFORE","Gofore Oyj","1.8687872763","11.757901631","18.8106307837","29","99","Adventurous","Small Cap"
"be","SPA","Societe de Services de Participations, de Direction et d'Elaboration SA","0.9277108434","11.6170769991","10.5190414544","29","99","Balanced","Mid Cap"
"ch","BOSN","Bossard Holding AG","1.7467248908","11.1626453728","20.0796541107","28","93","Adventurous","Mid Cap"
"ch","NESN","Nestle SA","3.2154340836","10.4711929289","28.8430857907","28","87","Conservative","Large Cap"
"gb","ITRK","Intertek","2.2228855721","12.5604590381","22.811996625","28","80","Conservative","Large Cap"
"se","BEIA B","Beijer Alma AB","1.7660550459","10.0557063277","13.6752136752","28","97","Adventurous","Mid Cap"
"se","SAND","Sandvik AB","2.3099538009","10.6618916467","14.1784727791","27","87","Balanced","Large Cap"
"de","YSN","Secunet Security Networks AG","1.6785206259","10.9397411244","21.9720714244","27","91","Speculative","Mid Cap"
"dk","PNDORA","Pandora A/S","1.5789473684","21.5350274725","104.5252306023","27","90","Adventurous","Large Cap"
"se","TRUE B","Truecaller AB","4.786036036","30.5167833038","31.460688038","27","85","Highly Speculative","Mid Cap"
"gb","SPSY","Spectra Systems","3.7164002179","34.7052444795","20.4094407837","26","80","Balanced","Small Cap"
"fi","MEKKO","Marimekko Oyj","2.6390870185","16.1153793854","39.2419925483","26","98","Adventurous","Mid Cap"
