"Flag","Ticker","Name","Yield TTM (%)","FCF / Sales TTM (%)","ROE TTM (%)","Value Rank","Quality Rank","Risk Rating","Size Group"
"no","PNOR","Petronor E&P ASA","0","16.5841914493","38.8472820083","97","93","Speculative","Small Cap"
"no","MPCC","Mpc Container Ships ASA","30.2325460231","32.6036649318","44.2562759526","97","88","Speculative","Mid Cap"
"se","SSAB A","SSAB AB","8.0906148867","10.9114204283","16.7902209871","96","87","Adventurous","Large Cap"
"no","BWLPG","BW LPG","25.3445578683","13.4590512123","31.8999336489","95","93","Speculative","Mid Cap"
"no","WAWI","Wallenius Wilhelmsen ASA","11.7552033939","31.2293649252","24.8969982343","95","90","Speculative","Large Cap"
"de","DE1","Deufol SE","2.2058823529","12.1003305681","12.552227857","95","96","Adventurous","Small Cap"
"es","IBG","Iberpapel Gestion SA","0","11.0084462558","15.5589415628","94","80","Conservative","Small Cap"
"no","HAUTO","Hoegh Autoliners ASA","33.4486816846","40.58770735","51.0271863701","94","91","Speculative","Mid Cap"
"nl","VTA","Volta Finance","10.4901960784","85.1831527608","19.2261500357","93","92","Conservative","Small Cap"
"fr","TFI","Television Francaise 1 SA","6.4935064935","14.2987765054","10.0571248886","93","91","Balanced","Mid Cap"
"de","NEP","SLOMAN NEPTUN Schiffahrts-AG","2.6086956522","33.1989398099","24.8443513778","92","85","Speculative","Small Cap"
"de","BIJ","Bijou Brigitte modische Accessoires AG","13.1578947368","20.0164867435","15.0729159195","91","89","Adventurous","Small Cap"
"gb","MTL","Metals Exploration","0","33.0162737482","138.4243312275","91","93","Speculative","Small Cap"
"gb","CARD","Card Factory","0","16.9477581242","19.8622273249","90","97","Speculative","Mid Cap"
"it","PQ","Piquadro SpA","5.7052054795","10.8301755663","18.5622820259","89","93","Balanced","Small Cap"
"es","A3M","Atresmedia Corporacion de Medios de Comunicacion SA","8.7682672234","14.1292878841","23.6887248711","88","87","Balanced","Mid Cap"
"no","KCC","Klaveness Combination Carriers ASA","13.1309908836","41.2841353085","26.3632681727","87","88","Adventurous","Mid Cap"
"gb","SHOE","Shoe Zone","5.7","15.427057112","42.1300870009","87","92","Speculative","Small Cap"
"ch","CPHN","CPH Chemie und Papier Holding AG","4.555808656","12.194262014","18.906362158","87","84","Conservative","Mid Cap"
"it","BAN","Basic Net SpA","3.937007874","10.6768282055","15.5294282538","87","95","Balanced","Small Cap"
"de","EUK3","Eurokai GmbH & Co KGaA","4.7445255474","22.8276032562","11.4215160644","86","87","Adventurous","Small Cap"
"fr","MMT","Metropole Television SA","8.7290502793","16.889632107","18.6965897293","86","98","Balanced","Mid Cap"
"it","DIS","d'Amico International Shipping SA","3.6619535396","46.2348962806","35.0705150426","86","96","Adventurous","Mid Cap"
"no","AKRBP","Aker BP ASA","8.7127033269","10.3260719107","13.5588832116","85","89","Adventurous","Large Cap"
"no","RANA","Rana Gruber ASA","15.45","27.6581890945","56.7964545632","85","81","Adventurous","Small Cap"
"se","PROF B","ProfilGruppen AB","3.8167938931","14.3782542741","16.0197600565","85","80","Speculative","Small Cap"
"gb","KGH","Knights group","4.6129032258","11.054482268","10.3765808369","85","82","Highly Speculative","Small Cap"
"de","FEV","Fortec Elektronik AG","3.7946428571","12.0466659573","13.6218740179","83","99","Balanced","Small Cap"
"dk","TRMD A","Torm","17.0497733462","19.3934726087","40.9606139559","83","82","Speculative","Large Cap"
"fr","TTE","TotalEnergies SE","4.5490939431","10.4852816917","18.4613768563","83","80","Balanced","Large Cap"
"gb","FUTR","Future","0.5523964257","21.7391304348","10.4256688425","82","84","Speculative","Mid Cap"
"se","DUNI","Duni AB","4.9019607843","13.267685929","11.7576123003","82","86","Adventurous","Mid Cap"
"no","NORAM","Noram Drilling AS","0","35.1145038168","23.7711715334","81","91","Highly Speculative","Small Cap"
"dk","UIE","Uie","9.4339819013","28.1542796438","18.0395140868","81","93","Conservative","Mid Cap"
"it","TEN","Tenaris SA","3.2232391243","25.3928545968","25.4844427311","81","99","Adventurous","Large Cap"
"se","BETS B","Betsson AB","0","19.9325036912","24.9841471148","81","99","Adventurous","Mid Cap"
"it","CEM","Cementir Holding NV","2.8776978417","11.4393591962","14.0262401667","81","94","Balanced","Mid Cap"
"it","FILA","FILA Fabbrica Italiana Lapis ed Affini SpA","1.3651877133","13.7665991173","35.2127440056","80","90","Balanced","Mid Cap"
"gb","AGFX","Argentex","4.5146726862","12.1739130435","19.6286472149","80","95","Speculative","Small Cap"
"gb","FDM","FDM (Holdings)","11.0599078341","14.8223669436","50.9964096726","80","97","Adventurous","Mid Cap"
"gb","OCN","Ocean Wilsons Holdings","4.9403166162","12.8362300317","11.5988762334","80","97","Balanced","Mid Cap"
"no","WWI","Wilh Wilhelmsen Holding ASA","4.0018296855","14.7030185005","18.7148594378","80","86","Balanced","Mid Cap"
"ch","CFT","Compagnie financiere Tradition SA","3.8327526132","26.5236779981","21.9819815373","79","82","Conservative","Mid Cap"
"no","SBO","Selvaag Bolig ASA","5.7971014493","36.6537917583","10.5508609264","78","87","Adventurous","Small Cap"
"fi","ALEX","Alexandria Oyj","10.3311258278","21.5364160808","24.9887570753","78","85","Adventurous","Small Cap"
"gb","IHR","Impact Healthcare REIT","6.4246737841","59.3409855531","10.56917168","77","81","Conservative","Small Cap"
"es","NTH","Naturhouse Health SA","5.9880239521","40.4308925348","38.6501702688","76","95","Balanced","Small Cap"
"fr","BB","Societe BIC SA","6.5793528505","10.988264257","12.2024963092","76","98","Balanced","Mid Cap"
"it","MN","Arnoldo Mondadori Editore SpA","2.7210884354","12.1111439015","22.7924608232","75","81","Balanced","Mid Cap"
"gb","SOM","Somero Enterprises","7.2974852422","18.8120862642","34.8937709293","74","84","Adventurous","Small Cap"
"gb","CLIG","City of London Investment","10.3156717014","29.8218170959","11.3928346662","74","96","Balanced","Small Cap"
"fr","ABCA","ABC Arbitrage SA","10.5128205128","39.7707143284","13.7742389945","74","89","Conservative","Small Cap"
"gb","PAY","PayPoint","5.247148289","57.4993488364","30.5927591815","74","81","Balanced","Mid Cap"
"fr","VRLA","Verallia SA","6.0461192351","11.2300835084","49.1811855805","73","95","Balanced","Large Cap"
"gb","JET2","Jet2","0.288184438","11.1385422165","29.7863513794","73","86","Adventurous","Large Cap"
"fr","ML","Compagnie Generale des Etablissements Michelin SCA","3.7667410714","10.7645626786","11.3104234992","72","81","Balanced","Large Cap"
"be","COLR","Colruyt NV","1.304145319","11.3352185951","35.2670776467","72","91","Adventurous","Large Cap"
"de","EIN3","Einhell Germany AG","1.8170426065","16.8333326549","14.6243964599","72","86","Adventurous","Mid Cap"
"gb","GMS","Gulf Marine Services","0","53.6889111693","13.4850518549","72","80","Speculative","Small Cap"
"es","YHSP","Hispanotels Inversiones SOCIMI SA","8.9310169492","81.0873931579","12.481935387","72","97","Balanced","Small Cap"
"no","ELO","Elopak ASA","4.4452920734","10.2822236963","24.1805908336","71","94","Adventurous","Mid Cap"
"gb","KETL","Strix","0","20.4584122944","41.0602739379","71","94","Speculative","Small Cap"
"be","PAY","Payton Planar Magnetics","4.9460175958","34.0309173108","21.2560655532","70","88","Adventurous","Small Cap"
"es","MCM","Miquel y Costas & Miquel SA","2.8701754386","17.1528422114","12.4699301679","70","97","Conservative","Mid Cap"
"it","BZU","Buzzi SpA","1.7921146953","11.932143892","18.3540410384","70","95","Balanced","Large Cap"
"de","NLM","Frosta AG","2.9850746269","15.3602927378","15.5680984288","70","99","Balanced","Mid Cap"
"gb","N91","Ninety One","7.6688983567","15.3500140568","46.8569738204","70","85","Balanced","Mid Cap"
"gb","CFX","Colefax","0.3354037267","10.2825633553","19.4010080124","69","95","Balanced","Small Cap"
"gb","BRBY","Burberry","5.4871122761","15.7074721781","31.9500550863","69","87","Balanced","Large Cap"
"it","ZV","Zignago Vetro SpA","6.038647343","21.8986974173","34.6396701092","68","96","Balanced","Mid Cap"
"dk","HLUN A","H Lundbeck A/S","2.5044722719","17.9740859783","10.6949374183","68","99","Adventurous","Large Cap"
"no","EPR","Europris ASA","4.6762589928","18.5380110847","25.5611003569","68","93","Balanced","Mid Cap"
"de","S9I","Stemmer Imaging AG","8.0357142857","13.1598914507","19.1171823728","68","94","Adventurous","Small Cap"
"gb","NXQ","Nexteq","2.2307697005","15.3206411949","14.1006728778","67","94","Speculative","Small Cap"
"gb","ULTP","Ultimate Products","4.2898550725","12.4472029861","26.6686710764","67","98","Speculative","Small Cap"
"fi","TITAN","Titanium Oyj","11.0476190476","45.2781063259","39.7230590566","66","90","Balanced","Small Cap"
"se","ARPL","Arla Plast AB","2.7533039648","15.6733326766","12.5234346409","66","91","Adventurous","Small Cap"
"fi","ICP1V","Incap Oyj","0","17.0471724935","20.4134180631","66","84","Speculative","Small Cap"
"it","OMER","Omer Spa","1.8575851393","25.1258574275","16.1734994295","66","91","Adventurous","Small Cap"
"gb","ASHM","Ashmore","9.2400218699","52.8311965812","11.1903952883","65","91","Adventurous","Mid Cap"
"gb","PLUS","Plus500","2.9814860697","46.9154502892","36.6682429237","65","95","Balanced","Mid Cap"
"gb","IGG","IG group","6.2116040956","11.2148584188","15.6668138949","65","86","Conservative","Large Cap"
"no","ABG","ABG Sundal Collier Holding ASA","8.431703204","15.3831805015","21.9304173047","64","94","Balanced","Small Cap"
"se","INDU A","Industrivarden AB","2.2450753187","24.344838357","20.7303250817","64","80","Conservative","Large Cap"
"fi","KCR","Konecranes Abp","2.9032258065","12.729748128","18.2052382997","64","88","Adventurous","Large Cap"
"se","CX","CombinedX AB (publ)","4.0241448692","10.134517435","20.4263900893","63","99","Speculative","Small Cap"
"de","MBH3","Maschinenfabrik Berthold Hermle AG","5.0688073394","21.6926257228","25.2352352352","63","98","Balanced","Mid Cap"
"de","NWO","New Work SE","1.6611295681","10.7502920475","25.3135439305","63","99","Adventurous","Small Cap"
"se","PREV B","Prevas AB","3.893442623","10.7932544605","20.5185581892","63","85","Adventurous","Small Cap"
"gb","REC","Record","7.4918566775","26.0436744597","34.9375166179","62","99","Adventurous","Small Cap"
"se","FMM B","FM Mattsson AB (publ)","4.6468401487","11.1422273829","14.5708508811","61","91","Speculative","Small Cap"
"fr","SK","SEB SA","2.3561151079","10.5583312516","12.13092097","60","82","Balanced","Large Cap"
"be","VAN","Van de Velde NV","4.8275862069","19.4677533094","20.1345978828","60","94","Balanced","Mid Cap"
"gb","TUNE","Focusrite","1.8644067797","11.8252878716","15.9066533195","59","88","Speculative","Small Cap"
"be","SMAR","Smartphoto NV","2.7222222222","11.0076797766","14.1501822898","58","99","Balanced","Small Cap"
"no","CAMBI","Cambi ASA","6.8965517241","19.6907638747","49.8983602114","58","88","Speculative","Small Cap"
"nl","VPK","Koninklijke Vopak NV","3.3499737257","31.1307519641","14.6812931909","57","88","Balanced","Large Cap"
"se","PACT","Proact IT AB","1.9305019305","10.0411877503","17.9081673138","57","92","Adventurous","Small Cap"
"de","AAD","Amadeus Fire AG","4.4169611307","15.2944525639","22.4662589468","56","91","Balanced","Mid Cap"
"gb","BOY","Bodycote","3.3480825959","13.6074766355","10.8926639944","56","99","Balanced","Mid Cap"
"gb","DNLM","Dunelm","4.2726347915","12.5753146811","84.6872346448","56","93","Adventurous","Mid Cap"
"gb","BKG","Berkeley group","2.7674118659","10.4391280397","13.754265181","56","89","Balanced","Large Cap"
"gb","HL.","Hargreaves Lansdown","5.7049714751","39.6521969999","45.8023379384","56","92","Adventurous","Large Cap"
"es","CBAV","Clinica Baviera SA","5.5281690141","15.6202218572","45.434887597","55","98","Adventurous","Mid Cap"
"be","FLUX","Fluxys Belgium NV","4.8039215686","28.929398031","12.326128246","55","87","Conservative","Mid Cap"
"fr","ALVU","Vente-Unique.Com SA","3.0882352941","10.0268697924","19.7147895636","54","91","Adventurous","Small Cap"
"gb","CBOX","Cake Box Holdings","5.0149253731","15.0709626868","26.9960355185","54","98","Speculative","Small Cap"
"gb","ASY","Andrews Sykes","4.5043478261","27.1183008327","27.225832687","53","96","Balanced","Small Cap"
"gb","CKN","Clarkson","2.5531914894","22.5993118549","19.4363910472","53","97","Balanced","Mid Cap"
"it","ERG","ERG SpA","4.0916530278","77.8403109564","10.2549239742","53","80","Balanced","Large Cap"
"ch","VBSN","IVF Hartmann Holding AG","5.8571428571","21.2263353903","10.2681249555","53","93","Balanced","Small Cap"
"gb","IPX","Impax Asset Management","6.4186046512","21.2102014386","28.8252932357","53","86","Speculative","Mid Cap"
"se","ZZ B","Zinzino AB","4.2134831461","13.9929735397","78.2958395398","52","99","Speculative","Small Cap"
"de","FNTN","freenet AG","0","13.0323906672","10.605981609","52","94","Balanced","Large Cap"
"ch","BBN","Bellevue AG","6.1170212766","10.4228482262","11.8764993856","52","89","Adventurous","Small Cap"
"gb","BME","B&M European Value Retail SA","2.8367425704","12.4641010913","46.0739779364","51","95","Balanced","Large Cap"
"se","SLEEP","Sleep Cycle AB (publ)","6.7251461988","19.4413625469","42.4278647222","51","99","Speculative","Small Cap"
"se","INVE B","Investor AB","1.8038331454","25.5585538347","22.6313580555","51","86","Conservative","Large Cap"
"fr","DKUPL","Adl Partner SA","2.3783783784","10.4368932039","38.1750389249","50","92","Adventurous","Small Cap"
"gb","MEGP","ME International","4.4145758662","11.3188784595","34.7459341579","50","97","Adventurous","Mid Cap"
"de","SSH","Suedwestdeutsche Salzwerke AG","2.8947368421","19.0831351246","13.2568316957","50","84","Speculative","Mid Cap"
"se","BORG","Bjorn Borg AB","0","12.3505395322","22.2708537322","49","98","Adventurous","Small Cap"
"no","KID","Kid ASA","4.2059219381","23.3697026156","24.2462895861","49","88","Adventurous","Mid Cap"
"se","ESSITY B","Essity AB (publ)","2.9037092544","11.5243292994","12.6503426134","49","97","Conservative","Large Cap"
"gb","MONY","Moneysupermarket.Com","5.659494855","21.1062254108","33.8769804287","49","99","Balanced","Mid Cap"
"se","HPOL B","Hexpol AB","4.6875","12.8866914633","17.8097657353","48","84","Balanced","Large Cap"
"gb","MSI","MS International","1.8390804598","30.5374214281","17.0946713713","48","87","Speculative","Small Cap"
"gb","RKT","Reckitt Benckiser","4.4191919192","14.9722735675","18.2661673467","47","84","Conservative","Large Cap"
"no","NKR","Nekkar Asa","0","18.3756825511","12.5216303433","46","95","Adventurous","Small Cap"
"be","EVS","Evs Broadcast Equipment SA","2.3123123123","18.8745373605","20.1291236482","46","96","Balanced","Mid Cap"
"fi","ALMA","Alma Media Oyj","4.5454545455","19.162851537","24.8821019537","46","85","Balanced","Mid Cap"
"se","CLAS B","Clas Ohlson AB","1.1078286558","15.3047330664","27.1156483316","46","89","Adventurous","Mid Cap"
"ch","PRO","Procimmo AG","4.9657894737","42.8869706539","30.0249573012","46","87","Adventurous","Small Cap"
"se","LIAB","Lindab International AB","2.5641025641","10.8052463017","12.1389762654","46","81","Adventurous","Mid Cap"
"it","DLG","De' Longhi SpA","2.1696891192","15.8987406629","14.4298864407","46","95","Adventurous","Large Cap"
"gb","GSK","GSK","3.5355074672","14.5871801635","41.1609939445","45","87","Conservative","Large Cap"
"de","EKT","Energiekontor AG","1.9077901431","42.571071721","53.9448127622","45","95","Adventurous","Mid Cap"
"it","RWAY","Rai Way SpA","6.1961538462","32.9532916513","47.5245714231","44","98","Conservative","Mid Cap"
"fr","LIN","Linedata Services SA","2.4717514124","20.2792902079","18.3768262129","43","85","Adventurous","Small Cap"
"ch","JFN","Jungfraubahn Holding AG","3.2178217822","21.9681734231","12.2675594615","43","86","Conservative","Mid Cap"
"se","VBG B","VBG AB (publ)","1.9444444444","10.2823011989","16.3334295172","43","98","Balanced","Mid Cap"
"de","SIE","Siemens AG","2.7058146229","14.063500192","19.243349324","42","94","Balanced","Large Cap"
"gb","NICL","Nichols","4.3887775551","11.4401344727","19.7358097142","42","92","Balanced","Mid Cap"
"se","COIC","Concentric AB","2.2972972973","12.3900118906","19.6189131969","42","94","Adventurous","Mid Cap"
"se","RUG","Rugvista AB (publ)","2.6706231454","16.4351334301","13.370753555","41","99","Speculative","Small Cap"
"no","VISTN","Vistin Pharma ASA","4.2553191489","16.0231607381","15.3146714714","40","88","Adventurous","Small Cap"
"gb","ELIX","Elixirr International","0","19.4050183385","15.9998514923","40","92","Speculative","Small Cap"
"no","BOUV","Bouvet ASA","4.2975206612","13.5309511904","71.9107157063","40","88","Balanced","Mid Cap"
"dk","ROCK B","Rockwool A/S","1.9117342225","10.5248618785","14.4502228826","39","97","Adventurous","Large Cap"
"de","FPE3","Fuchs Se","2.5296262534","12.9906805987","15.5030236394","39","97","Balanced","Large Cap"
"gb","WIL","Wilmington","2.9261363636","23.8404815377","22.9732786197","38","95","Adventurous","Small Cap"
"gb","NXT","Next","2.2737258348","16.5397923875","65.4377880184","38","93","Balanced","Large Cap"
"gb","ALPH","Alpha International","0.7804878049","68.4540301697","48.5572231774","38","91","Adventurous","Mid Cap"
"no","SALM","SalMar ASA","5.0946142649","24.6003408822","12.9717587982","38","98","Adventurous","Large Cap"
"se","SINT","SinterCast AB","6.0396039604","29.6875","37.3392461197","38","99","Adventurous","Small Cap"
"it","CMB","Cembre SpA","4.2154566745","13.5901433829","20.7346615407","37","99","Balanced","Mid Cap"
"gb","ULVR","Unilever","3.5968191434","12.8867190121","34.9486841042","37","90","Conservative","Large Cap"
"fi","ELISA","Elisa Oyj","5.2792116377","16.6000091941","27.1642454788","37","94","Conservative","Large Cap"
"gb","JHD","James Halstead","4.1457286432","18.2725785622","26.8541990845","37","98","Balanced","Mid Cap"
"se","HM B","H & M Hennes & Mauritz AB","3.6475869809","10.2409382026","19.1685489286","37","92","Adventurous","Large Cap"
"fr","CDI","Christian Dior SE","1.7869415808","12.2920850115","31.0809811414","37","95","Balanced","Large Cap"
"dk","CARL B","Carlsberg A/S","2.8475005273","10.0074743494","25.2466627974","36","83","Conservative","Large Cap"
"fr","GET","Getlink SE","3.5177486409","48.7698195735","13.3042354197","36","88","Conservative","Large Cap"
"se","BAHN B","Bahnhof AB (publ)","4.3763676149","21.1191698652","38.7597304782","36","98","Speculative","Mid Cap"
"ch","SGSN","SGS SA","7.7953714982","12.4433705829","96.9325153374","36","84","Conservative","Large Cap"
"se","PRFO","Profoto Holding AB (publ)","5.3116147309","15.1207115629","39.3900889454","35","92","Speculative","Small Cap"
"de","TMV","TeamViewer SE","0","35.7845757625","114.6213469252","35","90","Speculative","Mid Cap"
"gb","WEIR","Weir","1.9623792578","11.6691957511","13.4180253491","35","93","Balanced","Large Cap"
"de","PSG","PharmaSGP Holding SE","2.2072072072","26.0412288705","46.747536485","35","97","Adventurous","Small Cap"
"gb","HILS","Hill & Smith","2.2679324895","12.0149433598","16.7907260525","34","99","Balanced","Mid Cap"
"gb","SXS","Spectris","2.4339274739","11.7651117858","10.563789596","34","99","Balanced","Large Cap"
"be","FAGR","Fagron NV","1.1904761905","11.2924005657","16.2495278108","34","94","Balanced","Mid Cap"
"se","BUFAB","Bufab AB (publ)","1.4611338399","15.668202765","17.7874186551","34","88","Speculative","Mid Cap"
"no","NORBT","Norbit ASA","3.75","15.754822569","26.6101816615","34","94","Adventurous","Small Cap"
"es","AENA","Aena SME SA","4.3896848138","16.6052888376","22.7371530019","33","84","Balanced","Large Cap"
"ch","BOSN","Bossard Holding AG","2.0161290323","11.1626453728","20.0796541107","33","94","Adventurous","Mid Cap"
"gb","AJB","AJ Bell","3.4733441034","44.8646865291","45.5657563846","32","92","Adventurous","Mid Cap"
"gb","BA.","BAE Systems","2.2727272727","12.1457665309","17.057040507","32","90","Conservative","Large Cap"
"fr","CAP","Capgemini SE","1.6907011437","10.0612734215","16.4808483227","32","96","Balanced","Large Cap"
"fi","PUUILO","Puuilo Oyj","3.8578680203","15.7505910165","48.0446927374","32","95","Adventurous","Mid Cap"
"ch","NOVN","Novartis AG","3.9738575999","21.6349276182","19.8552336102","32","93","Conservative","Large Cap"
"fr","IPN","Ipsen SA","1.0685663402","21.068231309","17.215309937","32","81","Balanced","Large Cap"
"gb","IMI","IMI","1.6405797101","12.9007285974","24.5169955574","32","98","Balanced","Large Cap"
"ch","FHZN","Flughafen Zuerich AG","2.835741038","20.4723772547","11.097127223","31","90","Conservative","Large Cap"
"gb","CHRT","Cohort","1.7894056848","12.3412678527","14.7041216771","31","93","Adventurous","Small Cap"
"gb","FSG","Foresight group","5","34.033591864","12.5775873822","31","99","Adventurous","Mid Cap"
"gb","HWDN","Howden Joinery","2.4082568807","10.9654247263","27.5228366034","31","80","Balanced","Large Cap"
"fr","ANTIN","Antin Infrastructure Partners SAS","5.7911908646","42.6113947141","15.4002226692","31","95","Speculative","Mid Cap"
"be","KIN","Kinepolis NV","0.961298377","19.5583632685","31.8951392682","31","88","Adventurous","Mid Cap"
"fi","GOFORE","Gofore Oyj","2.0128479657","11.757901631","18.8106307837","30","99","Adventurous","Small Cap"
"se","BEIA B","Beijer Alma AB","1.9346733668","10.6509735542","13.9911039224","30","83","Adventurous","Mid Cap"
"se","MSAB B","Micro Systemation AB (publ)","3.0612244898","17.8357544928","25.8618236996","30","99","Speculative","Small Cap"
"fi","MEKKO","Marimekko Oyj","3.0578512397","15.7387783234","38.9574375015","30","92","Adventurous","Mid Cap"
"fr","VETO","Vetoquinol SA","0.8673469388","13.2977246061","10.9849503353","30","96","Adventurous","Mid Cap"
"fi","WRT1V","Wartsila Oyj Abp","2.0486555698","11.2053200333","11.8402937127","29","96","Adventurous","Large Cap"
"gb","SPSY","Spectra Systems","4.1571115815","34.7052444795","20.4094407837","29","80","Balanced","Small Cap"
"se","SAND","Sandvik AB","2.4707996406","10.6618916467","14.1784727791","29","87","Balanced","Large Cap"
"fr","BVI","Bureau Veritas SA","3.0380673499","11.2836156652","26.5230898847","29","97","Conservative","Large Cap"
"se","TRUE B","Truecaller AB","4.9533799534","32.1570714242","30.2347147356","29","92","Highly Speculative","Mid Cap"
"ch","LOGN","Logitech International SA","0","24.818079908","21.8497844459","28","96","Adventurous","Large Cap"
