"Flag","Ticker","Name","Yield TTM (%)","FCF / Sales TTM (%)","ROE TTM (%)","Value Rank","Quality Rank","Risk Rating","Size Group"
"no","PNOR","Petronor E&P ASA","0","30.1175343611","46.2464033482","98","91","Speculative","Small Cap"
"se","G5EN","G5 Entertainment AB (publ)","6.3694267516","13.7712772188","21.288323738","89","98","Speculative","Small Cap"
"no","RANA","Rana Gruber ASA","17.0247933884","27.6581890945","56.7964545632","88","80","Adventurous","Small Cap"
"fi","ALEX","Alexandria Oyj","9.8734177215","21.5364160808","24.9887570753","77","84","Adventurous","Small Cap"
"no","2020","2020 Bulkers","3.7610150833","49.3557978196","31.9544364508","74","87","Adventurous","Small Cap"
"no","NORAM","Noram Drilling AS","3.0256583552","30.3655836233","13.8498730811","65","91","Highly Speculative","Small Cap"
"se","FMM B","FM Mattsson AB (publ)","5.0403225806","11.2599121448","11.367816092","65","95","Adventurous","Small Cap"
"fi","TITAN","Titanium Oyj","10.3571428571","45.2781063259","39.7230590566","65","89","Balanced","Small Cap"
"se","ARPL","Arla Plast AB","2.358490566","16.464077478","14.3886171632","64","95","Adventurous","Small Cap"
"se","RUG","Rugvista AB (publ)","3.4615384615","18.7503224438","12.3260664801","61","95","Speculative","Small Cap"
"se","TRAC B","Traction AB","3.9885496183","11728.571428571","10.783081024","59","90","Balanced","Small Cap"
"se","SLEEP","Sleep Cycle AB (publ)","6.6473988439","26.7437365313","40.8402881084","57","99","Speculative","Small Cap"
"se","BERNER B","Berner Industrier AB","3.1542056075","12.1496685266","20.0180024516","56","97","Highly Speculative","Small Cap"
"se","NIL B","Nilorngruppen AB","1.3698630137","10.3705333482","17.5430858239","52","99","Adventurous","Small Cap"
"no","CAMBI","Cambi ASA","6.8965517241","14.7786259542","37.5433975817","51","87","Speculative","Small Cap"
"fi","ICP1V","Incap Oyj","0","15.7019012505","19.0287831948","48","90","Speculative","Small Cap"
"se","ZZ B","Zinzino AB","3.9113428944","10.0017640812","69.121804964","47","98","Speculative","Small Cap"
"se","PACT","Proact IT AB","1.2820512821","11.6955408685","20.2914935707","41","91","Adventurous","Small Cap"
"fi","GOFORE","Gofore Oyj","2.1315192744","11.757901631","18.8106307837","35","99","Adventurous","Small Cap"
"se","EPEN","Ependion AB","0.8460236887","10.3138599824","14.907801359","34","92","Speculative","Small Cap"
"se","SINT","SinterCast AB","5.1694915254","34.8571428571","35.5124420076","33","99","Adventurous","Small Cap"
"se","MSAB B","Micro Systemation AB (publ)","3.355704698","16.3765037919","13.370528109","30","99","Adventurous","Small Cap"
"no","NORBT","Norbit ASA","3.1211750306","11.2375533428","21.9376466644","22","89","Adventurous","Small Cap"
"se","ABSO","Absolent Air Care AB","0.9146341463","12.8806151037","17.3787279079","21","97","Adventurous","Small Cap"
