"Flag","Ticker","Name","Yield TTM (%)","FCF / Sales TTM (%)","ROE TTM (%)","Value Rank","Quality Rank","Risk Rating","Size Group"
"gb","ENW","Enwell Energy","0","122.5722680315","16.6665101383","98","88","Highly Speculative","Small Cap"
"no","PNOR","Petronor E&P ASA","0","30.8809746954","33.9606567534","97","85","Speculative","Small Cap"
"de","TPG","Platform AG","0","17.4352049816","85.6980869887","97","82","Speculative","Small Cap"
"it","DIS","d'Amico International Shipping SA","0","91.2942262464","29.6412060952","97","89","Adventurous","Mid Cap"
"no","BWLPG","BW LPG","24.1633950693","18.6851398364","33.2065184151","97","93","Speculative","Mid Cap"
"gb","BILN","Billington Holdings","7.6744186047","10.6045133103","23.2922427297","95","92","Adventurous","Small Cap"
"de","HXCK","Ernst Russ AG","17.4216027875","20.8271413829","41.5618048183","94","94","Speculative","Small Cap"
"se","G5EN","G5 Entertainment AB (publ)","8.1053698075","14.9602428947","18.2254002258","94","97","Speculative","Small Cap"
"fr","ELEC","Electricite de Strasbourg SA","7.7828054299","17.1240878871","30.3048502872","94","95","Conservative","Mid Cap"
"gb","LIV","Livermore Investments","12.7848067691","89.3150338905","13.508113136","93","97","Adventurous","Small Cap"
"gb","SHOE","Shoe Zone","7.7288135593","16.1028181431","43.2489642868","93","89","Speculative","Small Cap"
"no","KCC","Klaveness Combination Carriers ASA","17.4665978124","37.7810061658","27.3042401391","92","93","Balanced","Mid Cap"
"no","AKRBP","Aker BP ASA","11.2103515959","15.5417744931","11.4382169885","92","89","Adventurous","Large Cap"
"es","A3M","Atresmedia Corporacion de Medios de Comunicacion SA","9.900990099","21.0753216452","24.5285648154","91","96","Balanced","Mid Cap"
"no","MPCC","Mpc Container Ships ASA","21.5886372507","27.9804107055","31.5957372764","91","80","Speculative","Mid Cap"
"gb","CARD","Card Factory","6.340378198","12.3305974423","13.6546184739","91","84","Speculative","Small Cap"
"no","HAUTO","Hoegh Autoliners ASA","36.8743346814","36.7402389761","52.5803828847","90","86","Speculative","Mid Cap"
"fr","MMT","Metropole Television SA","11.3224637681","11.5726343847","17.7980510056","89","92","Balanced","Mid Cap"
"se","LINC","Linc AB","0","61.5305951565","41.2931829465","89","81","Adventurous","Small Cap"
"no","2020","2020 Bulkers","10.4091310641","48.7261146497","54.5858457632","88","86","Adventurous","Small Cap"
"fr","KOF","Kaufman & Broad SA","7.465007776","15.415650915","27.4847735798","88","91","Adventurous","Mid Cap"
"gb","OCN","Ocean Wilsons Holdings","5.4546341288","21.7531279725","10.7097144811","87","96","Balanced","Mid Cap"
"gb","BGLF","Blackstone Loan Financing","12.1116883117","25.5547541409","32.1143213077","87","95","Conservative","Small Cap"
"gb","CAML","Central Asia Metals","11.3703440672","25.8162978433","10.7911657069","87","91","Adventurous","Small Cap"
"it","RCS","Rizzoli Corriere Della Sera Mediagroup SpA","0","10.845410628","14.2197829612","86","83","Balanced","Mid Cap"
"de","HP3A","Ringmetall SE","3.2679738562","11.3184926524","13.8666598705","85","88","Adventurous","Small Cap"
"gb","MER","Mears","3.7819650067","10.5047611803","20.769758463","85","81","Balanced","Small Cap"
"es","AZK","Azkoyen SA","5.8469055375","12.1441389261","15.151433812","85","98","Balanced","Small Cap"
"it","MN","Arnoldo Mondadori Editore SpA","5.7279236277","12.1114754896","22.6389291933","85","92","Conservative","Mid Cap"
"nl","EXO","Exor NV","0.4791666667","14.0406417112","55.2758506772","85","82","Balanced","Large Cap"
"ch","GAV","Carlo Gavazzi Holding AG","3.9215686275","10.7424914636","13.7845563691","85","86","Balanced","Small Cap"
"fr","VIL","Viel et Compagnie SA","3.6363636364","10.1459371563","23.5962860259","84","82","Conservative","Mid Cap"
"gb","DOCS","Dr Martens","4.2535446205","15.9046858967","17.9181771103","84","92","Speculative","Mid Cap"
"gb","AEP","Anglo-Eastern Plantations","1.7709232815","13.3454868928","11.5246352294","84","89","Balanced","Small Cap"
"at","TKA","Telekom Austria AG","4.6451612903","15.3609346712","12.7041354608","83","91","Conservative","Large Cap"
"pt","NOS","Nos SGPS SA","7.2832369942","27.5919063581","26.3124137509","83","83","Conservative","Mid Cap"
"ch","BBN","Bellevue AG","9.2369477912","46.8234399182","12.5727580227","83","93","Adventurous","Small Cap"
"gb","N91","Ninety One","7.2303921569","27.9611931654","44.7687144316","81","86","Balanced","Mid Cap"
"gb","SMIF","Twentyfour Select Monthly Income Fund","9.028436019","42.6738695275","20.2136818984","80","93","Conservative","Small Cap"
"it","TEN","Tenaris SA","5.3221194148","19.210367661","15.8500438783","80","83","Adventurous","Large Cap"
"gb","FEML","Fidelity Emerging Markets","2.3376464781","115.9171411918","16.264562825","79","93","Conservative","Mid Cap"
"no","RANA","Rana Gruber ASA","12.238410596","12.829854653","55.3665866772","78","82","Balanced","Small Cap"
"it","IWB","Italian Wine Brands S.P.A.","2.1186440678","14.0729958379","10.0677933815","78","83","Balanced","Small Cap"
"fr","BB","Societe BIC SA","6.8539325843","12.5076546099","12.642398961","77","96","Balanced","Mid Cap"
"it","GE","Gefran SpA","4.4967880086","12.8822332029","12.8397267472","77","93","Balanced","Small Cap"
"fr","IPS","Ipsos SA","3.6682970209","11.5117441279","13.1347465432","76","93","Balanced","Mid Cap"
"gb","SOM","Somero Enterprises","8.520621603","14.1729997889","31.1858567662","75","81","Adventurous","Small Cap"
"be","FLUX","Fluxys Belgium NV","6.5993265993","60.3966931324","14.8693595526","74","87","Conservative","Mid Cap"
"gb","MPE","M P Evans","4.9188807011","26.0070224218","13.9291289466","74","92","Balanced","Mid Cap"
"gb","JET2","Jet2","0.9478970496","10.4120692888","29.3021470128","74","82","Adventurous","Large Cap"
"ch","NEAG","Naturenergie Holding AG","2.5889524494","10.6546372375","11.2629480134","73","86","Speculative","Mid Cap"
"de","NLM","Frosta AG","3.2786885246","11.0598371168","15.3174952999","73","97","Balanced","Small Cap"
"gb","NCYF","CQS New City High Yield Fund","8.6872586873","37.7766037429","16.8968697825","73","83","Conservative","Small Cap"
"es","NTH","Naturhouse Health SA","8.875739645","29.2534322076","33.9879997209","73","83","Balanced","Small Cap"
"gb","ECEL","Eurocell","3.275862069","12.3102866779","11.568718186","72","92","Balanced","Small Cap"
"gb","BPM","B.P. Marsh & Partners","1.1323943662","118.3469230885","23.4905594222","72","97","Conservative","Small Cap"
"be","MOUR","Moury Construct SA","1.5247524752","19.6214918387","25.4630746807","72","99","Adventurous","Small Cap"
"fi","SCANFL","Scanfil Oyj","3.0707610147","11.1047422911","15.2300700625","72","88","Balanced","Mid Cap"
"it","ZV","Zignago Vetro SpA","7.5987841945","11.7692084305","34.2929351656","71","86","Balanced","Mid Cap"
"gb","KETL","Strix","0","24.9022783114","17.9454988553","71","94","Speculative","Small Cap"
"gb","FDM","FDM (Holdings)","8.9783281734","15.302065422","41.5073491798","71","82","Adventurous","Mid Cap"
"pt","NVG","Navigator SA","4.3240318907","10.5901510875","23.8155474312","71","86","Conservative","Mid Cap"
"de","AAD","Amadeus Fire AG","6.3613231552","11.5876317156","23.6220035834","71","83","Balanced","Mid Cap"
"gb","RIO","Rio Tinto","6.8067375772","13.1755759008","20.1145231011","70","85","Balanced","Large Cap"
"no","SBO","Selvaag Bolig ASA","3.1397174254","34.7072594882","10.5886897565","69","92","Balanced","Small Cap"
"gb","CCJI","CC Japan Income and Growth Trust","2.884097035","25.6114551084","24.4240760907","69","85","Conservative","Small Cap"
"dk","UIE","Uie","6.5593846162","27.5036344127","24.0991957004","69","87","Conservative","Mid Cap"
"se","LOOMIS","Loomis AB","3.7136066548","13.845177241","11.8619422974","69","91","Balanced","Mid Cap"
"gb","LUCE","Luceco","3.8161993769","12.367816092","20.8784940103","68","82","Speculative","Small Cap"
"es","ENG","Enagas SA","13.5093167702","25.6478288176","12.2580727125","67","83","Conservative","Large Cap"
"gb","CMCX","CMC Markets","3.795620438","18.3913740121","21.9401921422","67","99","Speculative","Mid Cap"
"gb","IPX","Impax Asset Management","8.275862069","28.5160033304","34.2364034349","66","91","Speculative","Mid Cap"
"se","ARPL","Arla Plast AB","2.6041666667","10.6868414798","13.3029458935","66","80","Adventurous","Small Cap"
"es","YHSP","Hispanotels Inversiones SOCIMI SA","6.4868115942","95.916927773","17.0518474263","66","90","Balanced","Small Cap"
"be","VAN","Van de Velde NV","5.7632933105","20.0425623725","20.2640661525","65","88","Balanced","Small Cap"
"be","PAY","Payton Planar Magnetics","4.6723440964","27.9150677923","23.8155510169","65","98","Adventurous","Small Cap"
"gb","ASHM","Ashmore","9.7406340058","42.9683698297","10.5198158752","65","85","Adventurous","Mid Cap"
"gb","IGG","IG group","4.907063197","38.0222422603","15.7629159089","64","96","Conservative","Large Cap"
"gb","CLIG","City of London Investment","8.6226656291","29.9854957056","11.0736561505","63","98","Balanced","Small Cap"
"se","NOTE","Note AB (publ)","0","12.8117297985","18.4563497571","62","82","Speculative","Small Cap"
"dk","HLUN A","H Lundbeck A/S","1.9178082192","23.0213143044","11.6469083895","61","98","Balanced","Large Cap"
"se","AMBEA","Ambea AB (publ)","1.572327044","13.1505476412","12.6107347577","61","81","Adventurous","Mid Cap"
"no","MULTI","Multiconsult ASA","4.2440318302","10.7860331031","43.1657855686","61","93","Balanced","Mid Cap"
"no","ABG","ABG Sundal Collier Holding ASA","7.1123755334","21.0615109601","32.3152637486","60","87","Balanced","Small Cap"
"gb","PLUS","Plus500","2.7320018376","51.9777748379","39.3077696395","60","97","Conservative","Mid Cap"
"fi","TITAN","Titanium Oyj","11.7408906883","40.1365267221","53.5507363835","60","89","Balanced","Small Cap"
"fr","THEP","Thermador Groupe SA","2.967189729","13.3514491726","14.0215364495","59","95","Balanced","Mid Cap"
"se","VBG B","VBG AB (publ)","2.397260274","11.3580671997","17.3932854037","58","98","Adventurous","Mid Cap"
"de","EKT","Energiekontor AG","2.7334851936","36.2414736917","47.9778472209","58","89","Adventurous","Mid Cap"
"gb","ALU","Alumasc","3.4789644013","10.4106270601","29.5116808636","58","87","Adventurous","Small Cap"
"de","ACT","AlzChem AG","2.0547945205","14.7840361872","28.3094727503","58","98","Adventurous","Mid Cap"
"it","BZU","Buzzi SpA","1.4340344168","11.1139368276","17.3201842251","57","84","Balanced","Large Cap"
"gb","REC","Record","7.4918566775","19.1009239517","33.3855110189","57","96","Adventurous","Small Cap"
"se","TRAC B","Traction AB","3.6538461538","11406.666666667","16.7522117046","57","89","Balanced","Small Cap"
"de","FNTN","freenet AG","0","13.1182881552","18.4424778761","57","94","Conservative","Large Cap"
"se","SOF B","Softronic AB","5.7203389831","14.0358010331","32.3795317221","56","100","Balanced","Small Cap"
"fi","DIGIA","Digia Oyj","2.65625","11.326757238","14.9859644525","56","92","Balanced","Small Cap"
"fi","IFA1V","Innofactor Oyj","0","10.0150621003","12.3291642508","56","94","Adventurous","Small Cap"
"fi","TTALO","Terveystalo Oyj","0","11.9212788418","12.1102575689","56","80","Balanced","Mid Cap"
"it","BEC","B&C Speakers SpA","4.4303797468","16.3741368306","28.6078468291","56","86","Balanced","Small Cap"
"dk","NKT","NKT A/S","0","22.5839267548","11.7723385432","56","85","Adventurous","Large Cap"
"fi","KALMAR","Kalmar Oyj","0","12.8624909203","18.342555492","56","84","Speculative","Mid Cap"
"fr","ALTPC","Societe Marseillaise du Tunnel Prado Carenage SA","7.6086956522","43.4238705582","14.2766422978","55","87","Adventurous","Small Cap"
"gb","MAB1","Mortgage Advice Bureau (Holdings)","4.6833333333","91.7465364894","15.619909239","55","91","Speculative","Small Cap"
"gb","MONY","MONY","6.2023385867","23.2684472612","36.0795454545","54","99","Balanced","Mid Cap"
"gb","MSI","MS International","1.9796954315","28.8037526466","25.0348310693","54","96","Speculative","Small Cap"
"be","EVS","Evs Broadcast Equipment SA","2.6013513514","18.6955741334","19.2735675103","53","87","Balanced","Small Cap"
"se","HTRO","Hexatronic AB","0","10.3307954844","12.4535059926","53","80","Highly Speculative","Mid Cap"
"gb","ASY","Andrews Sykes","5.0048309179","24.8317175665","32.3542338804","52","90","Conservative","Small Cap"
"de","WSU","Washtec AG","5.7142857143","10.1354042214","38.1831837873","52","88","Speculative","Mid Cap"
"de","SSH","Suedwestdeutsche Salzwerke AG","2.8448275862","20.379582926","16.0915875252","51","95","Speculative","Mid Cap"
"fi","TNOM","Talenom Oyj","5.7142857143","11.762663721","12.4264861046","51","90","Adventurous","Small Cap"
"de","M12","M1 Kliniken AG","3.0211480363","10.509243463","11.8541495076","50","93","Speculative","Small Cap"
"se","HPOL B","Hexpol AB","5.5299539171","10.3585464073","15.95805465","50","82","Balanced","Large Cap"
"be","DEME","DEME NV","0.9865771812","14.0069342321","14.398307276","50","91","Balanced","Large Cap"
"fr","ABCA","ABC Arbitrage SA","6.2761506276","34.6931552745","10.4007555486","49","89","Conservative","Small Cap"
"it","ENAV","Enav SpA","5.7242409159","16.4715094205","10.1016016203","49","93","Conservative","Mid Cap"
"de","FPE3","Fuchs Se","0","19.3621224951","17.662043589","49","98","Balanced","Large Cap"
"it","TYA","Toscana Aeroporti SpA","0","30.5647274527","12.0040865784","49","80","Conservative","Small Cap"
"ch","JFN","Jungfraubahn Holding AG","3.8782816229","14.3599972537","11.9543714904","49","85","Conservative","Mid Cap"
"it","DLG","De' Longhi SpA","0","14.9376364921","12.9926006532","48","93","Adventurous","Large Cap"
"se","NEWA B","New Wave AB","1.7967145791","13.5981689678","13.9154308277","48","88","Speculative","Mid Cap"
"se","PACT","Proact IT AB","1.5479876161","11.6955408685","20.2914935707","48","91","Adventurous","Small Cap"
"gb","CKN","Clarkson","2.6908150065","16.4226607257","18.9391324359","48","93","Balanced","Mid Cap"
"no","KID","Kid ASA","2.8135048232","17.5380665966","26.6636493611","48","95","Adventurous","Mid Cap"
"gb","HIK","Hikma Pharmaceuticals","3.1328644124","12.562147829","12.7374301676","47","87","Balanced","Large Cap"
"gb","PAY","PayPoint","4.6699266504","12.332268162","30.6491922671","47","98","Balanced","Mid Cap"
"fr","CAP","Capgemini SE","2.2193211488","11.1046145543","16.1580407539","47","83","Balanced","Large Cap"
"gb","TFW","FW Thorpe","2.2156862745","19.3841795697","14.4246713912","47","98","Balanced","Mid Cap"
"gb","BMY","Bloomsbury Publishing","2.2142857143","13.5612244633","19.5319319786","46","97","Adventurous","Mid Cap"
"be","MELE","Melexis NV","4.5398773006","10.2181286251","35.0590163481","46","81","Adventurous","Mid Cap"
"es","CBAV","Clinica Baviera SA","4.6865671642","21.2336747598","45.2148877199","46","83","Balanced","Mid Cap"
"ch","VBSN","IVF Hartmann Holding AG","5.4304635762","19.213713897","12.3991605943","46","96","Balanced","Small Cap"
"fi","KCR","Konecranes Abp","2.1176470588","10.068693856","21.9844597928","46","96","Adventurous","Large Cap"
"fr","ANTIN","Antin Infrastructure Partners SAS","7.1709233792","37.4241837214","23.8720276875","45","95","Speculative","Mid Cap"
"gb","DNLM","Dunelm","3.8258575198","11.7140345737","89.1509433962","45","92","Balanced","Mid Cap"
"de","PSG","PharmaSGP Holding SE","5.6666666667","19.0939985605","56.4888337469","44","98","Adventurous","Small Cap"
"es","APG","Axon Partners SA","4.4680851064","26.6935326449","27.6938882618","44","91","Balanced","Small Cap"
"gb","LSC","London Security","3.7538461538","10.1973624867","14.6600910859","44","95","Adventurous","Mid Cap"
"se","EPEN","Ependion AB","1.0989010989","13.1669780229","12.9848450078","43","86","Speculative","Small Cap"
"se","NTEK B","Novotek AB","2.4626865672","10.9155563558","25.0450552564","43","96","Speculative","Small Cap"
"fr","LIN","Linedata Services SA","2.1820448878","22.6556267115","25.1000423387","43","99","Adventurous","Small Cap"
"se","SLEEP","Sleep Cycle AB (publ)","5.2995391705","23.5346216097","98.572217964","42","99","Speculative","Small Cap"
"ch","COPN","Cosmo Pharmaceuticals NV","2.9607116561","52.8021752735","14.9661034632","42","87","Adventurous","Mid Cap"
"it","PVN","Piovan SpA","1.9708029197","10.9275816984","32.833301209","41","95","Adventurous","Mid Cap"
"no","BOUV","Bouvet ASA","5.0420168067","16.9696373847","91.449385664","41","96","Balanced","Mid Cap"
"fr","ERF","Eurofins Scientific SE","1.0546298249","10.0300425355","11.246595269","41","84","Adventurous","Large Cap"
"se","CLAS B","Clas Ohlson AB","2.2023809524","13.4657049869","40.3484341205","41","96","Adventurous","Mid Cap"
"fr","EQS","Equasens SA","2.990430622","17.882231969","23.0029433911","41","90","Adventurous","Mid Cap"
"it","RWAY","Rai Way SpA","6.1371428571","31.9192597833","50.6829232149","40","95","Conservative","Mid Cap"
"ch","APGN","APG SGA SA","5.7894736842","10.9393040752","42.4273937092","40","99","Balanced","Mid Cap"
"gb","FSG","Foresight group","4.9887640449","31.0480732491","31.8841104135","40","99","Adventurous","Mid Cap"
"se","ESSITY B","Essity AB (publ)","2.5645268034","12.1647017251","15.1794093825","40","97","Conservative","Large Cap"
"fi","GOFORE","Gofore Oyj","2.1911421911","19.0368314136","19.3372649618","40","99","Balanced","Small Cap"
"at","MAN","Josef Manner & Comp AG","1.5384615385","10.3159254409","11.3918258231","40","88","Adventurous","Small Cap"
"no","TEL","Telenor ASA","3.4065102195","25.0202026481","13.1841893916","39","93","Conservative","Large Cap"
"de","TMV","TeamViewer SE","0","34.3217780752","145.0206847666","39","89","Speculative","Mid Cap"
"de","OSP2","USU Software AG","7.5892857143","10.6776655042","10.1579410173","39","90","Adventurous","Small Cap"
"se","BETS B","Betsson AB","0","18.2371398688","21.6827865225","38","95","Adventurous","Large Cap"
"se","RVRC","RVRC Holding AB","3.0425963489","12.6150514348","24.8863166598","37","87","Speculative","Small Cap"
"se","CRAD B","C Rad AB","0","12.9476977556","19.267580238","37","96","Adventurous","Small Cap"
"gb","III","3i","1.7759562842","22.9229695136","20.987069932","37","84","Balanced","Large Cap"
"gb","JHD","James Halstead","4.5822102426","16.7399711148","23.3592411622","37","99","Balanced","Mid Cap"
"fi","ALMA","Alma Media Oyj","3.982300885","21.647819063","24.0075170308","37","84","Balanced","Mid Cap"
"gb","WISE","Wise","0","223.112332971","45.0632117856","37","94","Speculative","Large Cap"
"gb","ALPH","Alpha International","0.7432432432","69.4245147014","47.6965738444","35","85","Adventurous","Mid Cap"
"de","FTK","flatexDEGIRO AG","0.2989536622","38.677136367","16.6183209936","35","80","Speculative","Mid Cap"
"ch","NESN","Nestle SA","3.9473684211","11.9553133515","32.4824237153","35","86","Conservative","Large Cap"
"es","AENA","Aena SME SA","3.7845849802","32.9879079306","25.9098776247","34","90","Conservative","Large Cap"
"gb","FRP","Frp Advisory","3.2051282051","19.2667706708","31.2056737589","34","96","Balanced","Mid Cap"
"gb","IDHC","Integrated Diagnostics Holdings","0","12.7920033763","31.0777777207","34","98","Speculative","Small Cap"
"se","HM B","H & M Hennes & Mauritz AB","2.1083360363","10.0291570009","22.2596037557","34","91","Adventurous","Large Cap"
"ch","ROG","Roche Holding AG","3.7750688164","19.2974398231","38.2963377031","34","92","Conservative","Large Cap"
"fr","WAVE","Wavestone SA","0.811965812","11.4087890268","13.4019407817","34","96","Adventurous","Mid Cap"
"gb","MEGP","ME International","3.5370786517","11.1652065287","34.0036187054","34","96","Adventurous","Mid Cap"
"de","SHF","SNP Schneider Neureither & Partner SE","0","12.6916704705","11.7663557955","33","90","Adventurous","Small Cap"
"it","CMB","Cembre SpA","4.2253521127","11.0967823106","20.713149664","33","95","Balanced","Mid Cap"
"nl","KPN","Koninklijke KPN NV","2.7945205479","18.4390604772","23.3452979182","33","85","Conservative","Large Cap"
"no","SALM","SalMar ASA","5.9422750424","12.8257008474","18.401514684","33","94","Adventurous","Large Cap"
"gb","HL.","Hargreaves Lansdown","3.9705882353","43.4697346058","38.4575026233","33","87","Adventurous","Large Cap"
"de","DMP","Dermapharm Holding SE","2.3157894737","13.5564715638","16.0384916718","33","94","Adventurous","Mid Cap"
"de","VH2","Friedrich Vorwerk Se","0.4308797127","11.5490857869","15.7417988707","33","97","Speculative","Mid Cap"
"de","FIE","Fielmann AG","2.5","10.7730193037","14.8870710113","32","96","Balanced","Large Cap"
"gb","SMIN","Smiths","2.5042930738","10.6002554278","10.8365843086","32","94","Conservative","Large Cap"
"de","NA9","Nagarro SE","0","10.0587259841","26.9254402918","32","83","Speculative","Mid Cap"
"gb","NXT","Next","2.1955682049","13.3499014483","64.0778241016","32","87","Balanced","Large Cap"
"es","VID","Vidrala SA","0.3912513256","12.8696480676","17.3994989553","32","84","Balanced","Large Cap"
"ch","NOVN","Novartis AG","3.7084957975","26.3416099319","28.868079675","32","92","Conservative","Large Cap"
"ch","LOGN","Logitech International SA","0","21.7795357902","33.4012148978","32","98","Adventurous","Large Cap"
"gb","HWDN","Howden Joinery","2.5656689065","11.1858060673","27.7517181193","32","90","Balanced","Large Cap"
"dk","GMAB","Genmab A/S","0","33.1984010525","14.7190405178","32","97","Balanced","Large Cap"
"fr","GET","Getlink SE","3.4998409163","46.6753247058","14.6043837582","31","80","Conservative","Large Cap"
"it","IP","Interpump SpA","0","10.185303775","11.6498620652","31","85","Adventurous","Large Cap"
"gb","FNX","Fonix","3.816091954","18.714925942","105.6943753111","31","99","Adventurous","Small Cap"
"gb","IMI","IMI","1.6647662486","12.2895927602","25.1601688602","30","96","Balanced","Large Cap"
"ch","BOSN","Bossard Holding AG","1.9950124688","13.1431761194","17.8365286193","30","88","Balanced","Mid Cap"
"fi","MEKKO","Marimekko Oyj","3.1409168081","18.4731963998","36.2359682495","30","95","Adventurous","Mid Cap"
"gb","WIL","Wilmington","2.8607594937","22.8387779179","17.5533136357","30","96","Adventurous","Mid Cap"
"gb","KNOS","Kainos","3.4340991536","15.5035365352","35.066287783","30","99","Speculative","Mid Cap"
"se","EVO","Evolution AB (publ)","3.0763221287","55.9232148048","30.5870916871","30","94","Adventurous","Large Cap"
