"Flag","Ticker","Name","Yield TTM (%)","FCF / Sales TTM (%)","ROE TTM (%)","Value Rank","Quality Rank","Risk Rating","Size Group"
"se","DRIL","Drillcon AB","3.9682539683","13.9732641668","13.5025792094","78","96","Adventurous","Micro Cap"
"se","PRCO B","Precio Fishbone AB","13.6363636364","11.9504493987","14.2369635191","60","99","Adventurous","Micro Cap"
"se","SLEEP","Sleep Cycle AB (publ)","7.1875","19.4413625469","42.4278647222","53","99","Speculative","Micro Cap"
"fi","AALLON","Aallon Oyj","2.5462962963","12.4870875615","12.6866204729","52","91","Conservative","Micro Cap"
"no","CONTX","ContextVision AB","0","29.3086623346","45.3451560389","36","99","Speculative","Micro Cap"
