"Flag","Ticker","Name","Yield TTM (%)","FCF / Sales TTM (%)","ROE TTM (%)","Value Rank","Quality Rank","Risk Rating","Size Group"
"no","HAUTO","Hoegh Autoliners ASA","29.492912755","40.58770735","51.0271863701","99","91","Speculative","Mid Cap"
"no","BWLPG","BW LPG","22.2499706978","22.0788169344","31.7314315046","96","97","Speculative","Mid Cap"
"no","MPCC","Mpc Container Ships ASA","28.4675973829","32.1757823378","37.333702552","95","88","Speculative","Mid Cap"
"no","SNI","Stolt-Nielsen","3.8342641961","12.8505771102","20.5054082252","89","81","Adventurous","Mid Cap"
"no","KCC","Klaveness Combination Carriers ASA","12.6780459817","39.053569768","25.1377482067","87","81","Adventurous","Mid Cap"
"fi","KALMAR","Kalmar Oyj","0","13.3323350304","20.3539328979","80","84","Highly Speculative","Mid Cap"
"no","WWI","Wilh Wilhelmsen Holding ASA","3.8461261314","13.786407767","18.8411509657","79","85","Balanced","Mid Cap"
"se","BETS B","Betsson AB","0","17.3999207293","23.0910281598","77","91","Adventurous","Mid Cap"
"dk","UIE","Uie","8.4948148175","23.2274711915","16.7517244844","76","96","Conservative","Mid Cap"
"se","AMBEA","Ambea AB (publ)","1.8939393939","13.1637168142","10.361395446","67","89","Adventurous","Mid Cap"
"no","KID","Kid ASA","4.7276853253","21.370129116","26.7999266165","59","98","Adventurous","Mid Cap"
"se","NEWA B","New Wave AB","3.133393017","11.6381793739","15.7455594306","52","88","Speculative","Mid Cap"
"se","CLAS B","Clas Ohlson AB","2.5540865385","13.3875428806","30.9489761767","50","91","Adventurous","Mid Cap"
"se","COIC","Concentric AB","2.4285714286","11.614800294","17.3798551679","44","89","Adventurous","Mid Cap"
"fi","ALMA","Alma Media Oyj","4.2452830189","19.987000325","25.8811681772","42","83","Balanced","Mid Cap"
"se","VBG B","VBG AB (publ)","1.690821256","11.3580671997","17.3932854037","40","99","Adventurous","Mid Cap"
"se","KIND SDB","Kindred","0","12.148922273","12.8227803325","39","94","Adventurous","Mid Cap"
"no","BOUV","Bouvet ASA","4.13354531","10.8402662692","59.8859439446","38","87","Balanced","Mid Cap"
"se","SYSR","Systemair AB","1.5075376884","10.8774048268","11.833712149","36","84","Speculative","Mid Cap"
"se","NORVA","Norva24 AB (publ)","0","12.14410046","10.8025388224","36","87","Adventurous","Mid Cap"
"fi","PUUILO","Puuilo Oyj","3.873598369","15.7505910165","48.0446927374","34","94","Adventurous","Mid Cap"
"se","AQ","AQ AB","0.9493941554","10.3175500057","17.3214054194","33","98","Speculative","Mid Cap"
"se","BAHN B","Bahnhof AB (publ)","3.8535645472","14.6551056098","36.3417876235","28","99","Speculative","Mid Cap"
"fi","MEKKO","Marimekko Oyj","2.8072837633","16.1153793854","39.2419925483","28","97","Adventurous","Mid Cap"
"se","TRUE B","Truecaller AB","5.0746268657","30.3846809698","30.5082048363","28","91","Highly Speculative","Mid Cap"
"se","THULE","Thule AB","1.6379310345","28.9165602384","16.1711743521","26","96","Adventurous","Mid Cap"
"se","BUFAB","Bufab AB (publ)","1.1676786548","15.6532209512","12.9983155531","23","88","Adventurous","Mid Cap"
"se","BIOG B","Biogaia AB","5.5332798717","26.308506148","23.22657674","22","97","Adventurous","Mid Cap"
