"Flag","Ticker","Name","Yield TTM (%)","FCF / Sales TTM (%)","ROE TTM (%)","Value Rank","Quality Rank","Risk Rating","Size Group"
"no","WAWI","Wallenius Wilhelmsen ASA","13.5861176528","31.2293649252","24.8969982343","96","91","Speculative","Large Cap"
"no","EQNR","Equinor ASA","12.7296094893","13.2206498952","23.1952223892","92","84","Balanced","Large Cap"
"se","SSAB A","SSAB AB","6.1349693252","12.4747884743","19.30265117","91","87","Adventurous","Large Cap"
"no","AKRBP","Aker BP ASA","8.7396078468","14.6080073739","10.7762472052","88","94","Adventurous","Large Cap"
"dk","HLUN A","H Lundbeck A/S","2.5179856115","17.9740859783","10.6949374183","68","99","Adventurous","Large Cap"
"fi","KCR","Konecranes Abp","2.7278238028","12.729748128","18.2052382997","60","88","Adventurous","Large Cap"
"se","ESSITY B","Essity AB (publ)","3.2051282051","10.0022426553","13.6621512099","56","87","Conservative","Large Cap"
"se","INDU A","Industrivarden AB","2.0783051757","22.2120356449","19.4479460987","54","80","Conservative","Large Cap"
"se","HPOL B","Hexpol AB","4.5977011494","15.9892951102","17.8097657353","49","85","Balanced","Large Cap"
"se","HM B","H & M Hennes & Mauritz AB","4.272380702","10.5852945538","17.8110627213","45","93","Adventurous","Large Cap"
"dk","ROCK B","Rockwool A/S","1.9355671502","10.5248618785","14.4502228826","40","98","Adventurous","Large Cap"
"fi","ELISA","Elisa Oyj","5.2779732583","15.7349231828","29.5794079388","37","89","Conservative","Large Cap"
"dk","CARL B","Carlsberg A/S","2.9107373868","10.0074743494","25.2466627974","37","83","Conservative","Large Cap"
"no","SALM","SalMar ASA","4.9019607843","24.6181650661","12.9709453626","36","98","Adventurous","Large Cap"
"fi","WRT1V","Wartsila Oyj Abp","2.2299651568","11.2053200333","11.8402937127","34","96","Adventurous","Large Cap"
"se","SAND","Sandvik AB","2.2339561332","10.6266254555","18.1217354227","29","93","Balanced","Large Cap"
"dk","PNDORA","Pandora A/S","1.6042780749","20.9553596815","75.7067561092","24","91","Adventurous","Large Cap"
