"Flag","Ticker","Name","Yield TTM (%)","FCF / Sales TTM (%)","ROE TTM (%)","Value Rank","Quality Rank","Risk Rating","Size Group"
"dk","MAERSK B","AP Moeller - Maersk A/S","32.6740802289","25.2047459051","16.1495694267","98","81","Speculative","Large Cap"
"no","EQNR","Equinor ASA","12.7101941616","14.3269703608","37.5787539377","92","95","Balanced","Large Cap"
"no","WAWI","Wallenius Wilhelmsen ASA","3.4887203149","31.8129551552","29.1763251429","90","85","Speculative","Large Cap"
"no","AKRBP","Aker BP ASA","8.3731894351","12.904314358","10.5565176692","86","83","Adventurous","Large Cap"
"dk","HLUN A","H Lundbeck A/S","1.9066403682","17.9871520343","11.4149546548","64","99","Adventurous","Large Cap"
"se","HPOL B","Hexpol AB","3.074295474","13.3639130243","18.2761842151","48","98","Balanced","Large Cap"
"se","SAND","Sandvik AB","0","14.2612954262","17.1247344785","40","90","Balanced","Large Cap"
"fi","ELISA","Elisa Oyj","4.9402573529","16.9564618984","32.3237508556","36","98","Conservative","Large Cap"
"dk","DSV","Dsv A/S","0.5291005291","11.6086967031","17.5440465568","29","82","Balanced","Large Cap"
"dk","PNDORA","Pandora A/S","1.6177957533","19.1483880465","99.4782608696","23","93","Adventurous","Large Cap"
"dk","GMAB","Genmab A/S","0","33.4077424661","14.8730287871","20","91","Balanced","Large Cap"
