"Flag","Ticker","Name","Yield TTM (%)","FCF / Sales TTM (%)","ROE TTM (%)","Value Rank","Quality Rank","Risk Rating","Size Group"
"se","SSAB A","SSAB AB","8.0906148867","10.9114204283","16.7902209871","96","87","Adventurous","Large Cap"
"no","WAWI","Wallenius Wilhelmsen ASA","11.7552033939","31.2293649252","24.8969982343","95","90","Speculative","Large Cap"
"no","AKRBP","Aker BP ASA","8.7127033269","10.3260719107","13.5588832116","85","89","Adventurous","Large Cap"
"dk","TRMD A","Torm","17.0497733462","19.3934726087","40.9606139559","83","82","Speculative","Large Cap"
"dk","HLUN A","H Lundbeck A/S","2.5044722719","17.9740859783","10.6949374183","68","99","Adventurous","Large Cap"
"se","INDU A","Industrivarden AB","2.2450753187","24.344838357","20.7303250817","64","80","Conservative","Large Cap"
"fi","KCR","Konecranes Abp","2.9032258065","12.729748128","18.2052382997","64","88","Adventurous","Large Cap"
"se","INVE B","Investor AB","1.8038331454","25.5585538347","22.6313580555","51","86","Conservative","Large Cap"
"se","ESSITY B","Essity AB (publ)","2.9037092544","11.5243292994","12.6503426134","49","97","Conservative","Large Cap"
"se","HPOL B","Hexpol AB","4.6875","12.8866914633","17.8097657353","48","84","Balanced","Large Cap"
"dk","ROCK B","Rockwool A/S","1.9117342225","10.5248618785","14.4502228826","39","97","Adventurous","Large Cap"
"no","SALM","SalMar ASA","5.0946142649","24.6003408822","12.9717587982","38","98","Adventurous","Large Cap"
"fi","ELISA","Elisa Oyj","5.2792116377","16.6000091941","27.1642454788","37","94","Conservative","Large Cap"
"se","HM B","H & M Hennes & Mauritz AB","3.6475869809","10.2409382026","19.1685489286","37","92","Adventurous","Large Cap"
"dk","CARL B","Carlsberg A/S","2.8475005273","10.0074743494","25.2466627974","36","83","Conservative","Large Cap"
"fi","WRT1V","Wartsila Oyj Abp","2.0486555698","11.2053200333","11.8402937127","29","96","Adventurous","Large Cap"
"se","SAND","Sandvik AB","2.4707996406","10.6618916467","14.1784727791","29","87","Balanced","Large Cap"
"dk","PNDORA","Pandora A/S","1.6697588126","20.9553596815","75.7067561092","26","91","Adventurous","Large Cap"
"dk","DEMANT","Demant A/S","0","16.1119279954","28.6467980019","21","87","Adventurous","Large Cap"
"dk","GMAB","Genmab A/S","0","42.5154789365","14.7795965496","20","90","Balanced","Large Cap"
"se","EVO","Evolution AB (publ)","2.4843656856","57.976410308","28.6170194872","20","94","Speculative","Large Cap"
