"Flag","Ticker","Name","Yield TTM (%)","FCF / Sales TTM (%)","ROE TTM (%)","Value Rank","Quality Rank","Risk Rating","Size Group"
"dk","PARKEN","Parken Sport & Entertainment A/S","8.0971659919","19.0041962646","33.1336922354","95","82","Balanced","Small Cap"
"no","2020","2020 Bulkers","6.0462923876","43.6022819886","50.4276211593","85","86","Adventurous","Small Cap"
"no","RANA","Rana Gruber ASA","14.1415465269","29.8398813566","62.43431671","85","86","Adventurous","Small Cap"
"no","SBO","Selvaag Bolig ASA","2.9239766082","43.9769590473","11.4126548642","71","92","Balanced","Small Cap"
"se","EMBELL","Embellence AB (publ)","0","11.5789852391","13.0410435174","70","94","Adventurous","Small Cap"
"se","ARPL","Arla Plast AB","2.4703557312","16.3607483233","13.0824531819","64","80","Adventurous","Small Cap"
"se","RUG","Rugvista AB (publ)","4.1002277904","14.9330789425","11.516119183","63","94","Speculative","Small Cap"
"se","NOTE","Note AB (publ)","0","12.8117297985","18.4563497571","63","82","Speculative","Small Cap"
"no","ABG","ABG Sundal Collier Holding ASA","7.0224719101","21.0615109601","32.3152637486","61","87","Balanced","Small Cap"
"fi","TITAN","Titanium Oyj","11.8609406953","40.1365267221","53.5507363835","61","89","Balanced","Small Cap"
"fi","DIGIA","Digia Oyj","2.7777777778","11.326757238","14.9859644525","61","92","Balanced","Small Cap"
"fi","IFA1V","Innofactor Oyj","0","10.0150621003","12.3291642508","57","94","Adventurous","Small Cap"
"se","SOF B","Softronic AB","5.6485355649","14.0358010331","32.3795317221","57","100","Balanced","Small Cap"
"se","NIL B","Nilorngruppen AB","1.4204545455","10.3705333482","17.5430858239","51","99","Adventurous","Small Cap"
"se","TRAC B","Traction AB","3.6284722222","11728.571428571","10.783081024","51","89","Balanced","Small Cap"
"se","FMM B","FM Mattsson AB (publ)","2.2977941176","14.6612332774","11.1261013738","48","98","Adventurous","Small Cap"
"se","PACT","Proact IT AB","1.3927576602","11.6955408685","20.2914935707","43","91","Adventurous","Small Cap"
"se","SLEEP","Sleep Cycle AB (publ)","5.3364269142","23.5346216097","98.572217964","43","99","Speculative","Small Cap"
"se","BRE2","Bredband2 i Skandinavien AB","2.0533880903","13.5625796275","19.1616451487","43","90","Balanced","Small Cap"
"fi","ICP1V","Incap Oyj","0","11.0177483076","14.3119665682","40","90","Speculative","Small Cap"
"se","EPEN","Ependion AB","0.9861932939","10.3138599824","14.907801359","39","92","Speculative","Small Cap"
"se","ZZ B","Zinzino AB","3.2223415682","11.8589978004","78.9362309555","36","96","Speculative","Small Cap"
"se","CRAD B","C Rad AB","0","12.9476977556","19.267580238","35","96","Adventurous","Small Cap"
"fi","GOFORE","Gofore Oyj","2.0659340659","10.663314782","19.4714447437","30","94","Balanced","Small Cap"
"se","SINT","SinterCast AB","2.6991150442","35.7043235704","54.0792540793","27","99","Adventurous","Small Cap"
"fi","LEMON","Lemonsoft Oyj","2.3728813559","12.8148726318","17.2081591647","22","82","Speculative","Small Cap"
"se","VERT B","Vertiseit AB (publ)","0","21.4661244745","10.4506483373","22","85","Speculative","Small Cap"
"se","ABSO","Absolent Air Care AB","0.9646302251","12.8806151037","17.3787279079","22","97","Adventurous","Small Cap"
"fi","DETEC","DETECTION TECHNOLOGY Oyj","1.3649851632","11.1855373939","11.0545331615","20","91","Adventurous","Small Cap"
