"Flag","Ticker","Name","Yield TTM (%)","FCF / Sales TTM (%)","ROE TTM (%)","Value Rank","Quality Rank","Risk Rating","Size Group"
"no","HAUTO","Hoegh Autoliners ASA","12.3641751106","38.264445879","45.3645623065","92","85","Speculative","Mid Cap"
"no","ODF","Odfjell SE","9.1862550023","22.7933489342","29.3057635003","92","85","Adventurous","Mid Cap"
"no","SNI","Stolt-Nielsen","6.0245262499","15.4925565346","16.801225542","91","90","Adventurous","Mid Cap"
"dk","NLFSK","Nilfisk Holding A/S","0","12.1693625119","14.5648967552","87","87","Adventurous","Mid Cap"
"fi","KEMIRA","Kemira Oyj","1.7653758542","12.5737348649","19.1764279676","72","92","Balanced","Mid Cap"
"dk","UIE","Uie","4.115770893","21.7273923448","14.2773593727","65","95","Conservative","Mid Cap"
"se","VBG B","VBG AB (publ)","2.2403258656","10.276248053","15.5142296656","61","98","Balanced","Mid Cap"
"se","DUNI","Duni AB","1.3227513228","10.2434602435","11.8751989812","60","90","Adventurous","Mid Cap"
"no","EPR","Europris ASA","4.6125461255","17.9523501809","31.6950496887","57","80","Balanced","Mid Cap"
"se","BETS B","Betsson AB","0","23.7347294939","24.2048099302","51","97","Adventurous","Mid Cap"
"se","COIC","Concentric AB","2.4301336574","11.5536920568","19.5175923877","49","97","Adventurous","Mid Cap"
"fi","ALMA","Alma Media Oyj","4.462474645","17.937806874","31.421319797","46","87","Balanced","Mid Cap"
"se","BEIA B","Beijer Alma AB","2.0491803279","10.9183044374","14.4150466699","35","85","Adventurous","Mid Cap"
"no","BRG","BORREGAARD ASA","2.0012315271","10.6208030698","22.1327967807","32","85","Balanced","Mid Cap"
"se","CLAS B","Clas Ohlson AB","1.0309278351","16.8057376088","19.8160241556","32","87","Adventurous","Mid Cap"
"fi","PUUILO","Puuilo Oyj","1.9540229885","18.3879093199","61.191626409","30","98","Adventurous","Mid Cap"
"se","BUFAB","Bufab AB (publ)","0.608436993","12.7582292849","20.2986022872","28","88","Adventurous","Mid Cap"
"fi","UPONOR","Uponor Oyj","1.2437810945","10.4590163934","15.6331422616","26","86","Adventurous","Mid Cap"
"se","THULE","Thule AB","1.7404464624","15.7534989693","15.1851586563","22","90","Adventurous","Mid Cap"
"fi","HARVIA","Harvia Oyj","1.166180758","24.0848184376","20.5853428671","22","90","Speculative","Mid Cap"
"fi","MEKKO","Marimekko Oyj","2.6315789474","10.9193931214","38.7616288485","22","83","Adventurous","Mid Cap"
"fi","VAIAS","Vaisala Oyj","2.0111731844","11.5787504676","17.8288431062","22","97","Adventurous","Mid Cap"
"se","OEM B","OEM International AB","1.573976915","10.8173123937","37.0724376315","21","83","Adventurous","Mid Cap"
