"Flag","Ticker","Name","Yield TTM (%)","FCF / Sales TTM (%)","ROE TTM (%)","Value Rank","Quality Rank","Risk Rating","Size Group"
"se","DRIL","Drillcon AB","3.7313432836","13.9732641668","13.5025792094","74","96","Adventurous","Micro Cap"
"se","LINKAB","Link Prop Investment AB (publ)","0","45.6579162506","12.8713494195","59","81","Balanced","Micro Cap"
"fi","AALLON","Aallon Oyj","2.6570048309","12.4870875615","12.6866204729","55","91","Conservative","Micro Cap"
"no","CONTX","ContextVision AB","0","29.3086623346","45.3451560389","39","99","Speculative","Micro Cap"
