"Flag","Ticker","Name","Yield TTM (%)","FCF / Sales TTM (%)","ROE TTM (%)","Value Rank","Quality Rank","Risk Rating","Size Group"
"no","PNOR","Petronor E&P ASA","0","30.8809746954","33.9606567534","97","85","Speculative","Small Cap"
"se","G5EN","G5 Entertainment AB (publ)","8.1053698075","14.9602428947","18.2254002258","94","97","Speculative","Small Cap"
"se","LINC","Linc AB","0","61.5305951565","41.2931829465","89","81","Adventurous","Small Cap"
"no","2020","2020 Bulkers","10.4091310641","48.7261146497","54.5858457632","88","86","Adventurous","Small Cap"
"no","RANA","Rana Gruber ASA","12.238410596","12.829854653","55.3665866772","78","82","Balanced","Small Cap"
"no","SBO","Selvaag Bolig ASA","3.1397174254","34.7072594882","10.5886897565","69","92","Balanced","Small Cap"
"se","ARPL","Arla Plast AB","2.6041666667","10.6868414798","13.3029458935","66","80","Adventurous","Small Cap"
"se","NOTE","Note AB (publ)","0","12.8117297985","18.4563497571","62","82","Speculative","Small Cap"
"no","ABG","ABG Sundal Collier Holding ASA","7.1123755334","21.0615109601","32.3152637486","60","87","Balanced","Small Cap"
"fi","TITAN","Titanium Oyj","11.7408906883","40.1365267221","53.5507363835","60","89","Balanced","Small Cap"
"se","TRAC B","Traction AB","3.6538461538","11406.666666667","16.7522117046","57","89","Balanced","Small Cap"
"se","SOF B","Softronic AB","5.7203389831","14.0358010331","32.3795317221","56","100","Balanced","Small Cap"
"fi","DIGIA","Digia Oyj","2.65625","11.326757238","14.9859644525","56","92","Balanced","Small Cap"
"fi","IFA1V","Innofactor Oyj","0","10.0150621003","12.3291642508","56","94","Adventurous","Small Cap"
"fi","TNOM","Talenom Oyj","5.7142857143","11.762663721","12.4264861046","51","90","Adventurous","Small Cap"
"se","PACT","Proact IT AB","1.5479876161","11.6955408685","20.2914935707","48","91","Adventurous","Small Cap"
"se","EPEN","Ependion AB","1.0989010989","13.1669780229","12.9848450078","43","86","Speculative","Small Cap"
"se","NTEK B","Novotek AB","2.4626865672","10.9155563558","25.0450552564","43","96","Speculative","Small Cap"
"se","SLEEP","Sleep Cycle AB (publ)","5.2995391705","23.5346216097","98.572217964","42","99","Speculative","Small Cap"
"fi","GOFORE","Gofore Oyj","2.1911421911","19.0368314136","19.3372649618","40","99","Balanced","Small Cap"
"se","RVRC","RVRC Holding AB","3.0425963489","12.6150514348","24.8863166598","37","87","Speculative","Small Cap"
"se","CRAD B","C Rad AB","0","12.9476977556","19.267580238","37","96","Adventurous","Small Cap"
"no","VISTN","Vistin Pharma ASA","2.0408163265","13.1661264392","20.060670051","29","91","Adventurous","Small Cap"
"se","ABSO","Absolent Air Care AB","1.2931034483","10.4495259677","14.6888056677","28","94","Adventurous","Small Cap"
"se","SINT","SinterCast AB","2.8240740741","40.8253500368","43.3452320245","28","99","Adventurous","Small Cap"
"fi","DETEC","DETECTION TECHNOLOGY Oyj","1.6666666667","11.1855373939","11.0545331615","27","91","Adventurous","Small Cap"
