"Flag","Ticker","Name","Yield TTM (%)","FCF / Sales TTM (%)","ROE TTM (%)","Value Rank","Quality Rank","Risk Rating","Size Group"
"no","MPCC","Mpc Container Ships ASA","25.0417192553","32.6036649318","44.2562759526","96","87","Speculative","Mid Cap"
"no","BWLPG","BW LPG","20.2106390829","13.4590512123","31.8999336489","94","92","Speculative","Mid Cap"
"no","HAUTO","Hoegh Autoliners ASA","29.0346177867","40.58770735","51.0271863701","93","91","Speculative","Mid Cap"
"no","KCC","Klaveness Combination Carriers ASA","12.2835203157","39.053569768","25.1377482067","87","81","Adventurous","Mid Cap"
"dk","UIE","Uie","9.2539910297","28.1542796438","18.0395140868","83","93","Conservative","Mid Cap"
"no","WWI","Wilh Wilhelmsen Holding ASA","3.9167094167","13.786407767","18.8411509657","80","85","Balanced","Mid Cap"
"se","DUNI","Duni AB","4.6040515654","10.9923462655","11.4035087719","80","91","Adventurous","Mid Cap"
"se","BETS B","Betsson AB","0","19.3842996408","24.2444370641","79","97","Adventurous","Mid Cap"
"se","AMBEA","Ambea AB (publ)","2.1216407355","13.1637168142","10.361395446","72","89","Adventurous","Mid Cap"
"se","RATO B","Ratos AB","3.0697445972","10.1727049205","10.7219987296","72","80","Adventurous","Mid Cap"
"no","EPR","Europris ASA","4.6863734679","18.5380110847","25.5611003569","70","93","Balanced","Mid Cap"
"se","ITAB","ITAB Shop Concept AB","2.5597269625","11.884057971","10.8719910729","57","88","Speculative","Mid Cap"
"no","KID","Kid ASA","4.2172739541","21.370129116","26.7999266165","53","98","Adventurous","Mid Cap"
"se","NEWA B","New Wave AB","3.0408340573","11.6381793739","15.7455594306","52","88","Speculative","Mid Cap"
"fi","ALMA","Alma Media Oyj","4.2857142857","19.162851537","24.8821019537","45","85","Balanced","Mid Cap"
"se","CLAS B","Clas Ohlson AB","0.9881422925","15.3047330664","27.1156483316","42","88","Adventurous","Mid Cap"
"se","NORVA","Norva24 AB (publ)","0","12.14410046","10.8025388224","39","88","Adventurous","Mid Cap"
"se","VBG B","VBG AB (publ)","1.6412661196","10.3794714287","16.7793384196","38","98","Balanced","Mid Cap"
"no","BOUV","Bouvet ASA","4.0561622465","10.8402662692","59.8859439446","37","87","Balanced","Mid Cap"
"se","COIC","Concentric AB","1.9813519814","11.614800294","17.3798551679","34","89","Adventurous","Mid Cap"
"fi","PUUILO","Puuilo Oyj","3.6224976168","15.7505910165","48.0446927374","31","94","Adventurous","Mid Cap"
"se","BUFAB","Bufab AB (publ)","1.3171759747","15.65794149","14.8945329316","30","81","Speculative","Mid Cap"
"se","BAHN B","Bahnhof AB (publ)","3.9292730845","14.6551056098","36.3417876235","30","99","Speculative","Mid Cap"
"se","BEIA B","Beijer Alma AB","1.7660550459","10.0557063277","13.6752136752","28","97","Adventurous","Mid Cap"
"se","TRUE B","Truecaller AB","4.786036036","30.5167833038","31.460688038","27","85","Highly Speculative","Mid Cap"
"fi","MEKKO","Marimekko Oyj","2.6390870185","16.1153793854","39.2419925483","26","98","Adventurous","Mid Cap"
"se","RVRC","RVRC Holding AB","1.6365366318","14.3732590529","25.636672326","25","89","Speculative","Mid Cap"
"se","BIOG B","Biogaia AB","5.4631828979","24.8674144413","17.4505584589","22","99","Adventurous","Mid Cap"
