"Flag","Ticker","Name","Yield TTM (%)","FCF / Sales TTM (%)","ROE TTM (%)","Value Rank","Quality Rank","Risk Rating","Size Group"
"no","MPCC","Mpc Container Ships ASA","36.5445650253","34.2664185101","53.1607406726","97","80","Speculative","Mid Cap"
"no","HAUTO","Hoegh Autoliners ASA","28.9286429464","39.2819182961","47.6489501973","93","93","Speculative","Mid Cap"
"no","SNI","Stolt-Nielsen","0","20.7934280258","16.354671058","93","82","Adventurous","Mid Cap"
"no","KCC","Klaveness Combination Carriers ASA","13.1695973824","41.2879658455","26.3632681727","87","87","Adventurous","Mid Cap"
"se","DUNI","Duni AB","4.7984644914","13.2806426535","11.7576123003","81","85","Adventurous","Mid Cap"
"se","BETS B","Betsson AB","0","19.9325036912","24.9841471148","80","99","Adventurous","Mid Cap"
"no","WWI","Wilh Wilhelmsen Holding ASA","3.8315463534","14.7030185005","18.7148594378","78","87","Balanced","Mid Cap"
"dk","UIE","Uie","4.2588753616","21.7273923448","14.2773593727","66","95","Conservative","Mid Cap"
"no","EPR","Europris ASA","4.507628294","17.1894114253","27.8538102787","63","93","Balanced","Mid Cap"
"se","VBG B","VBG AB (publ)","2.5089605735","10.2860726855","16.3334951554","58","98","Balanced","Mid Cap"
"no","KID","Kid ASA","4.9212598425","23.3697026156","24.2462895861","58","88","Adventurous","Mid Cap"
"se","COIC","Concentric AB","2.358490566","12.3900118906","19.6189131969","44","94","Adventurous","Mid Cap"
"se","LIAB","Lindab International AB","2.4702653248","10.8052463017","12.1389762654","44","81","Adventurous","Mid Cap"
"fi","ALMA","Alma Media Oyj","4.5","17.6123319121","26.5128325877","44","85","Balanced","Mid Cap"
"se","BEIA B","Beijer Alma AB","2.1270718232","13.9494333043","13.9929900243","39","83","Adventurous","Mid Cap"
"no","BOUV","Bouvet ASA","4.1467304625","13.5309511904","71.9107157063","38","89","Balanced","Mid Cap"
"se","BUFAB","Bufab AB (publ)","1.2671059301","15.668202765","17.7874186551","29","89","Adventurous","Mid Cap"
"se","TRUE B","Truecaller AB","0","32.1570714242","30.2347147356","27","91","Highly Speculative","Mid Cap"
"se","CLAS B","Clas Ohlson AB","0.8640552995","16.8057376088","19.8160241556","27","87","Adventurous","Mid Cap"
"fi","PUUILO","Puuilo Oyj","1.802757158","18.3879093199","61.191626409","27","84","Adventurous","Mid Cap"
"se","THULE","Thule AB","3.2236172379","17.5098554534","16.4005372332","26","87","Adventurous","Mid Cap"
"fi","MUSTI","Musti Oyj","2.3006134969","14.7715645353","14.9702855142","26","86","Adventurous","Mid Cap"
"fi","VAIAS","Vaisala Oyj","1.9893899204","12.9348630644","18.8584650983","23","98","Adventurous","Mid Cap"
"fi","HARVIA","Harvia Oyj","2.0359281437","23.9227616625","22.7203717897","22","89","Speculative","Mid Cap"
"se","BIOG B","Biogaia AB","5.4761904762","29.0975128538","18.2550131684","22","98","Adventurous","Mid Cap"
"se","OEM B","OEM International AB","1.6634980989","14.3051506317","33.9049321343","22","96","Adventurous","Mid Cap"
"se","RVRC","RVRC Holding AB","1.4121510673","23.5701906412","25.9658580413","21","90","Speculative","Mid Cap"
