"Flag","Ticker","Name","Yield TTM (%)","FCF / Sales TTM (%)","ROE TTM (%)","Value Rank","Quality Rank","Risk Rating","Size Group"
"no","AKRBP","Aker BP ASA","10.8262526744","13.160013902","14.7565090016","93","88","Adventurous","Large Cap"
"dk","HLUN A","H Lundbeck A/S","1.912568306","19.970006289","11.5461892218","57","99","Balanced","Large Cap"
"se","HPOL B","Hexpol AB","5.6872037915","11.3154776013","16.9013126573","55","82","Balanced","Large Cap"
"fi","KCR","Konecranes Abp","2.1428571429","10.068693856","21.9844597928","48","96","Adventurous","Large Cap"
"no","SALM","SalMar ASA","5.9829059829","21.1171153066","20.9699976733","43","97","Adventurous","Large Cap"
"no","TEL","Telenor ASA","3.4246575342","25.0202026481","13.1841893916","41","93","Conservative","Large Cap"
"se","BETS B","Betsson AB","0","18.2371398688","21.6827865225","41","95","Adventurous","Large Cap"
"se","ESSITY B","Essity AB (publ)","2.4792066539","12.1647017251","15.1794093825","39","97","Conservative","Large Cap"
"se","HM B","H & M Hennes & Mauritz AB","1.9117647059","10.0291570009","22.2596037557","31","91","Adventurous","Large Cap"
"dk","GMAB","Genmab A/S","0","34.3624711559","18.4493652121","30","98","Balanced","Large Cap"
"dk","ROCK B","Rockwool A/S","1.4348092772","12.8552456839","16.9725604216","30","97","Adventurous","Large Cap"
"se","EVO","Evolution AB (publ)","2.9276004836","55.9232148048","30.5870916871","29","93","Adventurous","Large Cap"
"dk","PNDORA","Pandora A/S","1.7167381974","20.4320432043","116.260064896","27","84","Adventurous","Large Cap"
"dk","DEMANT","Demant A/S","0","13.461452514","28.7466753515","26","87","Adventurous","Large Cap"
"fi","ELISA","Elisa Oyj","2.512337371","15.5847738139","30.981659462","25","88","Conservative","Large Cap"
"fi","WRT1V","Wartsila Oyj Abp","0.7766990291","15.4696132597","17.7453518475","21","93","Adventurous","Large Cap"
