"Flag","Ticker","Name","Yield TTM (%)","FCF / Sales TTM (%)","ROE TTM (%)","Value Rank","Quality Rank","Risk Rating","Size Group"
"no","PNOR","Petronor E&P ASA","0","16.5841914493","47.4303042706","97","89","Speculative","Small Cap"
"no","RANA","Rana Gruber ASA","16.2845849802","27.6581890945","56.7964545632","86","82","Adventurous","Small Cap"
"no","NORAM","Noram Drilling AS","0","35.1145038168","23.7711715334","81","91","Highly Speculative","Small Cap"
"dk","STRINV","Strategic Investments A/S","5","114.5860605339","15.7577272557","80","92","Balanced","Small Cap"
"fi","ALEX","Alexandria Oyj","10.4557640751","21.5364160808","24.9887570753","78","85","Adventurous","Small Cap"
"no","SBO","Selvaag Bolig ASA","5.4644808743","36.6538224836","10.5508609264","75","87","Adventurous","Small Cap"
"se","FRACTL","Fractal Gaming AB","0","15.2075520497","27.753814988","71","95","Speculative","Small Cap"
"se","ARPL","Arla Plast AB","3.0487804878","15.6733326766","12.5234346409","71","92","Adventurous","Small Cap"
"se","FMM B","FM Mattsson AB (publ)","5.1546391753","11.1420612813","14.5670025252","68","92","Speculative","Small Cap"
"se","CX","CombinedX AB (publ)","4.2826552463","10.134517435","20.4263900893","67","98","Speculative","Small Cap"
"fi","ICP1V","Incap Oyj","0","17.0471724935","20.4134180631","66","85","Speculative","Small Cap"
"se","PREV B","Prevas AB","3.9983164983","10.7932544605","20.5185581892","64","86","Adventurous","Small Cap"
"se","BRE2","Bredband2 i Skandinavien AB","5.039193729","14.1549953315","15.9693618264","57","80","Balanced","Small Cap"
"no","CAMBI","Cambi ASA","6.25","19.7829203359","41.1601289032","54","97","Speculative","Small Cap"
"fi","TITAN","Titanium Oyj","8.4671532847","45.2781063259","39.7230590566","54","90","Balanced","Small Cap"
"se","EPEN","Ependion AB","0.998003992","13.5437397572","18.6664668209","48","93","Speculative","Small Cap"
"se","BORG","Bjorn Borg AB","0","12.3505395322","22.2708537322","47","98","Adventurous","Small Cap"
"se","SLEEP","Sleep Cycle AB (publ)","6.1827956989","19.4413625469","42.4278647222","47","99","Speculative","Small Cap"
"se","ZZ B","Zinzino AB","3.7878787879","13.9929735397","78.2958395398","46","99","Speculative","Small Cap"
"no","VISTN","Vistin Pharma ASA","4.5248868778","16.0231607381","15.3146714714","44","88","Adventurous","Small Cap"
"se","RUG","Rugvista AB (publ)","2.6470588235","16.4351334301","13.370753555","41","99","Speculative","Small Cap"
"no","NKR","Nekkar Asa","0","18.3756825511","12.5216303433","40","95","Adventurous","Small Cap"
"se","BAHN B","Bahnhof AB (publ)","4.662004662","21.1191698652","38.7597304782","40","98","Speculative","Small Cap"
"se","SINT","SinterCast AB","5.9512195122","29.6875","37.3392461197","37","99","Adventurous","Small Cap"
"no","NORBT","Norbit ASA","3.75","15.7482388571","26.6101816615","34","94","Adventurous","Small Cap"
"se","PRFO","Profoto Holding AB (publ)","4.8076923077","15.1207115629","39.3900889454","31","92","Speculative","Small Cap"
"se","MSAB B","Micro Systemation AB (publ)","0","17.8460062365","25.8654136311","24","99","Speculative","Small Cap"
"se","ABSO","Absolent Air Care AB","0.9375","13.6661639914","18.6925867123","21","94","Adventurous","Small Cap"
"se","EXS","Exsitec Holding AB","0","12.8335505203","18.1867439791","21","95","Speculative","Small Cap"
