"Flag","Ticker","Name","Yield TTM (%)","FCF / Sales TTM (%)","ROE TTM (%)","Value Rank","Quality Rank","Risk Rating","Size Group"
"no","AKRBP","Aker BP ASA","11.2103515959","15.5417744931","11.4382169885","92","89","Adventurous","Large Cap"
"dk","HLUN A","H Lundbeck A/S","1.9178082192","23.0213143044","11.6469083895","61","98","Balanced","Large Cap"
"dk","NKT","NKT A/S","0","22.5839267548","11.7723385432","56","85","Adventurous","Large Cap"
"se","HPOL B","Hexpol AB","5.5299539171","10.3585464073","15.95805465","50","82","Balanced","Large Cap"
"fi","KCR","Konecranes Abp","2.1176470588","10.068693856","21.9844597928","46","96","Adventurous","Large Cap"
"se","ESSITY B","Essity AB (publ)","2.5645268034","12.1647017251","15.1794093825","40","97","Conservative","Large Cap"
"no","TEL","Telenor ASA","3.4065102195","25.0202026481","13.1841893916","39","93","Conservative","Large Cap"
"se","BETS B","Betsson AB","0","18.2371398688","21.6827865225","38","95","Adventurous","Large Cap"
"se","HM B","H & M Hennes & Mauritz AB","2.1083360363","10.0291570009","22.2596037557","34","91","Adventurous","Large Cap"
"no","SALM","SalMar ASA","5.9422750424","12.8257008474","18.401514684","33","94","Adventurous","Large Cap"
"dk","GMAB","Genmab A/S","0","33.1984010525","14.7190405178","32","97","Balanced","Large Cap"
"se","EVO","Evolution AB (publ)","3.0763221287","55.9232148048","30.5870916871","30","94","Adventurous","Large Cap"
"dk","ROCK B","Rockwool A/S","1.4387316724","12.8552456839","16.9725604216","29","97","Adventurous","Large Cap"
"fi","WRT1V","Wartsila Oyj Abp","0.9009009009","16.0923224876","19.532814238","28","89","Adventurous","Large Cap"
"fi","ELISA","Elisa Oyj","2.5617566331","15.5847738139","30.981659462","25","88","Conservative","Large Cap"
"dk","PNDORA","Pandora A/S","1.6021361816","20.168370021","138.9710062536","24","97","Adventurous","Large Cap"
"dk","DEMANT","Demant A/S","0","13.461452514","28.7466753515","24","87","Adventurous","Large Cap"
"se","SWEC B","Sweco AB (publ)","1.8483709273","10.1211501007","17.434999078","21","98","Adventurous","Large Cap"
