"Flag","Ticker","Name","Yield TTM (%)","FCF / Sales TTM (%)","ROE TTM (%)","Value Rank","Quality Rank","Risk Rating","Size Group"
"no","BWLPG","BW LPG","22.7703818452","18.6851398364","33.2065184151","96","93","Speculative","Mid Cap"
"no","MPCC","Mpc Container Ships ASA","24.1509521627","27.9804107055","31.5957372764","93","80","Speculative","Mid Cap"
"no","SNI","Stolt-Nielsen","3.9946478878","12.8505771102","20.5054082252","90","81","Adventurous","Mid Cap"
"no","KCC","Klaveness Combination Carriers ASA","14.1758451488","37.6008915839","25.7702632317","89","81","Adventurous","Mid Cap"
"no","HAUTO","Hoegh Autoliners ASA","26.081426253","37.1927076999","51.4872387462","89","84","Speculative","Mid Cap"
"se","BETS B","Betsson AB","0","17.3999207293","23.0910281598","75","91","Adventurous","Mid Cap"
"dk","UIE","Uie","5.8570806439","26.5102897886","16.062462382","66","92","Conservative","Mid Cap"
"no","WWI","Wilh Wilhelmsen Holding ASA","2.3083860516","12.6168224299","20.9742607956","65","85","Balanced","Mid Cap"
"se","AMBEA","Ambea AB (publ)","1.6694490818","13.6030212797","11.7053264605","63","82","Adventurous","Mid Cap"
"se","CLAS B","Clas Ohlson AB","2.5601684717","13.4657049869","40.3484341205","51","98","Adventurous","Mid Cap"
"se","NEWA B","New Wave AB","1.582278481","13.5115148954","15.2433844121","44","88","Speculative","Mid Cap"
"se","VBG B","VBG AB (publ)","1.8181818182","11.3580671997","17.3932854037","43","99","Adventurous","Mid Cap"
"no","KID","Kid ASA","2.2905759162","20.8674768423","29.84425406","41","98","Adventurous","Mid Cap"
"fi","ALMA","Alma Media Oyj","4.0540540541","19.987000325","25.8811681772","38","84","Balanced","Mid Cap"
"se","AQ","AQ AB","1.0804672291","10.3175500057","17.3214054194","38","98","Adventurous","Mid Cap"
"se","RVRC","RVRC Holding AB","2.567394095","18.4239130435","25.7740585774","35","99","Speculative","Mid Cap"
"se","KIND SDB","Kindred","0","12.148922273","12.8227803325","34","94","Adventurous","Mid Cap"
"se","NORVA","Norva24 AB (publ)","0","10.636585802","10.5122081973","33","80","Adventurous","Mid Cap"
"no","BOUV","Bouvet ASA","3.7142857143","10.4028042788","105.9271550359","33","90","Balanced","Mid Cap"
"fi","MEKKO","Marimekko Oyj","3.0278232406","19.7198839058","46.1071399001","32","94","Adventurous","Mid Cap"
"se","BUFAB","Bufab AB (publ)","1.3888888889","15.6532209512","12.9983155531","29","88","Adventurous","Mid Cap"
"fi","PUUILO","Puuilo Oyj","2","12.0713305898","58.6013986014","27","97","Adventurous","Mid Cap"
"se","BAHN B","Bahnhof AB (publ)","3.696857671","12.9253837337","49.9299845056","25","99","Adventurous","Mid Cap"
"se","BIOG B","Biogaia AB","6.1772605192","26.308506148","23.22657674","25","97","Adventurous","Mid Cap"
"se","THULE","Thule AB","1.6267123288","28.9165602384","16.1711743521","25","96","Adventurous","Mid Cap"
"se","COIC","Concentric AB","1.9144144144","11.0716099543","12.7232142857","24","88","Speculative","Mid Cap"
"no","NORBT","Norbit ASA","2.9513888889","16.7775696104","22.9649965683","22","81","Adventurous","Mid Cap"
