"Flag","Ticker","Name","Yield TTM (%)","FCF / Sales TTM (%)","ROE TTM (%)","Value Rank","Quality Rank","Risk Rating","Size Group"
"no","BWLPG","BW LPG","24.3749019556","18.6851398364","33.2065184151","97","93","Speculative","Mid Cap"
"de","TPG","Platform AG","0","17.4352049816","85.6980869887","97","83","Speculative","Small Cap"
"dk","PARKEN","Parken Sport & Entertainment A/S","8.0971659919","19.0041962646","33.1336922354","95","82","Balanced","Small Cap"
"de","HXCK","Ernst Russ AG","17.8571428571","20.8271413829","41.5618048183","95","94","Speculative","Small Cap"
"gb","ENW","Enwell Energy","0","122.5722680315","16.6665101383","95","88","Highly Speculative","Small Cap"
"fr","ELEC","Electricite de Strasbourg SA","8.0373831776","17.1240878871","30.3048502872","95","95","Conservative","Mid Cap"
"gb","BILN","Billington Holdings","6.8041237113","10.6045133103","23.2922427297","94","92","Adventurous","Small Cap"
"gb","SHOE","Shoe Zone","7.7551020408","16.1028181431","43.2489642868","93","89","Speculative","Small Cap"
"nl","VTA","Volta Finance","10.462962963","90.7533852013","18.1006953314","93","80","Conservative","Small Cap"
"no","MPCC","Mpc Container Ships ASA","23.5656089148","27.9804107055","31.5957372764","93","80","Speculative","Mid Cap"
"gb","LIV","Livermore Investments","7.3948321137","89.3150338905","13.508113136","93","97","Adventurous","Small Cap"
"no","AKRBP","Aker BP ASA","10.8262526744","13.160013902","14.7565090016","93","88","Adventurous","Large Cap"
"no","HAUTO","Hoegh Autoliners ASA","39.7488297701","36.7402389761","52.5803828847","92","86","Speculative","Mid Cap"
"it","DIS","d'Amico International Shipping SA","4.4491720998","40.1961001265","34.073660202","92","89","Adventurous","Mid Cap"
"gb","CARD","Card Factory","6.3973063973","12.3305974423","13.6546184739","92","84","Speculative","Small Cap"
"fr","ALGIL","Groupe Guillin SA","4.0515653775","11.8113582926","13.5541262099","92","94","Balanced","Mid Cap"
"gb","NXQ","Nexteq","3.6596196557","19.5203642898","12.9316587953","92","94","Speculative","Small Cap"
"no","KCC","Klaveness Combination Carriers ASA","15.1641832197","37.6008915839","25.7702632317","90","81","Balanced","Mid Cap"
"gb","BGLF","Blackstone Loan Financing","13.515942029","25.5547541409","32.1143213077","89","95","Conservative","Small Cap"
"gb","MER","Mears","4.1568047337","10.5047611803","20.769758463","89","82","Balanced","Small Cap"
"es","A3M","Atresmedia Corporacion de Medios de Comunicacion SA","5.3811659193","21.0753216452","24.5285648154","89","96","Balanced","Mid Cap"
"it","TEN","Tenaris SA","6.2282711191","24.4016411167","16.93943922","89","83","Adventurous","Large Cap"
"gb","DOCS","Dr Martens","4.5454545455","15.9046858967","17.9181771103","87","92","Speculative","Mid Cap"
"fr","MMT","Metropole Television SA","10.2796052632","11.5726343847","17.7980510056","87","92","Balanced","Mid Cap"
"fr","KOF","Kaufman & Broad SA","6.8571428571","15.415650915","27.4847735798","86","91","Adventurous","Mid Cap"
"fr","VIL","Viel et Compagnie SA","3.738317757","10.1459371563","23.5962860259","86","83","Conservative","Mid Cap"
"no","2020","2020 Bulkers","6.0462923876","43.6022819886","50.4276211593","85","86","Adventurous","Small Cap"
"de","HP3A","Ringmetall SE","3.1446540881","11.3184926524","13.8666598705","85","88","Adventurous","Small Cap"
"no","RANA","Rana Gruber ASA","14.1415465269","29.8398813566","62.43431671","85","86","Adventurous","Small Cap"
"nl","EXO","Exor NV","0.4620793571","14.0406417112","55.2758506772","84","82","Balanced","Large Cap"
"es","AZK","Azkoyen SA","5.5745341615","12.1441389261","15.151433812","84","98","Balanced","Small Cap"
"gb","AEP","Anglo-Eastern Plantations","1.7311764567","13.3454868928","11.5246352294","84","89","Balanced","Small Cap"
"at","TKA","Telekom Austria AG","4.5397225725","15.3609346712","12.7041354608","83","91","Conservative","Large Cap"
"gb","CAML","Central Asia Metals","9.8898233657","25.8162978433","10.7911657069","83","91","Adventurous","Small Cap"
"ch","GAV","Carlo Gavazzi Holding AG","3.6529680365","10.7424914636","13.7845563691","82","86","Balanced","Small Cap"
"gb","OCN","Ocean Wilsons Holdings","4.6807713911","21.7531279725","10.7097144811","82","96","Balanced","Mid Cap"
"gb","SMIF","Twentyfour Select Monthly Income Fund","8.9858490566","42.6738695275","20.2136818984","80","93","Conservative","Small Cap"
"it","IWB","Italian Wine Brands S.P.A.","2.1645021645","14.0729958379","10.0677933815","80","83","Balanced","Small Cap"
"pt","NOS","Nos SGPS SA","6.9806094183","22.6432421178","26.9134108393","79","83","Conservative","Mid Cap"
"gb","BPM","B.P. Marsh & Partners","1.3743589744","118.3469230885","23.4905594222","79","97","Conservative","Small Cap"
"it","GE","Gefran SpA","4.7511312217","12.1581952246","12.2654097796","79","93","Balanced","Small Cap"
"gb","MPE","M P Evans","5.1225760482","26.0070224218","13.9291289466","78","92","Balanced","Mid Cap"
"gb","FEML","Fidelity Emerging Markets","2.241135413","115.9171411918","16.264562825","78","94","Conservative","Mid Cap"
"gb","ULTP","Ultimate Products","5.2112676056","12.4472029861","26.6686710764","78","98","Speculative","Small Cap"
"gb","SOM","Somero Enterprises","8.5432081943","14.1729997889","31.1858567662","76","82","Adventurous","Small Cap"
"fr","IPS","Ipsos SA","3.5776235906","11.5117441279","13.1347465432","76","93","Balanced","Mid Cap"
"be","FLUX","Fluxys Belgium NV","6.5771812081","60.3966931324","14.8693595526","75","87","Conservative","Mid Cap"
"de","EIN","Einhell Germany AG","1.455813253","14.9650816393","15.8671734005","75","87","Adventurous","Mid Cap"
"es","NTH","Naturhouse Health SA","9.1185410334","29.2534322076","33.9879997209","75","83","Balanced","Small Cap"
"it","FILA","FILA Fabbrica Italiana Lapis ed Affini SpA","1.185770751","14.8879258388","35.8904681427","75","82","Balanced","Mid Cap"
"gb","NCYF","CQS New City High Yield Fund","8.7209302326","37.7766037429","16.8968697825","75","83","Conservative","Small Cap"
"fr","BB","Societe BIC SA","6.2518301611","12.5076546099","12.642398961","73","96","Balanced","Mid Cap"
"de","NLM","Frosta AG","3.2258064516","11.0598371168","15.3174952999","73","97","Balanced","Mid Cap"
"gb","JET2","Jet2","1.0229645094","10.9587070165","32.9740222195","73","81","Adventurous","Large Cap"
"ch","BBN","Bellevue AG","7.4193548387","46.8234399182","12.5727580227","73","93","Adventurous","Small Cap"
"de","MZX","Masterflex SE","2.8216704289","10.0749775067","14.796707236","73","90","Adventurous","Small Cap"
"gb","CCJI","CC Japan Income and Growth Trust","3.0056179775","25.6114551084","24.4240760907","72","85","Conservative","Small Cap"
"gb","N91","Ninety One","7.2183098592","24.2619661794","45.7055214724","72","92","Balanced","Mid Cap"
"pt","NVG","Navigator SA","4.2705286839","10.5901510875","23.8155474312","72","86","Conservative","Mid Cap"
"gb","KETL","Strix","0","24.9022783114","17.9454988553","71","94","Speculative","Small Cap"
"no","SBO","Selvaag Bolig ASA","2.9239766082","43.9769590473","11.4126548642","71","92","Balanced","Small Cap"
"de","AAD","Amadeus Fire AG","6.2266500623","11.5876317156","23.6220035834","71","83","Balanced","Mid Cap"
"gb","ECEL","Eurocell","3.1318681319","12.3102866779","11.568718186","71","92","Balanced","Small Cap"
"ch","NEAG","Naturenergie Holding AG","2.3983264897","10.6546372375","11.2629480134","71","86","Speculative","Mid Cap"
"gb","ALU","Alumasc","4.1346153846","10.4106270601","29.5116808636","70","87","Adventurous","Small Cap"
"se","EMBELL","Embellence AB (publ)","0","11.5789852391","13.0410435174","70","94","Adventurous","Small Cap"
"gb","RIO","Rio Tinto","6.5154966761","13.1755759008","20.1145231011","69","85","Balanced","Large Cap"
"be","PAY","Payton Planar Magnetics","4.8466981132","27.9150677923","23.8155510169","69","98","Adventurous","Small Cap"
"gb","IGG","IG group","4.9892008639","38.0222422603","15.7629159089","67","95","Conservative","Large Cap"
"no","WWI","Wilh Wilhelmsen Holding ASA","2.4397052796","12.6168224299","20.9742607956","67","86","Balanced","Mid Cap"
"be","MOUR","Moury Construct SA","1.3162393162","19.6214918387","25.4630746807","67","99","Adventurous","Small Cap"
"dk","UIE","Uie","6.0561541222","26.5102897886","16.062462382","66","92","Conservative","Mid Cap"
"es","YHSP","Hispanotels Inversiones SOCIMI SA","8.7418320611","81.0873931579","12.481935387","66","96","Balanced","Small Cap"
"es","ENG","Enagas SA","12.8698224852","25.6478288176","12.2580727125","66","84","Conservative","Large Cap"
"gb","FDM","FDM (Holdings)","7.8804347826","15.302065422","41.5073491798","66","83","Adventurous","Mid Cap"
"it","BZU","Buzzi SpA","1.652892562","11.3668246383","17.152706827","66","90","Balanced","Large Cap"
"gb","CLIG","City of London Investment","8.5998094474","29.9854957056","11.0736561505","65","97","Balanced","Small Cap"
"gb","IPX","Impax Asset Management","7.6666666667","28.5160033304","34.2364034349","64","91","Speculative","Mid Cap"
"se","ARPL","Arla Plast AB","2.4703557312","16.3607483233","13.0824531819","64","80","Adventurous","Small Cap"
"gb","LUCE","Luceco","3.4653465347","12.367816092","20.8784940103","64","82","Speculative","Small Cap"
"se","RUG","Rugvista AB (publ)","4.1002277904","14.9330789425","11.516119183","63","94","Speculative","Small Cap"
"gb","REC","Record","7.5163398693","26.9668121116","32.3305380853","63","98","Adventurous","Small Cap"
"be","VAN","Van de Velde NV","5.4281098546","20.0425623725","20.2640661525","63","88","Balanced","Small Cap"
"se","NOTE","Note AB (publ)","0","12.8117297985","18.4563497571","63","82","Speculative","Small Cap"
"gb","PLUS","Plus500","2.7297620074","51.9777748379","39.3077696395","61","97","Conservative","Mid Cap"
"no","ABG","ABG Sundal Collier Holding ASA","7.0224719101","21.0615109601","32.3152637486","61","87","Balanced","Small Cap"
"fi","TITAN","Titanium Oyj","11.8609406953","40.1365267221","53.5507363835","61","89","Balanced","Small Cap"
"fi","DIGIA","Digia Oyj","2.7777777778","11.326757238","14.9859644525","61","92","Balanced","Small Cap"
"de","FNTN","freenet AG","0","13.1921887841","17.9845846417","60","93","Balanced","Large Cap"
"se","AMBEA","Ambea AB (publ)","1.5873015873","13.6030212797","11.7053264605","59","82","Adventurous","Mid Cap"
"fr","ALDLT","Delta Plus SA","1.9054878049","15.4290062178","16.3538619926","59","92","Adventurous","Mid Cap"
"gb","MSI","MS International","2.1195652174","28.8037526466","25.0348310693","59","95","Speculative","Small Cap"
"gb","CKN","Clarkson","3.0409356725","16.4226607257","18.9391324359","58","93","Balanced","Mid Cap"
"fr","THEP","Thermador Groupe SA","2.8415300546","13.3514491726","14.0215364495","57","95","Balanced","Mid Cap"
"dk","HLUN A","H Lundbeck A/S","1.912568306","19.970006289","11.5461892218","57","99","Balanced","Large Cap"
"fi","IFA1V","Innofactor Oyj","0","10.0150621003","12.3291642508","57","94","Adventurous","Small Cap"
"se","SOF B","Softronic AB","5.6485355649","14.0358010331","32.3795317221","57","100","Balanced","Small Cap"
"fi","TTALO","Terveystalo Oyj","0","11.9212788418","12.1102575689","57","80","Balanced","Mid Cap"
"de","ACT","AlzChem AG","2.1352313167","13.1424653648","28.3528022371","57","97","Adventurous","Mid Cap"
"it","ZV","Zignago Vetro SpA","6.6137566138","15.8749330449","21.4610820093","56","91","Balanced","Mid Cap"
"fr","ALTPC","Societe Marseillaise du Tunnel Prado Carenage SA","7.5539568345","43.4238705582","14.2766422978","56","87","Adventurous","Small Cap"
"se","HPOL B","Hexpol AB","5.6872037915","11.3154776013","16.9013126573","55","82","Balanced","Large Cap"
"gb","MONY","MONY","6.2086513995","23.2684472612","36.0795454545","55","99","Balanced","Mid Cap"
"se","VBG B","VBG AB (publ)","2.2222222222","11.3580671997","17.3932854037","54","98","Adventurous","Mid Cap"
"it","BEC","B&C Speakers SpA","4.0816326531","15.9161689511","39.7590073101","54","92","Balanced","Small Cap"
"de","WSU","Washtec AG","5.527638191","12.9843573413","42.5821796133","54","93","Speculative","Mid Cap"
"gb","PAY","PayPoint","5.0933333333","12.332268162","30.6491922671","53","98","Balanced","Mid Cap"
"be","DEME","DEME NV","1.0236768802","14.0069342321","14.398307276","53","91","Balanced","Large Cap"
"gb","GSK","GSK","4.132231405","16.5172040959","29.8045301703","53","86","Conservative","Large Cap"
"ch","VBSN","IVF Hartmann Holding AG","5.8992805755","19.213713897","12.3991605943","53","96","Balanced","Small Cap"
"gb","ASHM","Ashmore","7.8971962617","42.9683698297","10.5198158752","52","85","Adventurous","Mid Cap"
"it","ENAV","Enav SpA","5.873340143","13.4447613521","10.5030761525","51","88","Balanced","Mid Cap"
"gb","ASY","Andrews Sykes","4.8867924528","24.8317175665","32.3542338804","51","90","Conservative","Small Cap"
"de","EKT","Energiekontor AG","2.3762376238","36.2414736917","47.9778472209","51","89","Adventurous","Mid Cap"
"se","NIL B","Nilorngruppen AB","1.4204545455","10.3705333482","17.5430858239","51","99","Adventurous","Small Cap"
"se","TRAC B","Traction AB","3.6284722222","11728.571428571","10.783081024","51","89","Balanced","Small Cap"
"fr","ABCA","ABC Arbitrage SA","6.3559322034","34.6931552745","10.4007555486","51","89","Conservative","Small Cap"
"nl","VPK","Koninklijke Vopak NV","2.9256539697","39.8569023569","14.9822461862","50","80","Balanced","Large Cap"
"de","SSH","Suedwestdeutsche Salzwerke AG","2.75","20.379582926","16.0915875252","50","95","Speculative","Mid Cap"
"ch","JFN","Jungfraubahn Holding AG","3.8598574822","14.3599972537","11.9543714904","49","85","Conservative","Mid Cap"
"gb","TFW","FW Thorpe","2.26","19.3841795697","14.4246713912","49","97","Balanced","Mid Cap"
"be","EVS","Evs Broadcast Equipment SA","1.4358974359","18.6955741334","19.2735675103","49","87","Balanced","Small Cap"
"gb","CBOX","Cake Box Holdings","4.9315068493","13.0271243516","25.1548796505","48","93","Speculative","Small Cap"
"gb","HIK","Hikma Pharmaceuticals","3.1090885502","12.562147829","12.7374301676","48","87","Balanced","Large Cap"
"fi","KCR","Konecranes Abp","2.1428571429","10.068693856","21.9844597928","48","96","Adventurous","Large Cap"
"se","FMM B","FM Mattsson AB (publ)","2.2977941176","14.6612332774","11.1261013738","48","98","Adventurous","Small Cap"
"se","CLAS B","Clas Ohlson AB","2.439793578","13.4657049869","40.3484341205","47","98","Adventurous","Mid Cap"
"de","M12","M1 Kliniken AG","2.8011204482","10.509243463","11.8541495076","47","93","Speculative","Small Cap"
"gb","FRP","Frp Advisory","3.90625","19.2667706708","31.2056737589","46","96","Balanced","Small Cap"
"fr","ANTIN","Antin Infrastructure Partners SAS","7.1150097466","37.4241837214","23.8720276875","45","95","Speculative","Mid Cap"
"it","DLG","De' Longhi SpA","2.3135359116","14.0250475958","14.4538814459","45","93","Adventurous","Large Cap"
"gb","MAB1","Mortgage Advice Bureau (Holdings)","3.7267904509","91.7465364894","15.619909239","45","91","Speculative","Mid Cap"
"gb","DNLM","Dunelm","3.7371134021","11.7140345737","89.1509433962","45","92","Balanced","Mid Cap"
"it","PVN","Piovan SpA","1.9565217391","11.4398656421","35.8478010212","44","97","Adventurous","Mid Cap"
"fr","LIN","Linedata Services SA","2.1820448878","22.6556267115","25.1000423387","44","99","Adventurous","Small Cap"
"gb","BMY","Bloomsbury Publishing","2.0782122905","13.5612244633","19.5319319786","44","97","Adventurous","Mid Cap"
"se","PACT","Proact IT AB","1.3927576602","11.6955408685","20.2914935707","43","91","Adventurous","Small Cap"
"it","TYA","Toscana Aeroporti SpA","0","11.486722018","15.7355618227","43","87","Conservative","Small Cap"
"se","SLEEP","Sleep Cycle AB (publ)","5.3364269142","23.5346216097","98.572217964","43","99","Speculative","Small Cap"
"de","PSG","PharmaSGP Holding SE","5.44","19.0939985605","56.4888337469","43","97","Adventurous","Small Cap"
"se","BRE2","Bredband2 i Skandinavien AB","2.0533880903","13.5625796275","19.1616451487","43","90","Balanced","Small Cap"
"no","SALM","SalMar ASA","5.9829059829","21.1171153066","20.9699976733","43","97","Adventurous","Large Cap"
"fr","ERF","Eurofins Scientific SE","1.0638297872","10.0300425355","11.246595269","43","84","Adventurous","Large Cap"
"gb","CMCX","CMC Markets","2.6018808777","18.0925708344","12.0605832995","41","97","Speculative","Mid Cap"
"no","TEL","Telenor ASA","3.4246575342","25.0202026481","13.1841893916","41","93","Conservative","Large Cap"
"se","BETS B","Betsson AB","0","18.2371398688","21.6827865225","41","95","Adventurous","Large Cap"
"de","FPE3","Fuchs Se","2.6390870185","10.5943152455","16.928796111","40","98","Balanced","Large Cap"
"se","NEWA B","New Wave AB","1.5151515152","13.5115148954","15.2433844121","40","88","Speculative","Mid Cap"
"at","MAN","Josef Manner & Comp AG","1.5238095238","10.3159254409","11.3918258231","40","88","Adventurous","Small Cap"
"it","CMB","Cembre SpA","4.7306176084","13.406885243","19.5704156207","40","84","Balanced","Mid Cap"
"gb","JHD","James Halstead","4.7752808989","16.7399711148","23.3592411622","40","99","Balanced","Mid Cap"
"de","OSP2","USU Software AG","7.5892857143","10.6776655042","10.1579410173","40","90","Adventurous","Small Cap"
"fi","ICP1V","Incap Oyj","0","11.0177483076","14.3119665682","40","90","Speculative","Small Cap"
"se","EPEN","Ependion AB","0.9861932939","10.3138599824","14.907801359","39","92","Speculative","Small Cap"
"fr","CAP","Capgemini SE","1.9236209335","11.1046145543","16.1580407539","39","84","Balanced","Large Cap"
"gb","WISE","Wise","0","229.12270764","45.5549845838","39","82","Speculative","Large Cap"
"fi","ALMA","Alma Media Oyj","4.0540540541","21.647819063","24.0075170308","39","84","Balanced","Mid Cap"
"gb","FSG","Foresight group","4.8471615721","31.0480732491","31.8841104135","39","99","Adventurous","Mid Cap"
"no","KID","Kid ASA","2.2493573265","20.8674768423","29.84425406","39","98","Adventurous","Mid Cap"
"es","CBAV","Clinica Baviera SA","4.0568475452","16.2378931234","48.9563961548","39","93","Balanced","Mid Cap"
"de","S9I","Stemmer Imaging AG","5.421686747","21.2538916748","17.0811086767","39","87","Speculative","Small Cap"
"se","ESSITY B","Essity AB (publ)","2.4792066539","12.1647017251","15.1794093825","39","97","Conservative","Large Cap"
"es","APG","Axon Partners SA","4.3448275862","22.5889814041","22.1933990684","39","84","Balanced","Small Cap"
"gb","ALPH","Alpha International","0.7857142857","69.4245147014","47.6965738444","39","85","Adventurous","Mid Cap"
"gb","SMIN","Smiths","2.7395115842","10.6002554278","10.8365843086","39","94","Conservative","Large Cap"
"ch","APGN","APG SGA SA","5.527638191","10.9393040752","42.4273937092","38","99","Balanced","Mid Cap"
"gb","LSC","London Security","3.3424657534","10.1973624867","14.6600910859","37","95","Adventurous","Mid Cap"
"gb","MEGP","ME International","3.6861826698","11.1652065287","34.0036187054","37","96","Adventurous","Mid Cap"
"se","ZZ B","Zinzino AB","3.2223415682","11.8589978004","78.9362309555","36","96","Speculative","Small Cap"
"de","SIE","Siemens AG","0","12.491500068","18.1394029192","36","88","Balanced","Large Cap"
"ch","COPN","Cosmo Pharmaceuticals NV","2.6387989846","52.8021752735","14.9661034632","36","88","Adventurous","Mid Cap"
"gb","NICL","Nichols","2.9186602871","13.2948318565","19.4939725186","35","98","Adventurous","Mid Cap"
"de","FTK","flatexDEGIRO AG","0.2919708029","38.677136367","16.6183209936","35","80","Speculative","Mid Cap"
"se","KIND SDB","Kindred","0","12.148922273","12.8227803325","35","94","Adventurous","Mid Cap"
"se","CRAD B","C Rad AB","0","12.9476977556","19.267580238","35","96","Adventurous","Small Cap"
"gb","HL.","Hargreaves Lansdown","3.9742410304","43.4697346058","38.4575026233","34","87","Adventurous","Large Cap"
"no","BOUV","Bouvet ASA","3.8748137109","10.4028042788","105.9271550359","34","90","Balanced","Mid Cap"
"it","RWAY","Rai Way SpA","5.9777365492","33.843635888","59.9941598529","33","99","Conservative","Mid Cap"
"se","RVRC","RVRC Holding AB","2.5263157895","18.4239130435","25.7740585774","33","99","Speculative","Mid Cap"
"fr","GET","Getlink SE","3.5087719298","46.6753247058","14.6043837582","33","80","Conservative","Large Cap"
"gb","ELIX","Elixirr International","1.5322580645","20.7680507261","16.3981882719","33","96","Adventurous","Small Cap"
"gb","HILS","Hill & Smith","2.2084367246","12.7690272935","17.7326252598","33","94","Balanced","Mid Cap"
"ch","LOGN","Logitech International SA","0","21.7795357902","33.4012148978","33","98","Adventurous","Large Cap"
"gb","IGP","Intercede","0","46.440915694","59.6100554236","32","99","Speculative","Small Cap"
"es","AENA","Aena SME SA","3.7004830918","32.5160708517","26.4310541276","32","90","Balanced","Large Cap"
"gb","NXT","Next","2.1364985163","13.3499014483","64.0778241016","32","87","Balanced","Large Cap"
"gb","IMI","IMI","1.6743119266","12.2895927602","25.1601688602","32","96","Balanced","Large Cap"
"fr","EQS","Equasens SA","2.5252525253","17.882231969","23.0029433911","32","90","Adventurous","Mid Cap"
"se","AQ","AQ AB","0.9752525992","10.8914325356","16.3384576293","32","97","Adventurous","Mid Cap"
"be","FAGR","Fagron NV","1.1111111111","10.3829124643","17.1394138785","31","93","Balanced","Mid Cap"
"ch","NESN","Nestle SA","3.5486160397","11.9553133515","32.4824237153","31","86","Conservative","Large Cap"
"gb","WIL","Wilmington","2.825","22.8387779179","17.5533136357","31","95","Adventurous","Mid Cap"
"se","HM B","H & M Hennes & Mauritz AB","1.9117647059","10.0291570009","22.2596037557","31","91","Adventurous","Large Cap"
"de","TMV","TeamViewer SE","0","35.8186578629","137.1548681752","30","89","Speculative","Mid Cap"
"es","VID","Vidrala SA","0.3703632887","12.8696480676","17.3994989553","30","84","Balanced","Large Cap"
"fi","GOFORE","Gofore Oyj","2.0659340659","10.663314782","19.4714447437","30","94","Balanced","Small Cap"
"ch","ROG","Roche Holding AG","3.413940256","19.2974398231","38.2963377031","30","92","Conservative","Large Cap"
"gb","KNOS","Kainos","3.2538736591","16.5672488775","34.0473860777","30","97","Adventurous","Mid Cap"
"dk","GMAB","Genmab A/S","0","34.3624711559","18.4493652121","30","98","Balanced","Large Cap"
"gb","CLBS","Celebrus Technologies","1.1775700935","46.9928613009","14.206054636","30","95","Speculative","Small Cap"
