"Flag","Ticker","Name","Yield TTM (%)","FCF / Sales TTM (%)","ROE TTM (%)","Value Rank","Quality Rank","Risk Rating","Size Group"
"se","G5EN","G5 Entertainment AB (publ)","8.8495575221","11.9483893653","20.0925093741","95","96","Speculative","Micro Cap"
"se","TRAN A","Transferator AB (publ)","18.3406113537","206.7571903869","73.1424695475","68","87","Highly Speculative","Micro Cap"
"se","ARCOMA","Arcoma AB","0","10.5759741704","25.2637673058","66","95","Speculative","Micro Cap"
"se","BERNER B","Berner Industrier AB","2.5423728814","12.1496685266","20.0180024516","60","97","Speculative","Micro Cap"
"fi","AALLON","Aallon Oyj","2.6315789474","13.308346719","12.7780599289","55","94","Conservative","Micro Cap"
"se","NTEK B","Novotek AB","2.9569892473","10.8707322311","18.1643087615","53","98","Speculative","Micro Cap"
"no","CONTX","ContextVision AB","0","30.7597021013","31.3978074089","45","98","Speculative","Micro Cap"
"se","CDMIL","CodeMill AB (publ)","0","18.8859758061","13.9966532867","32","82","Highly Speculative","Micro Cap"
"se","GENI","Generic Sweden AB (publ)","3.4090909091","10.9836663814","62.0669950203","22","95","Speculative","Micro Cap"
"se","SKMO","Skane mollan AB","2.6168224299","10.279270766","10.2639894668","22","82","Highly Speculative","Micro Cap"
