"Flag","Ticker","Name","Yield TTM (%)","FCF / Sales TTM (%)","ROE TTM (%)","Value Rank","Quality Rank","Risk Rating","Size Group"
"se","SSAB A","SSAB AB","8.1274382315","10.9114204283","16.7902209871","97","86","Adventurous","Large Cap"
"no","WAWI","Wallenius Wilhelmsen ASA","11.4587863305","30.3748300641","24.3916162611","96","84","Speculative","Large Cap"
"no","AKRBP","Aker BP ASA","9.0207102318","10.3260719107","13.5588832116","88","89","Adventurous","Large Cap"
"dk","TRMD A","Torm","15.3389333305","15.2549112522","37.8884376429","81","82","Speculative","Large Cap"
"dk","HLUN A","H Lundbeck A/S","2.1604938272","20.56459615","11.1297938501","66","98","Adventurous","Large Cap"
"fi","KCR","Konecranes Abp","2.483900644","11.0600236175","19.2977057476","55","93","Adventurous","Large Cap"
"se","ESSITY B","Essity AB (publ)","2.836749634","11.5243292994","12.6503426134","50","96","Conservative","Large Cap"
"se","INVE B","Investor AB","1.6850974197","25.5585538347","22.6313580555","49","86","Conservative","Large Cap"
"se","HPOL B","Hexpol AB","4.6118370484","11.924372894","16.3576525791","48","84","Balanced","Large Cap"
"fi","ELISA","Elisa Oyj","5.4060547814","16.6000091941","27.1642454788","41","93","Conservative","Large Cap"
"dk","CARL B","Carlsberg A/S","2.8307821346","10.0074743494","25.2466627974","38","83","Conservative","Large Cap"
"se","HM B","H & M Hennes & Mauritz AB","3.4712950601","10.2409382026","19.1685489286","36","91","Adventurous","Large Cap"
"dk","ROCK B","Rockwool A/S","1.5250004058","11.3017429194","15.535746771","32","97","Adventurous","Large Cap"
"se","SAND","Sandvik AB","2.3099538009","10.6618916467","14.1784727791","27","87","Balanced","Large Cap"
"dk","PNDORA","Pandora A/S","1.5789473684","21.5350274725","104.5252306023","27","90","Adventurous","Large Cap"
"se","THULE","Thule AB","2.9466501241","18.1857173493","15.6543519098","25","96","Adventurous","Large Cap"
"se","EVO","Evolution AB (publ)","2.6235233697","57.976410308","28.6170194872","24","94","Speculative","Large Cap"
"fi","WRT1V","Wartsila Oyj Abp","1.6494845361","13.3537727815","14.0043763676","24","88","Adventurous","Large Cap"
"dk","GMAB","Genmab A/S","0","30.1638236784","18.2652838977","23","94","Balanced","Large Cap"
"dk","DEMANT","Demant A/S","0","16.1119279954","28.6467980019","21","87","Adventurous","Large Cap"
