"Flag","Ticker","Name","Yield TTM (%)","FCF / Sales TTM (%)","ROE TTM (%)","Value Rank","Quality Rank","Risk Rating","Size Group"
"no","BWLPG","BW LPG","20.9956154295","18.6851398364","33.2065184151","96","93","Speculative","Mid Cap"
"no","MPCC","Mpc Container Ships ASA","25.9438176874","32.1757823378","37.333702552","94","88","Speculative","Mid Cap"
"no","HAUTO","Hoegh Autoliners ASA","31.6774898404","37.1927076999","51.4872387462","92","85","Speculative","Mid Cap"
"no","SNI","Stolt-Nielsen","3.819610231","12.8505771102","20.5054082252","89","81","Adventurous","Mid Cap"
"no","KCC","Klaveness Combination Carriers ASA","12.6831142555","39.053569768","25.1377482067","87","81","Adventurous","Mid Cap"
"se","BETS B","Betsson AB","0","17.3999207293","23.0910281598","73","91","Adventurous","Mid Cap"
"no","WWI","Wilh Wilhelmsen Holding ASA","2.5624003749","12.6168224299","20.9742607956","71","86","Balanced","Mid Cap"
"dk","UIE","Uie","6.2802923062","26.5102897886","16.062462382","70","92","Conservative","Mid Cap"
"se","AMBEA","Ambea AB (publ)","1.7251293847","13.6030212797","11.7053264605","65","82","Adventurous","Mid Cap"
"no","KID","Kid ASA","4.3222683264","21.370129116","26.7999266165","53","98","Adventurous","Mid Cap"
"se","CLAS B","Clas Ohlson AB","2.5162818236","13.3875428806","30.9489761767","49","91","Adventurous","Mid Cap"
"se","COIC","Concentric AB","2.9432132964","11.0716099543","12.7232142857","47","88","Adventurous","Mid Cap"
"se","NEWA B","New Wave AB","1.5695067265","13.5115148954","15.2433844121","45","88","Speculative","Mid Cap"
"fi","ALMA","Alma Media Oyj","4.3902439024","19.987000325","25.8811681772","44","84","Balanced","Mid Cap"
"se","VBG B","VBG AB (publ)","1.703163017","11.3580671997","17.3932854037","40","99","Adventurous","Mid Cap"
"no","BOUV","Bouvet ASA","4.094488189","10.8402662692","59.8859439446","37","87","Balanced","Mid Cap"
"se","KIND SDB","Kindred","0","12.148922273","12.8227803325","36","94","Adventurous","Mid Cap"
"se","AQ","AQ AB","0.9704210986","10.3175500057","17.3214054194","34","98","Speculative","Mid Cap"
"se","RVRC","RVRC Holding AB","2.4742268041","18.4239130435","25.7740585774","34","99","Speculative","Mid Cap"
"se","NORVA","Norva24 AB (publ)","0","10.636585802","10.5122081973","33","80","Adventurous","Mid Cap"
"fi","MEKKO","Marimekko Oyj","2.9272151899","19.7198839058","46.1071399001","32","94","Adventurous","Mid Cap"
"fi","PUUILO","Puuilo Oyj","3.6468330134","15.7505910165","48.0446927374","31","94","Adventurous","Mid Cap"
"se","BAHN B","Bahnhof AB (publ)","3.8461538462","12.9253837337","49.9299845056","27","99","Adventurous","Mid Cap"
"se","TRUE B","Truecaller AB","4.7914317926","30.3846809698","30.5082048363","25","91","Highly Speculative","Mid Cap"
"se","THULE","Thule AB","1.6014834794","28.9165602384","16.1711743521","25","96","Adventurous","Mid Cap"
"se","BUFAB","Bufab AB (publ)","1.1904761905","15.6532209512","12.9983155531","24","88","Adventurous","Mid Cap"
"se","BIOG B","Biogaia AB","5.3990610329","26.308506148","23.22657674","21","97","Adventurous","Mid Cap"
"no","NORBT","Norbit ASA","2.7929901424","16.7775696104","22.9649965683","21","81","Adventurous","Mid Cap"
