"Flag","Ticker","Name","Yield TTM (%)","FCF / Sales TTM (%)","ROE TTM (%)","Value Rank","Quality Rank","Risk Rating","Size Group"
"no","HAUTO","Hoegh Autoliners ASA","29.492912755","40.58770735","51.0271863701","99","91","Speculative","Mid Cap"
"no","PNOR","Petronor E&P ASA","0","30.1175343611","46.2464033482","98","91","Speculative","Small Cap"
"no","WAWI","Wallenius Wilhelmsen ASA","12.3275352986","30.3748300641","24.3916162611","96","84","Speculative","Large Cap"
"no","BWLPG","BW LPG","22.2499706978","22.0788169344","31.7314315046","96","97","Speculative","Mid Cap"
"no","MPCC","Mpc Container Ships ASA","28.4675973829","32.1757823378","37.333702552","95","88","Speculative","Mid Cap"
"gb","NXQ","Nexteq","4.2454627312","15.3206411949","14.1006728778","94","93","Speculative","Small Cap"
"gb","SHOE","Shoe Zone","7.7288135593","16.1028181431","43.2489642868","94","89","Speculative","Small Cap"
"nl","VTA","Volta Finance","10.2884615385","85.1831527608","19.2261500357","94","91","Conservative","Small Cap"
"fr","TFI","Television Francaise 1 SA","6.993006993","10.2237107647","10.0350840986","93","84","Balanced","Mid Cap"
"it","TEN","Tenaris SA","6.0071989249","26.0199588926","21.7193603082","92","90","Adventurous","Large Cap"
"it","BAN","Basic Net SpA","4.5180722892","10.6768282055","15.5294282538","92","95","Balanced","Small Cap"
"gb","BGLF","Blackstone Loan Financing","12.7289855072","83.4328357965","19.0649893107","91","93","Conservative","Small Cap"
"no","AKRBP","Aker BP ASA","9.6975420525","13.160013902","14.7565090016","91","88","Adventurous","Large Cap"
"gb","LIV","Livermore Investments","0","118.6676638095","10.5386967772","90","90","Balanced","Small Cap"
"es","A3M","Atresmedia Corporacion de Medios de Comunicacion SA","5.2516411379","21.0753216452","24.5285648154","89","96","Balanced","Mid Cap"
"fr","ALGIL","Groupe Guillin SA","3.642384106","11.8113582926","13.5541262099","89","95","Balanced","Mid Cap"
"se","G5EN","G5 Entertainment AB (publ)","6.3694267516","13.7712772188","21.288323738","89","98","Speculative","Small Cap"
"no","SNI","Stolt-Nielsen","3.8342641961","12.8505771102","20.5054082252","89","81","Adventurous","Mid Cap"
"de","FEV","Fortec Elektronik AG","4.25","11.7643168893","13.6000732467","89","93","Balanced","Small Cap"
"fr","MMT","Metropole Television SA","10.3993344426","11.5726343847","17.7980510056","88","92","Balanced","Mid Cap"
"fr","VIL","Viel et Compagnie SA","4.048582996","11.310082814","21.4450482386","88","82","Conservative","Mid Cap"
"no","RANA","Rana Gruber ASA","17.0247933884","27.6581890945","56.7964545632","88","80","Adventurous","Small Cap"
"no","KCC","Klaveness Combination Carriers ASA","12.6780459817","39.053569768","25.1377482067","87","81","Adventurous","Mid Cap"
"it","DIS","d'Amico International Shipping SA","3.3776644435","65.4843579621","33.3510881937","86","88","Adventurous","Mid Cap"
"gb","CARD","Card Factory","3.982300885","15.1497357604","16.9520547945","86","98","Speculative","Mid Cap"
"gb","OCN","Ocean Wilsons Holdings","5.2914170103","12.8362300317","11.5988762334","84","96","Balanced","Mid Cap"
"fr","BB","Societe BIC SA","7.4390243902","10.988264257","12.1059642644","84","96","Balanced","Mid Cap"
"it","CEM","Cementir Holding NV","2.8426395939","11.4393591962","14.0262401667","82","94","Balanced","Mid Cap"
"it","FILA","FILA Fabbrica Italiana Lapis ed Affini SpA","1.3498312711","14.4736217294","35.8100586209","82","88","Balanced","Mid Cap"
"pt","NOS","Nos SGPS SA","7","20.1841920639","25.5737139372","82","83","Conservative","Mid Cap"
"es","NTH","Naturhouse Health SA","14.2857142857","40.4308925348","38.6501702688","81","94","Balanced","Small Cap"
"fi","KALMAR","Kalmar Oyj","0","13.3323350304","20.3539328979","80","84","Highly Speculative","Mid Cap"
"gb","DOCS","Dr Martens","3.7090909091","15.9046858967","17.9181771103","80","92","Speculative","Mid Cap"
"gb","ULTP","Ultimate Products","5.2296819788","12.4472029861","26.6686710764","79","98","Speculative","Small Cap"
"no","WWI","Wilh Wilhelmsen Holding ASA","3.8461261314","13.786407767","18.8411509657","79","85","Balanced","Mid Cap"
"it","DAN","Danieli & C Officine Meccaniche SpA","0.8920863309","10.5844872175","11.1524930388","77","88","Balanced","Mid Cap"
"se","BETS B","Betsson AB","0","17.3999207293","23.0910281598","77","91","Adventurous","Mid Cap"
"fi","ALEX","Alexandria Oyj","9.8734177215","21.5364160808","24.9887570753","77","84","Adventurous","Small Cap"
"dk","UIE","Uie","8.4948148175","23.2274711915","16.7517244844","76","96","Conservative","Mid Cap"
"it","ZV","Zignago Vetro SpA","6.5445026178","25.757788475","34.0571886513","75","98","Balanced","Mid Cap"
"no","2020","2020 Bulkers","3.7610150833","49.3557978196","31.9544364508","74","87","Adventurous","Small Cap"
"gb","N91","Ninety One","7.3696824446","24.2619661794","45.7055214724","74","92","Balanced","Mid Cap"
"de","NLM","Frosta AG","3.1746031746","11.0598371168","15.3174952999","74","97","Balanced","Mid Cap"
"ch","GAV","Carlo Gavazzi Holding AG","3.0418250951","10.7424914636","13.7845563691","74","86","Balanced","Small Cap"
"gb","BPM","B.P. Marsh & Partners","1.0161137441","60.5158187009","20.3143957125","72","93","Conservative","Small Cap"
"be","MOUR","Moury Construct SA","1.5098039216","21.8031511078","25.9118306775","72","97","Adventurous","Small Cap"
"gb","SOM","Somero Enterprises","6.8995927684","18.8120862642","34.8937709293","72","83","Adventurous","Small Cap"
"be","FLUX","Fluxys Belgium NV","6.2222222222","28.929398031","12.326128246","71","86","Conservative","Mid Cap"
"gb","FDM","FDM (Holdings)","8.6642599278","14.8223669436","50.9964096726","71","97","Adventurous","Mid Cap"
"pt","MAR","Martifer SGPS SA","0","21.3227379291","43.5250555702","71","81","Speculative","Small Cap"
"be","VAN","Van de Velde NV","5.6852791878","19.4677533094","20.1345978828","71","93","Balanced","Small Cap"
"gb","ASHM","Ashmore","9.9411764706","52.8311965812","11.1903952883","70","90","Adventurous","Mid Cap"
"gb","CCJI","CC Japan Income and Growth Trust","2.8083989501","25.6114551084","24.4240760907","70","86","Conservative","Small Cap"
"es","MCM","Miquel y Costas & Miquel SA","3.5754509804","17.1528422114","12.4699301679","69","92","Conservative","Mid Cap"
"be","PAY","Payton Planar Magnetics","4.8627882213","31.4622752115","23.4968408438","69","96","Adventurous","Small Cap"
"gb","CFX","Colefax","0.3157894737","10.2825633553","19.4010080124","68","91","Conservative","Small Cap"
"de","AAD","Amadeus Fire AG","5.3533190578","15.2944525639","22.4662589468","68","95","Balanced","Mid Cap"
"it","BZU","Buzzi SpA","1.677852349","11.932143892","18.3540410384","68","94","Balanced","Large Cap"
"it","MN","Arnoldo Mondadori Editore SpA","2.3346303502","12.1111439015","23.1544620133","68","80","Balanced","Mid Cap"
"fr","ABCA","ABC Arbitrage SA","7.5376884422","50.1883759482","10.3960083769","67","94","Conservative","Small Cap"
"se","AMBEA","Ambea AB (publ)","1.8939393939","13.1637168142","10.361395446","67","89","Adventurous","Mid Cap"
"gb","CLIG","City of London Investment","8.59056637","29.8218170959","11.3928346662","66","98","Balanced","Small Cap"
"de","ACT","AlzChem AG","2.5263157895","13.9406828286","23.7078532605","66","98","Adventurous","Mid Cap"
"no","NORAM","Noram Drilling AS","3.0256583552","30.3655836233","13.8498730811","65","91","Highly Speculative","Small Cap"
"se","FMM B","FM Mattsson AB (publ)","5.0403225806","11.2599121448","11.367816092","65","95","Adventurous","Small Cap"
"fi","TITAN","Titanium Oyj","10.3571428571","45.2781063259","39.7230590566","65","89","Balanced","Small Cap"
"fr","IPS","Ipsos SA","2.8947368421","11.5117441279","13.1347465432","65","93","Balanced","Mid Cap"
"se","ARPL","Arla Plast AB","2.358490566","16.464077478","14.3886171632","64","95","Adventurous","Small Cap"
"fr","DKUPL","Adl Partner SA","2.8184281843","10.6034197794","42.9953694105","64","93","Adventurous","Small Cap"
"de","MBH3","Maschinenfabrik Berthold Hermle AG","7.3774509804","11.1894259887","24.9484421476","64","97","Balanced","Mid Cap"
"gb","PLUS","Plus500","2.7966054861","46.9154502892","36.6682429237","64","94","Balanced","Mid Cap"
"gb","KETL","Strix","0","20.4584122944","41.0602739379","63","93","Speculative","Small Cap"
"ch","CFT","Compagnie financiere Tradition SA","4.1522491349","11.6049206777","22.9763748678","63","85","Conservative","Mid Cap"
"es","YHSP","Hispanotels Inversiones SOCIMI SA","4.1770967742","81.0873931579","12.481935387","63","96","Balanced","Small Cap"
"de","WSU","Washtec AG","6.2146892655","11.4458369798","30.6586440791","63","94","Speculative","Mid Cap"
"de","FNTN","freenet AG","0","13.2514077005","12.0416055474","62","94","Balanced","Large Cap"
"gb","REC","Record","6.9172932331","26.9668121116","32.3305380853","61","98","Adventurous","Small Cap"
"se","RUG","Rugvista AB (publ)","3.4615384615","18.7503224438","12.3260664801","61","95","Speculative","Small Cap"
"it","BEC","B&C Speakers SpA","4.5901639344","18.7278134925","28.25950476","61","87","Balanced","Small Cap"
"dk","HLUN A","H Lundbeck A/S","1.9746121298","20.56459615","11.1297938501","60","99","Balanced","Large Cap"
"gb","IPX","Impax Asset Management","6.8148148148","28.5160033304","34.2364034349","60","91","Speculative","Mid Cap"
"se","TRAC B","Traction AB","3.9885496183","11728.571428571","10.783081024","59","90","Balanced","Small Cap"
"no","KID","Kid ASA","4.7276853253","21.370129116","26.7999266165","59","98","Adventurous","Mid Cap"
"de","PSG","PharmaSGP Holding SE","6.4761904762","24.4386865872","46.4146591492","59","99","Adventurous","Small Cap"
"be","SMAR","Smartphoto NV","2.6630434783","11.0076797766","14.1501822898","58","99","Balanced","Small Cap"
"fi","KEMIRA","Kemira Oyj","1.6650342801","10.3787129503","10.8160309029","57","81","Balanced","Large Cap"
"ch","VBSN","IVF Hartmann Holding AG","6.2121212121","21.2263353903","10.2681249555","57","92","Balanced","Small Cap"
"es","CBAV","Clinica Baviera SA","5.2684563758","19.8763270874","42.2059618809","57","93","Adventurous","Mid Cap"
"se","SLEEP","Sleep Cycle AB (publ)","6.6473988439","26.7437365313","40.8402881084","57","99","Speculative","Small Cap"
"gb","PAY","PayPoint","0","12.332268162","30.6491922671","56","98","Balanced","Mid Cap"
"gb","BOY","Bodycote","3.2428571429","13.6074766355","10.8926639944","56","99","Balanced","Mid Cap"
"fi","KCR","Konecranes Abp","2.568981922","11.0600236175","19.2977057476","56","92","Adventurous","Large Cap"
"se","BERNER B","Berner Industrier AB","3.1542056075","12.1496685266","20.0180024516","56","97","Highly Speculative","Small Cap"
"it","OMER","Omer Spa","1.5544041451","17.1006560724","16.1747370841","55","94","Adventurous","Small Cap"
"fr","ALDLT","Delta Plus SA","1.7123287671","15.4290062178","16.3538619926","55","92","Adventurous","Mid Cap"
"nl","VPK","Koninklijke Vopak NV","3.1419418433","31.1307519641","14.6812931909","54","87","Balanced","Large Cap"
"ch","BBN","Bellevue AG","6.3535911602","10.4228482262","11.8764993856","54","88","Adventurous","Small Cap"
"gb","IGG","IG group","5.0471436495","11.2148584188","15.6668138949","54","86","Conservative","Large Cap"
"be","EVS","Evs Broadcast Equipment SA","2.5795644891","18.8745373605","20.1291236482","54","96","Balanced","Small Cap"
"gb","ASY","Andrews Sykes","4.752293578","26.5229151587","33.7678389762","53","94","Balanced","Small Cap"
"gb","CBOX","Cake Box Holdings","5.0704225352","13.0271243516","25.1548796505","52","93","Speculative","Small Cap"
"se","NEWA B","New Wave AB","3.133393017","11.6381793739","15.7455594306","52","88","Speculative","Mid Cap"
"se","NIL B","Nilorngruppen AB","1.3698630137","10.3705333482","17.5430858239","52","99","Adventurous","Small Cap"
"gb","GSK","GSK","3.8726616344","17.2251138582","34.9493374903","51","86","Conservative","Large Cap"
"no","CAMBI","Cambi ASA","6.8965517241","14.7786259542","37.5433975817","51","87","Speculative","Small Cap"
"gb","MONY","MONY","5.5103884372","23.2684472612","36.0795454545","50","99","Balanced","Mid Cap"
"se","HPOL B","Hexpol AB","5.0933786078","11.3154776013","16.9013126573","50","82","Balanced","Large Cap"
"se","CLAS B","Clas Ohlson AB","2.5540865385","13.3875428806","30.9489761767","50","91","Adventurous","Mid Cap"
"de","FPE3","Fuchs Se","2.9919137466","12.0304998588","15.2144591314","50","98","Balanced","Large Cap"
"it","DLG","De' Longhi SpA","2.1909744931","15.5242296455","16.0501703621","50","89","Adventurous","Large Cap"
"gb","MEGP","ME International","4.3819599109","11.1652065287","34.0036187054","49","96","Adventurous","Mid Cap"
"gb","WISE","Wise","0","229.12270764","45.5549845838","49","83","Speculative","Large Cap"
"gb","MSI","MS International","1.7030567686","28.8037526466","25.0348310693","48","96","Speculative","Small Cap"
"gb","CKN","Clarkson","2.3234624146","22.5993118549","19.4363910472","48","96","Balanced","Mid Cap"
"fi","ICP1V","Incap Oyj","0","15.7019012505","19.0287831948","48","90","Speculative","Small Cap"
"gb","CMCX","CMC Markets","2.7483443709","18.0925708344","12.0605832995","48","97","Speculative","Mid Cap"
"gb","FRP","Frp Advisory","3.8167938931","19.2667706708","31.2056737589","48","98","Balanced","Small Cap"
"fr","LIN","Linedata Services SA","2.4305555556","17.3375525124","24.0581214323","47","98","Adventurous","Small Cap"
"it","RWAY","Rai Way SpA","6.4763819095","33.2738338379","42.2551461719","47","98","Conservative","Mid Cap"
"se","ZZ B","Zinzino AB","3.9113428944","10.0017640812","69.121804964","47","98","Speculative","Small Cap"
"it","CMB","Cembre SpA","4.9315068493","11.6045310962","20.2117811298","46","96","Balanced","Mid Cap"
"de","S9I","Stemmer Imaging AG","5.601659751","17.4780718195","15.6408907592","45","88","Speculative","Small Cap"
"ch","JFN","Jungfraubahn Holding AG","3.2532532533","21.9681734231","12.2675594615","45","85","Conservative","Mid Cap"
"gb","DNLM","Dunelm","3.488372093","12.5753146811","84.6872346448","45","93","Adventurous","Mid Cap"
"no","TEL","Telenor ASA","3.5019455253","25.0202026481","13.1841893916","45","93","Conservative","Large Cap"
"de","EKT","Energiekontor AG","1.8320610687","42.571071721","53.9448127622","45","94","Adventurous","Mid Cap"
"se","COIC","Concentric AB","2.4285714286","11.614800294","17.3798551679","44","89","Adventurous","Mid Cap"
"dk","CARL B","Carlsberg A/S","3.1817110535","10.0074743494","25.2466627974","44","83","Conservative","Large Cap"
"gb","IGP","Intercede","0","46.440915694","59.6100554236","44","99","Speculative","Small Cap"
"de","SSH","Suedwestdeutsche Salzwerke AG","2.578125","19.0831351246","13.2568316957","44","83","Speculative","Mid Cap"
"gb","JHD","James Halstead","4.5205479452","18.2725785622","26.8541990845","43","98","Balanced","Mid Cap"
"se","ESSITY B","Essity AB (publ)","2.5527009223","12.6770290988","13.0533322973","43","96","Conservative","Large Cap"
"ch","COPN","Cosmo Pharmaceuticals NV","2.7547510085","51.7023333457","16.2737794719","42","88","Adventurous","Mid Cap"
"gb","NXT","Next","2.3825966851","16.5397923875","65.4377880184","42","92","Balanced","Large Cap"
"fi","ALMA","Alma Media Oyj","4.2452830189","19.987000325","25.8811681772","42","83","Balanced","Mid Cap"
"se","PACT","Proact IT AB","1.2820512821","11.6955408685","20.2914935707","41","91","Adventurous","Small Cap"
"es","APG","Axon Partners SA","4.3448275862","22.5889814041","22.1933990684","41","84","Adventurous","Small Cap"
"de","SIE","Siemens AG","2.7840303282","12.8159679408","15.7906254103","41","93","Balanced","Large Cap"
"de","TMV","TeamViewer SE","0","33.6005086063","131.205414834","40","89","Speculative","Mid Cap"
"se","VBG B","VBG AB (publ)","1.690821256","11.3580671997","17.3932854037","40","99","Adventurous","Mid Cap"
"gb","TFW","FW Thorpe","1.9818181818","15.2978494442","14.1123039338","39","96","Balanced","Mid Cap"
"de","OSP2","USU Software AG","3.0386740331","10.6776655042","10.1579410173","39","90","Balanced","Small Cap"
"se","KIND SDB","Kindred","0","12.148922273","12.8227803325","39","94","Adventurous","Mid Cap"
"gb","SXS","Spectris","2.5984251969","11.7651117858","10.563789596","39","98","Balanced","Large Cap"
"es","VID","Vidrala SA","0.417007535","12.8696480676","17.3994989553","38","84","Balanced","Large Cap"
"fr","IPN","Ipsen SA","1.1834319527","21.068231309","17.215309937","38","80","Balanced","Large Cap"
"gb","ELIX","Elixirr International","2.5429553265","19.4050183385","15.9998514923","38","86","Speculative","Small Cap"
"gb","NICL","Nichols","4.0262008734","13.2948318565","19.4939725186","38","98","Adventurous","Mid Cap"
"no","BOUV","Bouvet ASA","4.13354531","10.8402662692","59.8859439446","38","87","Balanced","Mid Cap"
"gb","WEIR","Weir","2.0315789474","11.6691957511","13.4180253491","37","92","Balanced","Large Cap"
"se","HM B","H & M Hennes & Mauritz AB","1.9625603865","12.0263827954","25.8934905737","37","91","Adventurous","Large Cap"
"gb","FSG","Foresight group","4.4758064516","31.0480732491","31.8841104135","37","99","Adventurous","Mid Cap"
"gb","BA.","BAE Systems","2.4","12.1457665309","17.057040507","37","89","Conservative","Large Cap"
"se","SYSR","Systemair AB","1.5075376884","10.8774048268","11.833712149","36","84","Speculative","Mid Cap"
"fr","CAP","Capgemini SE","1.7561983471","10.0612734215","16.4808483227","36","95","Balanced","Large Cap"
"es","AENA","Aena SME SA","4.1472658365","22.7644265954","23.847763914","36","95","Balanced","Large Cap"
"se","NORVA","Norva24 AB (publ)","0","12.14410046","10.8025388224","36","87","Adventurous","Mid Cap"
"be","KIN","Kinepolis NV","1.0476190476","19.5583632685","31.8951392682","36","87","Balanced","Mid Cap"
"fi","GOFORE","Gofore Oyj","2.1315192744","11.757901631","18.8106307837","35","99","Adventurous","Small Cap"
"se","EPEN","Ependion AB","0.8460236887","10.3138599824","14.907801359","34","92","Speculative","Small Cap"
"gb","CLBS","Celebrus Technologies","1.2352941176","46.9928613009","14.206054636","34","95","Speculative","Small Cap"
"fi","PUUILO","Puuilo Oyj","3.873598369","15.7505910165","48.0446927374","34","94","Adventurous","Mid Cap"
"de","YSN","Secunet Security Networks AG","1.9504132231","10.9397411244","21.9720714244","34","91","Speculative","Mid Cap"
"de","IVU","Ivu Traffic Technologies AG","1.8705035971","12.6922560412","15.3461096509","34","95","Balanced","Small Cap"
"ch","ROG","Roche Holding AG","3.5100548446","19.4938347299","40.1277330867","33","88","Conservative","Large Cap"
"se","SINT","SinterCast AB","5.1694915254","34.8571428571","35.5124420076","33","99","Adventurous","Small Cap"
"gb","HL.","Hargreaves Lansdown","3.8009049774","39.6521969999","45.8023379384","33","91","Adventurous","Large Cap"
"se","AQ","AQ AB","0.9493941554","10.3175500057","17.3214054194","33","98","Speculative","Mid Cap"
"fr","EQS","Equasens SA","2.4850894632","17.882231969","23.0029433911","33","90","Adventurous","Mid Cap"
"fr","GET","Getlink SE","3.3212560386","46.6753247058","14.6043837582","32","80","Conservative","Large Cap"
"gb","WIL","Wilmington","2.575","23.8404815377","22.9732786197","32","90","Adventurous","Mid Cap"
"be","FAGR","Fagron NV","1.1254019293","11.2924005657","16.2495278108","32","93","Balanced","Mid Cap"
"fr","ANTIN","Antin Infrastructure Partners SAS","5.867768595","42.6113947141","15.4002226692","32","95","Speculative","Mid Cap"
"gb","XPS","XPS Pensions","2.6498422713","17.7629467688","32.3251914137","32","83","Adventurous","Mid Cap"
"gb","ALPH","Alpha International","0.6477732794","68.4540301697","48.5572231774","32","91","Adventurous","Mid Cap"
"gb","IMI","IMI","1.5704772475","12.9007285974","24.5169955574","31","98","Balanced","Large Cap"
"se","EVO","Evolution AB (publ)","3.0661343177","59.5328341796","30.8330239938","31","94","Adventurous","Large Cap"
"fr","BVI","Bureau Veritas SA","3.1062874251","11.2836156652","26.5230898847","31","96","Conservative","Large Cap"
"fr","WAVE","Wavestone SA","0.7076350093","11.4087890268","13.4019407817","31","96","Adventurous","Mid Cap"
"fr","VETO","Vetoquinol SA","0.8508508509","13.2977246061","10.9849503353","30","95","Adventurous","Mid Cap"
"ch","NOVN","Novartis AG","3.5911738571","24.343020876","21.5494763838","30","85","Conservative","Large Cap"
"dk","DEMANT","Demant A/S","0","16.1119279954","28.6467980019","30","87","Adventurous","Large Cap"
"ch","LOGN","Logitech International SA","0","23.2788289702","30.8937410196","30","98","Adventurous","Large Cap"
"dk","ROCK B","Rockwool A/S","1.4894136534","11.3017429194","15.535746771","30","97","Adventurous","Large Cap"
"dk","PNDORA","Pandora A/S","1.7126546147","21.5350274725","104.5252306023","30","90","Adventurous","Large Cap"
"gb","ITRK","Intertek","2.3222453222","12.5604590381","22.811996625","30","80","Conservative","Large Cap"
"ch","BOSN","Bossard Holding AG","1.8306636156","13.1431761194","17.8365286193","30","89","Adventurous","Mid Cap"
"se","MSAB B","Micro Systemation AB (publ)","3.355704698","16.3765037919","13.370528109","30","99","Adventurous","Small Cap"
"at","FLU","Flughafen Wien AG","2.5882352941","25.3510156955","12.7730495389","29","97","Balanced","Large Cap"
"se","BAHN B","Bahnhof AB (publ)","3.8535645472","14.6551056098","36.3417876235","28","99","Speculative","Mid Cap"
"ch","FHZN","Flughafen Zuerich AG","2.6108374384","20.4723772547","11.097127223","28","90","Conservative","Large Cap"
"gb","CHRT","Cohort","1.6217798595","12.3412678527","14.7041216771","28","92","Adventurous","Mid Cap"
"fi","ELISA","Elisa Oyj","2.6241799438","15.8562271062","33.9393381507","28","88","Conservative","Large Cap"
"gb","HILS","Hill & Smith","1.9589977221","12.0149433598","16.7907260525","28","98","Balanced","Mid Cap"
"fi","MEKKO","Marimekko Oyj","2.8072837633","16.1153793854","39.2419925483","28","97","Adventurous","Mid Cap"
"ch","NESN","Nestle SA","3.2064985036","10.4711929289","28.8430857907","28","87","Conservative","Large Cap"
"se","TRUE B","Truecaller AB","5.0746268657","30.3846809698","30.5082048363","28","91","Highly Speculative","Mid Cap"
"gb","FNX","Fonix Mobile","3.0447154472","22.4055519168","103.740782604","26","96","Adventurous","Small Cap"
"se","THULE","Thule AB","1.6379310345","28.9165602384","16.1711743521","26","96","Adventurous","Mid Cap"
"ch","SCHP","Schindler Holding AG","2.1853146853","11.6146062473","20.2560071862","26","97","Balanced","Large Cap"
