"Flag","Ticker","Name","Yield TTM (%)","FCF / Sales TTM (%)","ROE TTM (%)","Value Rank","Quality Rank","Risk Rating","Size Group"
"no","BWLPG","BW LPG","24.3749019556","18.6851398364","33.2065184151","97","93","Speculative","Mid Cap"
"no","MPCC","Mpc Container Ships ASA","23.5656089148","27.9804107055","31.5957372764","93","80","Speculative","Mid Cap"
"no","HAUTO","Hoegh Autoliners ASA","39.7488297701","36.7402389761","52.5803828847","92","86","Speculative","Mid Cap"
"no","KCC","Klaveness Combination Carriers ASA","15.1641832197","37.6008915839","25.7702632317","90","81","Balanced","Mid Cap"
"no","WWI","Wilh Wilhelmsen Holding ASA","2.4397052796","12.6168224299","20.9742607956","67","86","Balanced","Mid Cap"
"dk","UIE","Uie","6.0561541222","26.5102897886","16.062462382","66","92","Conservative","Mid Cap"
"se","AMBEA","Ambea AB (publ)","1.5873015873","13.6030212797","11.7053264605","59","82","Adventurous","Mid Cap"
"fi","TTALO","Terveystalo Oyj","0","11.9212788418","12.1102575689","57","80","Balanced","Mid Cap"
"se","VBG B","VBG AB (publ)","2.2222222222","11.3580671997","17.3932854037","54","98","Adventurous","Mid Cap"
"se","CLAS B","Clas Ohlson AB","2.439793578","13.4657049869","40.3484341205","47","98","Adventurous","Mid Cap"
"se","NEWA B","New Wave AB","1.5151515152","13.5115148954","15.2433844121","40","88","Speculative","Mid Cap"
"fi","ALMA","Alma Media Oyj","4.0540540541","21.647819063","24.0075170308","39","84","Balanced","Mid Cap"
"no","KID","Kid ASA","2.2493573265","20.8674768423","29.84425406","39","98","Adventurous","Mid Cap"
"se","KIND SDB","Kindred","0","12.148922273","12.8227803325","35","94","Adventurous","Mid Cap"
"no","BOUV","Bouvet ASA","3.8748137109","10.4028042788","105.9271550359","34","90","Balanced","Mid Cap"
"se","RVRC","RVRC Holding AB","2.5263157895","18.4239130435","25.7740585774","33","99","Speculative","Mid Cap"
"se","AQ","AQ AB","0.9752525992","10.8914325356","16.3384576293","32","97","Adventurous","Mid Cap"
"se","NORVA","Norva24 AB (publ)","0","10.636585802","10.5122081973","29","80","Adventurous","Mid Cap"
"fi","MEKKO","Marimekko Oyj","2.8244274809","19.7198839058","46.1071399001","28","94","Adventurous","Mid Cap"
"fi","PUUILO","Puuilo Oyj","2.0540540541","12.0713305898","58.6013986014","27","97","Adventurous","Mid Cap"
"se","BUFAB","Bufab AB (publ)","1.2820512821","15.0234163175","14.3037088873","26","88","Adventurous","Mid Cap"
"se","BIOG B","Biogaia AB","6.6346153846","26.9381107252","18.6857797332","25","99","Adventurous","Mid Cap"
"se","BAHN B","Bahnhof AB (publ)","3.6363636364","12.9253837337","49.9299845056","24","99","Adventurous","Mid Cap"
"se","COIC","Concentric AB","1.8518518519","11.0716099543","12.7232142857","22","88","Speculative","Mid Cap"
"se","SKIS B","SkiStar AB","1.7041996348","11.5456411473","13.3089492947","20","85","Adventurous","Mid Cap"
