"Flag","Ticker","Name","Yield TTM (%)","FCF / Sales TTM (%)","ROE TTM (%)","Value Rank","Quality Rank","Risk Rating","Size Group"
"no","WAWI","Wallenius Wilhelmsen ASA","12.3275352986","30.3748300641","24.3916162611","96","84","Speculative","Large Cap"
"no","AKRBP","Aker BP ASA","9.6975420525","13.160013902","14.7565090016","91","88","Adventurous","Large Cap"
"dk","HLUN A","H Lundbeck A/S","1.9746121298","20.56459615","11.1297938501","60","99","Balanced","Large Cap"
"fi","KEMIRA","Kemira Oyj","1.6650342801","10.3787129503","10.8160309029","57","81","Balanced","Large Cap"
"fi","KCR","Konecranes Abp","2.568981922","11.0600236175","19.2977057476","56","92","Adventurous","Large Cap"
"se","HPOL B","Hexpol AB","5.0933786078","11.3154776013","16.9013126573","50","82","Balanced","Large Cap"
"no","TEL","Telenor ASA","3.5019455253","25.0202026481","13.1841893916","45","93","Conservative","Large Cap"
"dk","CARL B","Carlsberg A/S","3.1817110535","10.0074743494","25.2466627974","44","83","Conservative","Large Cap"
"se","ESSITY B","Essity AB (publ)","2.5527009223","12.6770290988","13.0533322973","43","96","Conservative","Large Cap"
"se","HM B","H & M Hennes & Mauritz AB","1.9625603865","12.0263827954","25.8934905737","37","91","Adventurous","Large Cap"
"se","EVO","Evolution AB (publ)","3.0661343177","59.5328341796","30.8330239938","31","94","Adventurous","Large Cap"
"dk","DEMANT","Demant A/S","0","16.1119279954","28.6467980019","30","87","Adventurous","Large Cap"
"dk","ROCK B","Rockwool A/S","1.4894136534","11.3017429194","15.535746771","30","97","Adventurous","Large Cap"
"dk","PNDORA","Pandora A/S","1.7126546147","21.5350274725","104.5252306023","30","90","Adventurous","Large Cap"
"fi","ELISA","Elisa Oyj","2.6241799438","15.8562271062","33.9393381507","28","88","Conservative","Large Cap"
"fi","WRT1V","Wartsila Oyj Abp","0.8547008547","15.4696132597","17.7453518475","26","93","Adventurous","Large Cap"
"se","ASSA B","Assa Abloy AB","0.8659397049","11.9331514974","15.1858235373","23","91","Balanced","Large Cap"
"dk","GMAB","Genmab A/S","0","30.1638236784","18.2652838977","22","94","Balanced","Large Cap"
"se","SWEC B","Sweco AB (publ)","1.7569982132","10.023053022","16.8302812913","20","98","Adventurous","Large Cap"
