"Flag","Ticker","Name","Yield TTM (%)","FCF / Sales TTM (%)","ROE TTM (%)","Value Rank","Quality Rank","Risk Rating","Size Group"
"se","DRIL","Drillcon AB","3.7425149701","13.9732641668","13.5025792094","74","96","Adventurous","Micro Cap"
"se","LINKAB","Link Prop Investment AB (publ)","6.106870229","45.6579162506","12.8713494195","66","81","Balanced","Micro Cap"
"fi","AALLON","Aallon Oyj","2.7093596059","12.4870875615","12.6866204729","56","91","Conservative","Micro Cap"
"no","CONTX","ContextVision AB","0","33.2354965845","45.3454701636","42","99","Speculative","Micro Cap"
"se","UPSALE","Upsales Technology AB","3.90625","14.995066359","82.3127502809","23","97","Speculative","Micro Cap"
