"Flag","Ticker","Name","Yield TTM (%)","FCF / Sales TTM (%)","ROE TTM (%)","Value Rank","Quality Rank","Risk Rating","Size Group"
"gb","KMR","Kenmare Resources","10.9643111957","29.5505560969","20.1743551205","99","85","Balanced","Small Cap"
"no","PNOR","Petronor E&P ASA","0","16.5841914493","47.4303042706","97","89","Speculative","Small Cap"
"gb","GKP","Gulf Keystone Petroleum","0","28.891746509","19.2042075066","97","84","Speculative","Small Cap"
"no","MPCC","Mpc Container Ships ASA","36.5445650253","34.2664185101","53.1607406726","97","80","Speculative","Mid Cap"
"gb","SQZ","Serica Energy","13.325608343","40.3937861678","42.1896096901","97","93","Speculative","Mid Cap"
"gb","SFR","Severfield","6.4814814815","12.4367772271","10.1454939048","96","89","Balanced","Small Cap"
"de","DE1","Deufol SE","2.1739130435","12.1003305681","12.552227857","95","96","Adventurous","Small Cap"
"gb","MTL","Metals Exploration","0","33.0162737482","138.4243312275","95","93","Speculative","Small Cap"
"de","HXCK","Ernst Russ AG","4.8192771084","26.1329077276","33.9977050813","94","94","Speculative","Small Cap"
"no","HAUTO","Hoegh Autoliners ASA","28.9286429464","39.2819182961","47.6489501973","93","93","Speculative","Mid Cap"
"no","SNI","Stolt-Nielsen","0","20.7934280258","16.354671058","93","82","Adventurous","Mid Cap"
"no","EQNR","Equinor ASA","13.5031499689","13.2206498952","23.1952223892","92","84","Balanced","Large Cap"
"de","HLAG","Hapag Lloyd AG","0","33.1949433011","27.3285738004","92","92","Speculative","Large Cap"
"de","NEP","SLOMAN NEPTUN Schiffahrts-AG","2.5862068966","33.1989398099","24.8443513778","92","85","Speculative","Small Cap"
"fr","TFI","Television Francaise 1 SA","6.5050266115","14.2987765054","10.0571248886","92","92","Balanced","Mid Cap"
"se","SSAB A","SSAB AB","6.1621888095","12.4747884743","19.30265117","91","87","Adventurous","Large Cap"
"gb","CARD","Card Factory","0","16.9477581242","19.8622273249","91","97","Speculative","Small Cap"
"fr","MMT","Metropole Television SA","9.9522292994","16.889632107","18.6965897293","90","96","Balanced","Mid Cap"
"no","AKRBP","Aker BP ASA","9.0088888933","14.6080073739","10.7762472052","89","94","Adventurous","Large Cap"
"de","BIJ","Bijou Brigitte modische Accessoires AG","12.1951219512","20.0164867435","15.0729159195","89","89","Adventurous","Small Cap"
"no","RANA","Rana Gruber ASA","17.4823196605","27.6581890945","56.7964545632","88","81","Adventurous","Small Cap"
"fr","BLC","Bastide le Confort Medical SA","0","10.2446504249","18.6583977888","87","80","Adventurous","Small Cap"
"no","KCC","Klaveness Combination Carriers ASA","13.1695973824","41.2879658455","26.3632681727","87","87","Adventurous","Mid Cap"
"gb","BPCR","Biopharma Credit","7.8651685393","86.9473827267","13.6500770556","87","97","Conservative","Mid Cap"
"gb","CCP","Celtic","0","14.5021735321","46.2517258366","86","82","Balanced","Small Cap"
"ch","CFT","Compagnie financiere Tradition SA","4.4715447154","26.5236779981","21.9819815373","86","82","Conservative","Mid Cap"
"de","EUK3","Eurokai GmbH & Co KGaA","4.6428571429","22.8276032562","11.4215160644","85","87","Adventurous","Small Cap"
"it","PQ","Piquadro SpA","0","10.8301755663","18.5622820259","84","93","Balanced","Small Cap"
"gb","MBH","Michelmersh Brick Holdings","4.7340425532","18.3879620543","10.471875143","84","86","Balanced","Small Cap"
"it","TEN","Tenaris SA","3.0400003243","25.3928545968","25.4844427311","82","99","Adventurous","Large Cap"
"se","DUNI","Duni AB","4.7984644914","13.2806426535","11.7576123003","81","85","Adventurous","Mid Cap"
"no","SBO","Selvaag Bolig ASA","6.0606060606","36.6538224836","10.5508609264","81","86","Adventurous","Small Cap"
"gb","KGH","Knights group","4.2846441948","11.054482268","10.3765808369","81","83","Highly Speculative","Small Cap"
"it","DAN","Danieli & C Officine Meccaniche SpA","0.992","12.8937855361","10.3850977766","80","82","Adventurous","Mid Cap"
"se","BETS B","Betsson AB","0","19.9325036912","24.9841471148","80","99","Adventurous","Mid Cap"
"it","MN","Arnoldo Mondadori Editore SpA","5.0343249428","10.9627542766","18.5317535174","80","88","Balanced","Mid Cap"
"gb","SHOE","Shoe Zone","4.75","15.427057112","42.1300870009","79","92","Speculative","Small Cap"
"gb","FUTR","Future","0.5040770941","21.7391304348","10.4256688425","79","84","Speculative","Mid Cap"
"fr","ABCA","ABC Arbitrage SA","11.1261872456","49.8815755429","13.5892430466","79","87","Conservative","Small Cap"
"de","NWO","New Work SE","10.9268292683","10.4057394929","28.1424833389","78","99","Adventurous","Small Cap"
"dk","STRINV","Strategic Investments A/S","4.7244094488","114.5860605339","15.7577272557","78","92","Balanced","Small Cap"
"no","WWI","Wilh Wilhelmsen Holding ASA","3.8315463534","14.7030185005","18.7148594378","78","87","Balanced","Mid Cap"
"de","S9I","Stemmer Imaging AG","10.2040816327","13.6620216909","23.4176639509","78","98","Adventurous","Small Cap"
"it","CEM","Cementir Holding NV","2.3655913978","10.3795927193","13.9966628559","78","98","Balanced","Mid Cap"
"at","VER","Verbund AG","5.6293979672","29.1553009013","39.6265560791","77","92","Adventurous","Large Cap"
"gb","PAY","PayPoint","5.4980079681","57.4993488364","30.5927591815","76","81","Balanced","Mid Cap"
"de","EIN3","Einhell Germany AG","1.9781718963","16.8333326549","14.6243964599","76","86","Adventurous","Mid Cap"
"be","COLR","Colruyt NV","1.3871686896","11.3352185951","35.2670776467","75","95","Balanced","Large Cap"
"fr","VRLA","Verallia SA","6.3235294118","11.2300835084","49.1811855805","75","95","Balanced","Large Cap"
"fi","ALEX","Alexandria Oyj","9.60591133","21.5364160808","24.9887570753","75","85","Balanced","Small Cap"
"fr","BB","Societe BIC SA","6.4210526316","10.9883797994","12.2016751041","74","98","Balanced","Mid Cap"
"gb","ULTP","Ultimate Products","4.9864864865","11.6640110633","28.0837201","74","95","Speculative","Small Cap"
"gb","CLIG","City of London Investment","9.5652173913","32.3520411456","11.7387970822","73","98","Balanced","Small Cap"
"ch","MIKN","Mikron Holding AG","2.3738872404","11.8174106359","15.0975370428","73","85","Adventurous","Small Cap"
"gb","JET2","Jet2","0.2853067047","11.1385422165","29.7863513794","73","87","Adventurous","Large Cap"
"se","FRACTL","Fractal Gaming AB","0","15.2075520497","27.753814988","72","95","Speculative","Small Cap"
"gb","SOM","Somero Enterprises","12.6192917423","15.8768059242","36.5972822687","72","92","Adventurous","Small Cap"
"es","NTH","Naturhouse Health SA","6.2893081761","21.5041430182","34.3477110347","72","97","Balanced","Small Cap"
"ch","BKW","BKW AG","3.0728376328","15.4068367838","20.5330923876","71","84","Conservative","Large Cap"
"gb","MACF","Macfarlane","2.768","10.0616731664","15.5712938089","70","91","Balanced","Small Cap"
"se","CX","CombinedX AB (publ)","4.4742729306","10.134517435","20.4263900893","69","98","Speculative","Small Cap"
"be","PAY","Payton Planar Magnetics","8.7853577371","28.9540274469","21.9243169863","68","98","Adventurous","Small Cap"
"gb","AGFX","Argentex","3.6363636364","12.1739130435","19.6286472149","68","94","Speculative","Small Cap"
"gb","FDM","FDM (Holdings)","8.7061668682","12.2824214757","49.6734989452","68","99","Adventurous","Mid Cap"
"dk","UIE","Uie","4.2588753616","21.7273923448","14.2773593727","66","95","Conservative","Mid Cap"
"se","ARPL","Arla Plast AB","2.4154589372","12.7659908047","12.5980629723","66","83","Adventurous","Small Cap"
"de","MBH3","Maschinenfabrik Berthold Hermle AG","5.4166666667","21.6926257228","25.2352352352","66","98","Balanced","Mid Cap"
"be","MOUR","Moury Construct SA","1.5431818182","11.5339575009","25.4333806384","66","87","Adventurous","Small Cap"
"gb","SPT","Spirent Communications","5.4390333645","11.7358969708","17.0681515555","66","94","Adventurous","Mid Cap"
"se","PREV B","Prevas AB","4.1018998273","10.7932544605","20.5185581892","66","85","Adventurous","Small Cap"
"gb","IGG","IG group","6.394940267","11.2148584188","15.6668138949","65","87","Balanced","Large Cap"
"be","FLUX","Fluxys Belgium NV","4.5581395349","55.2429059893","13.2156530229","65","88","Conservative","Mid Cap"
"nl","VPK","Koninklijke Vopak NV","3.7390029326","31.1307519641","14.6812931909","64","88","Balanced","Large Cap"
"no","EPR","Europris ASA","4.507628294","17.1894114253","27.8538102787","63","93","Balanced","Mid Cap"
"dk","HLUN A","H Lundbeck A/S","2.3194168323","17.9740859783","10.6949374183","63","99","Adventurous","Large Cap"
"se","SVED B","Svedbergs AB","1.89018598","11.0922102169","15.1788183532","62","92","Speculative","Small Cap"
"gb","BRBY","Burberry","4.8159509202","15.7074721781","31.9500550863","62","87","Balanced","Large Cap"
"fi","KCR","Konecranes Abp","2.786377709","12.729748128","18.2052382997","61","87","Adventurous","Large Cap"
"be","VAN","Van de Velde NV","4.8719571865","16.7480860706","22.8281055229","61","99","Balanced","Mid Cap"
"fr","EUR","Euro Ressources SA","7.1428571429","70.6942737386","52.7579097411","60","97","Conservative","Small Cap"
"es","CBAV","Clinica Baviera SA","5.3719008264","25.5664307121","40.4882006405","60","90","Adventurous","Small Cap"
"it","FUM","Franchi Umberto Marmi SpA","4.6178343949","35.4150908932","14.7810282805","60","83","Balanced","Small Cap"
"gb","BOY","Bodycote","3.4951456311","12.1833084948","11.2287283934","59","96","Balanced","Mid Cap"
"it","ZV","Zignago Vetro SpA","0","21.261468844","39.4090870483","59","98","Balanced","Mid Cap"
"fr","ALTPC","Societe Marseillaise du Tunnel Prado Carenage SA","6.884057971","37.2890909136","19.1554752681","59","81","Speculative","Small Cap"
"gb","CKN","Clarkson","2.6553672316","22.7286539046","21.9054956343","59","96","Balanced","Mid Cap"
"fr","DKUPL","Adl Partner SA","2.75","10.4368932039","38.1750389249","58","91","Adventurous","Small Cap"
"se","VBG B","VBG AB (publ)","2.5089605735","10.2860726855","16.3334951554","58","98","Balanced","Mid Cap"
"de","AAD","Amadeus Fire AG","4.1208791209","19.2828449523","28.2484635645","58","97","Adventurous","Mid Cap"
"se","INDU A","Industrivarden AB","2.2155517439","22.2120356449","19.4479460987","58","80","Conservative","Large Cap"
"no","KID","Kid ASA","4.9212598425","23.3697026156","24.2462895861","58","88","Adventurous","Mid Cap"
"gb","REC","Record","6.8350668648","26.0436744597","34.9375166179","57","99","Adventurous","Small Cap"
"gb","ASHM","Ashmore","7.8458681523","52.8311965812","11.1903952883","55","91","Adventurous","Mid Cap"
"es","IDR","Indra Sistemas SA","1.5693659761","10.9104226382","17.2832443172","55","88","Balanced","Mid Cap"
"gb","BKG","Berkeley group","2.7310140008","10.4391280397","13.754265181","54","88","Balanced","Large Cap"
"gb","LUCE","Luceco","3.1506849315","13.9800995025","14.4305307096","54","96","Speculative","Small Cap"
"se","HPOL B","Hexpol AB","4.9668874172","15.9892951102","17.8097657353","54","84","Balanced","Large Cap"
"be","SMAR","Smartphoto NV","2.5547445255","12.5444678144","12.8060346729","54","99","Balanced","Small Cap"
"gb","HL.","Hargreaves Lansdown","5.6074766355","39.6521969999","45.8023379384","54","91","Adventurous","Large Cap"
"se","RUG","Rugvista AB (publ)","3.1914893617","16.4351334301","13.370753555","53","99","Speculative","Small Cap"
"gb","CHRT","Cohort","2.5459558824","12.3412678527","14.7041216771","53","92","Adventurous","Small Cap"
"ch","BBN","Bellevue AG","8.4210526316","14.1861016844","15.6902834342","51","97","Adventurous","Small Cap"
"gb","ASY","Andrews Sykes","4.3347280335","27.1183008327","27.225832687","50","96","Balanced","Small Cap"
"gb","ZTF","Zotefoams","1.9714285714","10.3283065699","10.1742456046","50","90","Speculative","Small Cap"
"gb","CBOX","Cake Box Holdings","4.7191011236","15.0709626868","26.9960355185","50","98","Speculative","Small Cap"
"fr","ALDLT","Delta Plus SA","1.5341701534","12.1676173043","17.3371895432","50","92","Adventurous","Mid Cap"
"fr","ALVU","Vente-Unique.Com SA","2.8378378378","10.0268697924","19.7147895636","49","91","Adventurous","Small Cap"
"gb","BME","B&M European Value Retail SA","2.7435610302","12.4641010913","46.0739779364","49","90","Balanced","Large Cap"
"gb","MEGP","ME International","3.9019607843","12.5032513586","29.6769132511","49","89","Speculative","Mid Cap"
"be","SHUR","Shurgard Self Storage","2.006284153","56.9228603765","17.8593619833","49","80","Balanced","Large Cap"
"gb","BLV","Belvoir","3.5587188612","24.1178876037","20.0031843753","48","95","Adventurous","Small Cap"
"fi","TITAN","Titanium Oyj","7.606557377","45.2781063259","39.7230590566","48","89","Balanced","Small Cap"
"se","HM B","H & M Hennes & Mauritz AB","4.6033994334","10.5852945538","17.8110627213","48","92","Adventurous","Large Cap"
"se","EPEN","Ependion AB","1","13.5437397572","18.6664668209","48","93","Speculative","Small Cap"
"gb","TUNE","Focusrite","1.5","11.8252878716","15.9066533195","47","87","Speculative","Small Cap"
"gb","MSI","MS International","1.7777777778","30.5374214281","17.0946713713","47","87","Speculative","Small Cap"
"gb","IPX","Impax Asset Management","5.7440166493","21.2102014386","28.8252932357","46","86","Speculative","Mid Cap"
"gb","DNLM","Dunelm","3.6238136324","12.5753146811","84.6872346448","46","93","Adventurous","Mid Cap"
"fr","LIN","Linedata Services SA","2.581120944","20.2792902079","18.3768262129","46","85","Adventurous","Small Cap"
"de","DMP","Dermapharm Holding SE","0","20.6488803616","18.0903507778","45","80","Adventurous","Mid Cap"
"gb","GSK","GSK","3.4680698398","14.5871801635","41.1609939445","45","87","Conservative","Large Cap"
"ch","PRO","Procimmo AG","4.8634020619","42.8869706539","30.0249573012","45","87","Adventurous","Small Cap"
"be","EVS","Evs Broadcast Equipment SA","2.3655913978","13.8019344387","21.260469996","44","93","Balanced","Mid Cap"
"se","COIC","Concentric AB","2.358490566","12.3900118906","19.6189131969","44","94","Adventurous","Mid Cap"
"se","LIAB","Lindab International AB","2.4702653248","10.8052463017","12.1389762654","44","81","Adventurous","Mid Cap"
"fi","ALMA","Alma Media Oyj","4.5","17.6123319121","26.5128325877","44","85","Balanced","Mid Cap"
"ch","JFN","Jungfraubahn Holding AG","2.1428571429","33.8464688504","10.1195996214","43","83","Conservative","Mid Cap"
"gb","TPFG","Property Franchise","3.7746478873","29.0337969249","20.2243493047","43","98","Balanced","Small Cap"
"no","VISTN","Vistin Pharma ASA","4.4444444444","16.0231607381","15.3146714714","43","88","Adventurous","Small Cap"
"it","TISG","Italian Sea SpA","0","10.9721763085","196.7024990812","43","80","Adventurous","Mid Cap"
"gb","SAG","Science","1.3157894737","14.6255262915","14.8967172367","42","84","Balanced","Small Cap"
"it","RWAY","Rai Way SpA","5.625","29.472948655","52.8321631278","42","99","Conservative","Mid Cap"
"de","SIE","Siemens AG","2.6811180833","14.063500192","19.243349324","42","94","Balanced","Large Cap"
"se","BAHN B","Bahnhof AB (publ)","4.8019207683","21.1191698652","38.7597304782","41","98","Speculative","Small Cap"
"no","SALM","SalMar ASA","5.3912507702","24.6181650661","12.9709453626","41","98","Adventurous","Large Cap"
"gb","MONY","Moneysupermarket.Com","4.8948220065","21.1062254108","33.8769804287","41","98","Balanced","Mid Cap"
"it","ARN","Alerion Clean Power SpA","2.947845805","49.6370565059","27.8717796713","41","80","Adventurous","Mid Cap"
"gb","NXT","Next","2.4396020843","16.4281570296","66.3984855655","40","95","Balanced","Large Cap"
"fr","GET","Getlink SE","3.203074952","62.661574678","16.7430327761","40","89","Conservative","Large Cap"
"dk","ROCK B","Rockwool A/S","1.9035446819","10.5248618785","14.4502228826","40","98","Adventurous","Large Cap"
"se","INFRA","Infracom AB (publ)","1.71875","13.9325728969","23.7840690696","39","87","Adventurous","Small Cap"
"fr","EQS","Equasens SA","2.3958333333","26.3070145167","27.2057936706","39","90","Adventurous","Mid Cap"
"de","PSG","PharmaSGP Holding SE","2.3786407767","26.0412288705","46.747536485","39","97","Adventurous","Small Cap"
"no","NKR","Nekkar Asa","0","18.3756825511","12.5216303433","39","95","Adventurous","Small Cap"
"gb","HWDN","Howden Joinery","2.5685785536","10.3609396433","37.7782651607","39","85","Balanced","Large Cap"
"se","BEIA B","Beijer Alma AB","2.1270718232","13.9494333043","13.9929900243","39","83","Adventurous","Mid Cap"
"gb","WEIR","Weir","1.9919463087","11.7508593633","14.9393939394","39","84","Balanced","Large Cap"
"no","BOUV","Bouvet ASA","4.1467304625","13.5309511904","71.9107157063","38","89","Balanced","Mid Cap"
"fi","ELISA","Elisa Oyj","5.2557813595","15.7349231828","29.5794079388","37","88","Conservative","Large Cap"
"it","DLG","De' Longhi SpA","1.6415868673","12.3709447058","10.9939291982","37","97","Adventurous","Large Cap"
"se","PRFO","Profoto Holding AB (publ)","5.4034582133","15.1207115629","39.3900889454","36","92","Speculative","Small Cap"
"fr","IPN","Ipsen SA","1.1450381679","21.068231309","17.215309937","36","81","Balanced","Large Cap"
"gb","JHD","James Halstead","4.0712468193","15.289133686","24.4071464751","36","96","Balanced","Mid Cap"
"dk","CARL B","Carlsberg A/S","2.8107432854","10.0074743494","25.2466627974","36","83","Conservative","Large Cap"
"gb","XPS","XPS Pensions","3.4246575342","17.4272709497","10.8439286028","35","80","Balanced","Mid Cap"
"no","NORBT","Norbit ASA","3.7721893491","15.7482388571","26.6101816615","35","95","Adventurous","Small Cap"
"gb","WIL","Wilmington","2.7105263158","23.8404815377","22.9732786197","35","94","Balanced","Small Cap"
"se","ZZ B","Zinzino AB","2.1875","13.2871493426","86.269193914","34","98","Speculative","Small Cap"
"fi","WRT1V","Wartsila Oyj Abp","2.2068965517","11.2053200333","11.8402937127","34","96","Adventurous","Large Cap"
"es","PRO","Proeduca Altus SA","3.5154117647","19.0648936889","259.813165466","34","97","Conservative","Mid Cap"
"gb","QTX","Quartix Technologies","3.0447761194","11.4624917555","25.9572607812","33","98","Adventurous","Small Cap"
"gb","ELIX","Elixirr International","1.9459459459","23.6944720544","14.4412380585","33","93","Speculative","Small Cap"
"be","FAGR","Fagron NV","1.1640798226","11.2924005657","16.2495278108","33","94","Balanced","Mid Cap"
"gb","AJB","AJ Bell","3.4367007673","44.8646865291","45.5657563846","33","91","Adventurous","Mid Cap"
"fr","CDI","Christian Dior SE","1.5733165513","12.2781746266","35.621810368","33","99","Balanced","Large Cap"
"gb","TFW","FW Thorpe","1.8146067416","12.3797022897","14.3502980104","32","97","Balanced","Mid Cap"
"se","SAND","Sandvik AB","2.3850823938","10.6266254555","18.1217354227","32","92","Balanced","Large Cap"
"gb","FSG","Foresight group","5","34.033591864","12.5775873822","32","99","Adventurous","Mid Cap"
"fr","VETO","Vetoquinol SA","0.7984031936","15.7193226948","12.1274781958","31","89","Adventurous","Mid Cap"
"fr","LR","Legrand SA","2.3175870481","19.1745179342","17.1932424644","31","88","Conservative","Large Cap"
"es","YDOA","Inversiones Doalca SOCIMI SA","3.8151162791","98.8496636278","36.6873872122","31","98","Adventurous","Small Cap"
"fr","FDE","La Francaise de l Energie SA","0","30.1730271582","17.4438059584","31","90","Speculative","Small Cap"
"ch","NOVN","Novartis AG","3.7709214525","25.0857265324","16.1646652643","30","89","Conservative","Large Cap"
"gb","SPSY","Spectra Systems","4.0491589017","18.6419891242","31.798489543","30","99","Balanced","Small Cap"
"fr","BVI","Bureau Veritas SA","3.0325173548","11.2836156652","26.5230898847","30","81","Conservative","Large Cap"
"gb","IMI","IMI","1.4997170345","12.0360944007","27.0361229527","30","93","Balanced","Large Cap"
"se","BUFAB","Bufab AB (publ)","1.2671059301","15.668202765","17.7874186551","29","89","Adventurous","Mid Cap"
"it","CMB","Cembre SpA","3.3492822967","12.8372804282","16.8683740448","29","96","Balanced","Mid Cap"
"it","ERG","ERG SpA","0","12.1387503799","11.138645473","29","90","Balanced","Large Cap"
"no","CAMBI","Cambi ASA","0.8571428571","24.5177423196","42.6059064263","28","86","Speculative","Small Cap"
"gb","SXS","Spectris","2.0725108225","10.3925464136","10.8846761453","28","99","Balanced","Large Cap"
"gb","BIG","Big Technologies","0","33.2734637025","19.3433341941","28","89","Speculative","Mid Cap"
"gb","KEYS","Keystone Law","3.0363636364","10.5318243126","42.5450909286","28","98","Adventurous","Small Cap"
"ch","FHZN","Flughafen Zuerich AG","1.8666666667","25.0197040021","11.0370313929","27","88","Balanced","Large Cap"
"se","TRUE B","Truecaller AB","0","32.1570714242","30.2347147356","27","91","Highly Speculative","Mid Cap"
"de","TMV","TeamViewer SE","0","35.7845757625","114.6213469252","27","90","Speculative","Mid Cap"
"se","CLAS B","Clas Ohlson AB","0.8640552995","16.8057376088","19.8160241556","27","87","Adventurous","Mid Cap"
"gb","GAMA","Gamma Communications","1.2600321027","14.0288480537","16.8307086614","27","98","Balanced","Mid Cap"
"gb","ALPH","Alpha International","0.880239521","21.4980445345","42.643292445","27","85","Adventurous","Mid Cap"
"fi","PUUILO","Puuilo Oyj","1.802757158","18.3879093199","61.191626409","27","84","Adventurous","Mid Cap"
"es","AENA","Aena SME SA","2.6988636364","16.2351398466","22.0611841593","27","87","Balanced","Large Cap"
"ch","NESN","Nestle SA","3.1463030939","10.4711929289","28.8430857907","26","88","Conservative","Large Cap"
"se","THULE","Thule AB","3.2236172379","17.5098554534","16.4005372332","26","87","Adventurous","Mid Cap"
"se","SINT","SinterCast AB","2.8350515464","32.0639756283","31.1793944871","26","99","Adventurous","Small Cap"
"fi","MUSTI","Musti Oyj","2.3006134969","14.7715645353","14.9702855142","26","86","Adventurous","Mid Cap"
"at","FLU","Flughafen Wien AG","1.54","35.3686829983","12.2405666388","26","96","Balanced","Large Cap"
"es","ALC","Altia Consultores SA","0.3238866397","13.083401361","22.1714954327","25","84","Adventurous","Small Cap"
"ch","CFR","COMPAGNIE FINANCIERE RICHEMONT SA","2.4451406355","17.6651380623","21.4016578749","25","95","Adventurous","Large Cap"
"de","FIE","Fielmann AG","1.7123287671","10.5658635936","14.9991910015","25","95","Balanced","Large Cap"
"it","TGYM","Technogym SpA","2.6737967914","11.7981611082","22.0680648062","25","99","Balanced","Mid Cap"
