"Flag","Ticker","Name","Yield TTM (%)","FCF / Sales TTM (%)","ROE TTM (%)","Value Rank","Quality Rank","Risk Rating","Size Group"
"se","DDM","Ddm Holding Ag","0","172.0457324877","17.6947820889","96","82","Adventurous","Micro Cap"
"se","CLEM","Clemondo Ab (publ)","0","11.7279553918","44.1492170836","91","83","Highly Speculative","Micro Cap"
"se","CAM B","Consensus Asset Management Ab (publ)","11.8219749652","38.3946938805","85.2665588324","89","96","Highly Speculative","Micro Cap"
"se","WTG","Wonderful Times Ab","3.5","11.8001683974","20.4834076275","86","85","Speculative","Micro Cap"
"dk","STRINV","Strategic Investments A/s","1.724137931","54.943810225","39.0947667137","83","81","Conservative","Micro Cap"
"se","GENE","Genesis It Ab","3.9751552795","18.3821788644","10.0749623213","82","96","Speculative","Micro Cap"
"fi","TRH1V","Trainers' House Oyj","3.9267015707","12.9039168567","26.7707393266","80","91","Speculative","Micro Cap"
"dk","KLEE B","Brd Klee A/s","2.4325714286","13.8813787533","11.9553542475","73","99","Adventurous","Micro Cap"
"se","EURO","Eurocon Consulting Ab (publ)","3.5460992908","10.8341536587","13.1571023313","70","99","Adventurous","Micro Cap"
"se","BOSJO","Bosjo Fastigheter Ab (publ)","2.5157232704","26.4916957146","12.7965868029","70","86","Balanced","Micro Cap"
"se","LINKAB","Link Prop Investment Ab (publ)","4.8780487805","58.6880519448","11.5559996287","64","83","Balanced","Micro Cap"
"se","FIRE","Firefly Ab","2.5179856115","12.1037926606","29.9783947442","49","97","Balanced","Micro Cap"
