"Flag","Ticker","Name","Yield TTM (%)","FCF / Sales TTM (%)","ROE TTM (%)","Value Rank","Quality Rank","Risk Rating","Size Group"
"se","CLEM","Clemondo Ab (publ)","0","15.3040845871","63.7359115432","84","85","Speculative","Micro Cap"
"dk","STRINV","Strategic Investments A/s","1.7857142857","29.7059408698","42.5520582747","81","83","Conservative","Micro Cap"
"se","GENE","Genesis It Ab","3.5555555556","18.3821788644","10.0749623213","78","97","Speculative","Micro Cap"
"dk","KLEE B","Brd Klee A/s","2.5339285714","13.8813787533","11.9553542475","78","99","Adventurous","Micro Cap"
"se","EURO","Eurocon Consulting Ab (publ)","3.6363636364","12.4685128338","11.9543483272","72","98","Adventurous","Micro Cap"
"se","NTEK B","Novotek Ab","4.7568710359","12.4053102471","22.1229889167","72","96","Adventurous","Micro Cap"
"se","DEVP B","Devport Ab","0","10.7723350827","10.6255475732","72","85","Speculative","Micro Cap"
"se","CAG","Cag Ab","3.5460992908","11.3230904191","13.1797256344","71","80","Balanced","Micro Cap"
"se","NEPA","Nepa Ab","0","19.4439647855","32.7861222416","53","94","Speculative","Micro Cap"
"se","FIRE","Firefly Ab","2.9247910864","13.6070324286","24.1575911818","52","95","Balanced","Micro Cap"
"se","PRCO B","Precio Fishbone Ab","4.53125","15.6097494393","17.420581461","52","90","Adventurous","Micro Cap"
"se","ADDV A","Addvise Ab (publ)","0.4454342984","12.6555427134","18.5078848738","40","84","Highly Speculative","Micro Cap"
