"Flag","Ticker","Name","Yield TTM (%)","FCF / Sales TTM (%)","ROE TTM (%)","Value Rank","Quality Rank","Risk Rating","Size Group"
"no","HDLY","Huddly As","0","33.7946410253","58.334383949","99","96","Highly Speculative","Micro Cap"
"dk","AAB","Aalborg Boldspilklub A/s","0","26.2177236736","15.8246038141","99","81","Adventurous","Micro Cap"
"se","WTG","Wonderful Times Ab","4.1420118343","16.5996132922","17.7794877866","92","82","Speculative","Micro Cap"
"se","KAKEL","Kakel Max Ab (publ)","0","14.4516800518","16.4398619386","89","89","Speculative","Micro Cap"
"se","CAG","Cag Ab","4.0214477212","10.8757187002","14.0547604388","79","95","Adventurous","Micro Cap"
"se","DEVP B","Devport Ab","0","13.1901267512","11.9594696399","73","87","Speculative","Micro Cap"
"se","GENE","Genesis It Ab","2.4615384615","25.0556210394","13.7412680971","67","93","Speculative","Micro Cap"
"se","GJAB","Gullberg & Jansson Ab (publ)","1.968503937","16.9335062671","49.2288942855","54","88","Speculative","Micro Cap"
"se","NEPA","Nepa Ab","0","24.6435790116","22.7338590812","47","95","Speculative","Micro Cap"
"se","ADDV A","Addvise Ab (publ)","0.5","15.6075394645","16.7321068304","38","85","Highly Speculative","Micro Cap"
"fi","AALLON","Aallon Oyj","1.6101694915","11.2081523351","11.0291110917","32","81","Adventurous","Micro Cap"
