"Flag","Ticker","Name","Yield TTM (%)","FCF / Sales TTM (%)","ROE TTM (%)","Value Rank","Quality Rank","Risk Rating","Size Group"
"se","BMAX","Byggmax Ab","3.90625","15.614334471","31.2352941176","91","82","Adventurous","Mid Cap"
"se","CLAS B","Clas Ohlson Ab","7.1022727273","12.789097581","21.3516458455","89","93","Adventurous","Mid Cap"
"se","MEKO","Mekonomen Ab","0","13.6621412614","12.2191477587","89","89","Adventurous","Mid Cap"
"dk","STG","Scandinavian Tobacco A/s","5.2845528455","16.6074436562","11.3181003119","88","95","Balanced","Mid Cap"
"no","EPR","Europris Asa","5.2427184466","18.9965499121","42.2516195876","87","98","Speculative","Mid Cap"
"no","KID","Kid Asa","9.8265895954","24.468630171","31.1367061863","86","98","Adventurous","Mid Cap"
"no","ABG","Abg Sundal Collier Holding Asa","10.1419878296","24.3840202171","67.5790669924","85","98","Balanced","Mid Cap"
"se","NEWA B","New Wave Ab","0","23.8149136737","11.7822539201","85","86","Adventurous","Mid Cap"
"no","VEI","Veidekke Asa","4.9229452055","10.9263595464","29.508687837","84","99","Balanced","Mid Cap"
"se","BETS B","Betsson Ab","0","15.6537977083","18.7214828722","84","93","Adventurous","Mid Cap"
"fi","KCR","Konecranes Abp","7.9712150567","10.4259009443","10.5977143797","81","85","Adventurous","Mid Cap"
"dk","UIE","United International Enterprises","2.4184006211","19.2620854788","26.0881368708","79","91","Conservative","Mid Cap"
"se","INWI","Inwido Ab (publ)","3.2051282051","13.6469390723","14.3471226062","79","96","Adventurous","Mid Cap"
"se","ELAN B","Elanders Ab","1.9350811486","12.9199703891","11.2901614783","78","80","Adventurous","Mid Cap"
"se","NWG","Nordic Waterproofing Holding Ab","5.4884742042","12.1442412498","18.9284112988","74","90","Speculative","Mid Cap"
"no","MULTI","Multiconsult Asa","4.6376811594","18.5531075106","30.6250879919","70","93","Speculative","Mid Cap"
"dk","HH","H+h International A/s","0","10.1466049383","15.8464223386","70","84","Adventurous","Mid Cap"
"se","AQ","Aq Ab","0","11.0019744513","15.4466679826","68","98","Adventurous","Mid Cap"
"fi","TOKMAN","Tokmanni","3.7912578055","12.8767286678","35.4130234155","65","93","Balanced","Mid Cap"
"fi","ROVIO","Rovio Entertainment Oyj","1.8518518519","18.5582321512","18.3267504488","64","97","Adventurous","Mid Cap"
"fi","UPONOR","Uponor Oyj","2.3949579832","16.6381229663","30.7089084065","63","98","Adventurous","Mid Cap"
"se","KNOW","Knowit Ab (publ)","2.5454545455","12.875624823","15.7588819667","57","91","Adventurous","Mid Cap"
"se","NP3","Np3 Fastigheter Ab","2.0979020979","50.4028648165","20.5328983143","55","83","Balanced","Mid Cap"
"fi","ETTE","Etteplan Oyj","2.0238095238","13.4794918886","21.3005548362","50","94","Balanced","Mid Cap"
"no","BOUV","Bouvet Asa","3.6243822076","16.2923340274","55.8347574789","46","99","Speculative","Mid Cap"
"se","BEIA B","Beijer Alma Ab","1.8007202881","14.3980408546","18.4144293941","45","82","Balanced","Mid Cap"
"fi","OLVAS","Olvi Oyj","2.1113243762","16.5333699057","16.6036004138","44","88","Balanced","Mid Cap"
"se","NOLA B","Nolato Ab","1.9277108434","10.4940134822","23.602484472","42","85","Adventurous","Mid Cap"
"se","MTRS","Munters Ab","0.9352037408","11.4164305949","13.225","42","88","Adventurous","Mid Cap"
"fi","PON1V","Ponsse Oyj","1.3729977117","12.5599347068","17.822252552","40","98","Balanced","Mid Cap"
"fi","TIK1V","Tikkurila Oyj","0","15.2346838859","29.8781143676","37","98","Speculative","Mid Cap"
"fi","ALMA","Alma Media Oyj","2.8462998102","18.2781456954","17.293474767","36","92","Balanced","Mid Cap"
"se","COIC","Concentric Ab","2.0564042303","21.5155615697","16.9200779727","36","82","Adventurous","Mid Cap"
"se","FOI B","Fenix Outdoor International Ag","1.360082667","13.315586336","11.3398769411","34","89","Balanced","Mid Cap"
"se","SYSR","Systemair Ab","0.9787928222","11.6665884121","12.7539326195","33","96","Adventurous","Mid Cap"
"fi","MEKKO","Marimekko Oyj","1.5290519878","24.6856391678","40.5008654992","31","84","Speculative","Mid Cap"
"se","G5EN","G5 Entertainment Ab (publ)","1.2291052114","12.3437893285","41.2418748426","30","98","Speculative","Mid Cap"
"se","MYCR","Mycronic Ab (publ)","1.1424219345","24.5831455611","30.6092560047","30","99","Adventurous","Mid Cap"
"no","BRG","Borregaard Asa","1.3904338154","13.2093023256","14.6163215591","29","89","Speculative","Mid Cap"
"fi","FSC1V","F-secure Oyj","0.9791921665","15.6542893497","20.1607717042","27","96","Adventurous","Mid Cap"
"fi","EQV1V","Eq Oyj","3.0303030303","49.4285578793","59.4364923278","26","96","Balanced","Mid Cap"
"se","LAGR B","Lagercrantz Ab","1.116694584","16.9151796627","21.9270980503","21","92","Adventurous","Mid Cap"
