"Flag","Ticker","Name","Yield TTM (%)","FCF / Sales TTM (%)","ROE TTM (%)","Value Rank","Quality Rank","Risk Rating","Size Group"
"se","SSAB A","Ssab Ab","0","11.7347236997","15.3469007202","97","81","Adventurous","Large Cap"
"se","BOL","Boliden Ab","2.5939328","11.7583892617","18.4583035269","76","94","Adventurous","Large Cap"
"no","AKRBP","Aker Bp Asa","3.4084706877","45.7364917503","30.3779762741","66","92","Highly Speculative","Large Cap"
"se","TREL B","Trelleborg Ab","2.3266635644","16.1461041941","11.6779368333","64","92","Balanced","Large Cap"
"se","HM B","H & M Hennes & Mauritz Ab","3.8630690598","22.4125976487","15.1439907846","58","94","Adventurous","Large Cap"
"se","ERIC B","Telefonaktiebolaget Lm Ericsson","1.0421008754","14.2614888191","22.3587728209","56","88","Balanced","Large Cap"
"fi","VALMT","Valmet Oyj","2.4786560176","10.4022546759","26.5470852018","54","89","Adventurous","Large Cap"
"no","KOG","Kongsberg Gruppen Asa","2.8943560058","13.0841827105","14.6503005651","51","87","Balanced","Large Cap"
"fi","KESKOB","Kesko Oyj","1.3323730645","10.081768434","23.9027283511","49","90","Balanced","Large Cap"
"se","HUSQ B","Husqvarna Ab","1.2012012012","10.3324763223","17.4567490959","45","92","Balanced","Large Cap"
"fi","TYRES","Nokian Tyres","1.7256255393","14.9668710137","14.4955546966","42","94","Adventurous","Large Cap"
"se","SAND","Sandvik Ab","2.7403035413","12.2541538128","19.287529213","41","85","Balanced","Large Cap"
"no","MOWI","Mowi Asa","1.9923936153","14.6856762946","14.9695930142","39","88","Balanced","Large Cap"
"fi","KNEBV","Kone Oyj","3.781512605","12.7348481926","35.2340719028","38","88","Conservative","Large Cap"
"fi","ELISA","Elisa Oyj","3.5938075931","17.7760775312","30.8180663885","37","83","Conservative","Large Cap"
"fi","ORNBV","Orion Oyj","4.1062140706","11.2560054907","24.7855860648","35","81","Balanced","Large Cap"
"dk","PNDORA","Pandora A/s","1.138952164","25.5364999551","62.2731467241","34","99","Adventurous","Large Cap"
"se","GETI B","Getinge Ab","0.7963897","23.6013046127","14.5956607495","31","91","Balanced","Large Cap"
"se","ASSA B","Assa Abloy Ab","0.7322568532","14.0233704859","14.4261686866","28","83","Balanced","Large Cap"
"se","THULE","Thule Ab","2.2660098522","13.6533911672","32.7567370721","27","95","Balanced","Large Cap"
"dk","DEMANT","Demant A/s","0","16.8419238062","28.6240463036","24","97","Adventurous","Large Cap"
"dk","CHR","Chr Hansen Holding A/s","2.5512886283","14.3772043809","15.7754753682","23","80","Balanced","Large Cap"
"dk","GN","Gn Store Nord A/s","0.368956743","10.5082809823","34.9976492713","22","89","Adventurous","Large Cap"
