"Flag","Ticker","Name","Div Cover TTM","Div Streak","Yield TTM (%)","FCF / Sales TTM (%)","Piotroski F-Score TTM","ROE TTM (%)","Quality Rank","Mkt Cap EUR (m EUR)","Risk Rating","Size Group"
"no","AKRBP","Aker Bp Asa","1.5107946027","5","3.4084706877","45.7364917503","9","30.3779762741","92","10696.288682042","Highly Speculative","Large Cap"
"dk","STG","Scandinavian Tobacco A/s","1.7977876923","9","5.3586150041","16.0544769063","8","13.043403068","94","1536.0101513274","Balanced","Mid Cap"
"fi","TOKMAN","Tokmanni","1.5857882353","4","4.5116772824","11.0128305431","8","41.1630321911","96","1107.59542344","Balanced","Mid Cap"
"no","EPR","Europris Asa","2.1388333333","5","4.2386185243","18.0569457734","7","45.3349823392","91","1021.9743440787","Speculative","Mid Cap"
"dk","UIE","United International Enterprises","5.5362595238","10","3.0985266667","16.1686752533","7","24.4913197685","89","779.5771279841","Conservative","Mid Cap"
"no","KID","Kid Asa","1.0163911111","5","7.880910683","19.4705834486","8","33.0194575189","95","462.6222327876","Adventurous","Mid Cap"
"no","ABG","Abg Sundal Collier Holding Asa","1.6342891566","8","8.5655314757","43.7446893304","8","90.8728467815","97","437.1902413343","Speculative","Mid Cap"
"fi","TAALA","Taaleri","1.94605","8","3.7209302326","158.5937769004","8","13.2992372836","82","304.285415","Balanced","Small Cap"
"no","WILS","Wilson Asa","2.0938266558","4","6.0878673813","14.5574777485","9","26.8445798836","90","281.9562213228","Speculative","Small Cap"
