"Flag","Ticker","Name","Yield TTM (%)","FCF / Sales TTM (%)","ROE TTM (%)","Value Rank","Quality Rank","Risk Rating","Size Group"
"dk","NORTHM","North Media A/s","8.6538461538","18.9592500478","39.0917300993","88","90","Adventurous","Small Cap"
"no","ABG","Abg Sundal Collier Holding Asa","11.655011655","51.4888626057","51.9567928924","86","88","Balanced","Small Cap"
"no","KID","Kid Asa","10.5154639175","22.8342935988","30.5039954805","86","97","Adventurous","Small Cap"
"se","PREV B","Prevas Ab","0","15.0394414055","22.0520563532","83","89","Speculative","Small Cap"
"se","FNM","Ferronordic Ab","3.6764705882","13.6183023549","26.1314765996","83","90","Balanced","Small Cap"
"dk","HH","H+h International A/s","0","11.2660135644","17.3881673882","81","92","Adventurous","Small Cap"
"se","NWG","Nordic Waterproofing Holding Ab","6.0240963855","12.3289330265","19.3624828008","78","93","Speculative","Small Cap"
"fi","SUY1V","Suominen Oyj","1.6949152542","10.0472223372","21.6401876882","75","92","Adventurous","Small Cap"
"se","SEMC","Semcon Ab","0","15.2366318377","15.1453069277","74","98","Balanced","Small Cap"
"se","NIL B","Nilorngruppen Ab","3.5650623886","11.2443043319","16.9050387255","71","86","Adventurous","Small Cap"
"dk","TCM","Tcm A/s","0","11.3002984048","21.5416540747","70","84","Balanced","Small Cap"
"dk","FLUG B","Flugger A/s","1.4492753623","11.5028709336","15.8039286358","68","85","Balanced","Small Cap"
"se","KOBR B","Kopparbergs Bryggeri Ab","3.4391534392","22.6009274155","23.5032500855","66","96","Adventurous","Small Cap"
"fi","ALTIA","Altia Oyj","1.9266055046","14.0526617058","14.2225246683","65","85","Conservative","Small Cap"
"se","PACT","Proact It Ab","1.5873015873","12.8843136715","23.496795609","64","82","Adventurous","Small Cap"
"se","SOF B","Softronic Ab","9.9337748344","14.1280728943","21.7363172595","61","98","Adventurous","Small Cap"
"fi","DIGIA","Digia Oyj","2.0604395604","16.052614546","18.6558059108","61","90","Balanced","Small Cap"
"se","ASPIRE","Aspire Global","0","12.0750554691","31.9629584501","57","96","Speculative","Small Cap"
"fi","TEM1V","Tecnotree Oyj","0","13.2575757576","116.5730939013","56","93","Highly Speculative","Small Cap"
"fi","UNIAV","United Bankers","3.9534883721","22.5488480607","16.4459452329","55","84","Balanced","Small Cap"
"fi","TITAN","Titanium Oyj","5.1428571429","47.2711488253","33.7561285075","52","98","Balanced","Small Cap"
"fi","ETTE","Etteplan Oyj","2.1451104101","13.9998921841","20.8492558634","51","95","Adventurous","Small Cap"
"no","STRO","Strongpoint Asa","2.0289855072","11.1131711921","18.6683979853","50","91","Adventurous","Small Cap"
"se","ANGL","Angler Gaming","4.4030701169","23.7873801622","86.5385512138","49","98","Speculative","Small Cap"
"fi","VINCIT","Vincit Oyj","1.8987341772","14.9686587137","18.9737577231","47","97","Balanced","Small Cap"
"se","TEQ","Teqnion Ab","0","16.8883622344","18.7299383144","46","88","Speculative","Small Cap"
"fi","SIILI","Siili Solutions Oyj","1.696969697","12.0157969918","20.8890049125","46","96","Balanced","Small Cap"
"se","PRIC B","Pricer Ab","2.8776978417","11.5373685706","15.6514982166","43","95","Adventurous","Small Cap"
"no","ITERA","Itera Asa","1.8518518519","13.686451492","119.9183907045","43","98","Adventurous","Small Cap"
"fi","RELAIS","Relais Oyj","1.7699115044","12.3306125333","10.2177567885","41","80","Speculative","Small Cap"
"fi","MEKKO","Marimekko Oyj","2.132196162","20.42680953","30.0198460297","38","88","Speculative","Small Cap"
"se","SKMO","Skane Mollan Ab","2.2018348624","11.369378474","14.0651361304","37","97","Adventurous","Small Cap"
"se","MSAB B","Micro Systemation Ab (publ)","0","16.5752982909","19.8349923337","35","99","Speculative","Small Cap"
"se","INFRA","Infracom Ab (publ)","2.1097046414","16.3079340843","14.7836407077","34","83","Speculative","Small Cap"
"se","BAHN B","Bahnhof Ab (publ)","2.0215633423","11.1660920375","36.1408544868","33","99","Balanced","Small Cap"
"se","FPIP","Formpipe Software Ab","2.0307692308","28.5258207111","10.3600277349","33","97","Balanced","Small Cap"
"no","ASTK","Asetek A/s","0","10.9003436426","21.2520079045","32","95","Speculative","Small Cap"
"se","NLAB","Enlabs Ab","0","20.6871967522","26.775531821","25","87","Speculative","Small Cap"
"se","SINT","Sintercast Ab","3.0674846626","25.8909853249","20.1360544218","25","82","Adventurous","Small Cap"
