Flag,Ticker,Name,Yield TTM (%),FCF / Sales TTM (%),ROE TTM (%),Value Rank,Quality Rank,Risk Rating,Size Group,
dk,NORTHM,North Media A/s,9.414225941,18.95925005,39.0917301,90,91,Adventurous,Small Cap,NORTHM.CO
no,ABG,Abg Sundal Collier Holding Asa,12.57861635,53.53582555,51.96234181,87,94,Balanced,Small Cap,ASCO.ST
fi,SIEVI,Sievi Capital Oyj,3.361344538,256.9197262,10.90640299,85,92,Adventurous,Small Cap,SCF1V3.HE
se,FNM,Ferronordic Ab,3.873966942,13.61830235,26.1314766,84,91,Balanced,Small Cap,FNM.ST
se,PREV B,Prevas Ab,0,15.03944141,22.05205635,83,90,Speculative,Small Cap,PREV-B.ST
se,NWG,Nordic Waterproofing Holding Ab,6.622516556,12.32893303,19.3624828,81,93,Speculative,Small Cap,NWG.ST
se,SEMC,Semcon Ab,0,15.23663184,15.14530693,79,98,Balanced,Small Cap,SEMC.ST
fi,SUY1V,Suominen Oyj,1.754385965,10.04722234,21.64018769,76,92,Adventurous,Small Cap,SUY1V.HE
se,NIL B,Nilorngruppen Ab,3.766478343,11.24430433,16.90503873,72,88,Adventurous,Small Cap,NIL-B.ST
dk,TCM,Tcm A/s,0,12.86103585,23.00976231,72,85,Balanced,Small Cap,TCM.COM
se,KOBR B,Kopparbergs Bryggeri Ab,3.892215569,22.60092742,23.50325009,71,97,Adventurous,Small Cap,#N/A
fi,ALTIA,Altia Oyj,3.818181818,16.90767519,12.81783351,69,84,Balanced,Small Cap,ALTIA.HE
se,LEO,Leovegas Ab (publ),4.107526186,15.0592055,19.88623851,67,99,Speculative,Small Cap,LEO.ST
se,NOTE,Note Ab (publ),0,10.08537887,22.45344539,62,96,Adventurous,Small Cap,NOTE.ST
dk,FLUG B,Flugger A/s,1.307189543,11.50287093,15.80392864,61,86,Balanced,Small Cap,FLUG-B.CO
se,SOF B,Softronic Ab,0,13.65561328,22.55829172,59,98,Adventurous,Small Cap,SOF-B.ST
se,PACT,Proact It Ab,1.465798046,12.88431367,23.49679561,58,95,Adventurous,Small Cap,PACT.ST
fi,DIGIA,Digia Oyj,1.968503937,16.05261455,18.65580591,57,91,Balanced,Small Cap,DIG1V.HE
no,STRO,Strongpoint Asa,2.215189873,11.11317119,18.66839799,54,92,Adventurous,Small Cap,PSIO.ST
fi,UNIAV,United Bankers,3.923076923,22.54884806,16.44594523,53,85,Balanced,Small Cap,UNIAV.HE
fi,ETTE,Etteplan Oyj,2.266666667,13.99989218,20.84925586,53,96,Adventurous,Small Cap,ETT1V.HE
se,ASPIRE,Aspire Global,0,12.07505547,31.96295845,53,97,Speculative,Small Cap,ASPIRE.ST
fi,TITAN,Titanium Oyj,4.768211921,50.62209769,39.65649524,51,95,Balanced,Small Cap,TITAN.HE
fi,VINCIT,Vincit Oyj,2.054794521,14.97249599,18.97376151,50,98,Balanced,Small Cap,VINCIT.HE
fi,SIILI,Siili Solutions Oyj,1.800643087,12.01579699,20.88900491,48,97,Balanced,Small Cap,SIILI.HE
no,ITERA,Itera Asa,1.923076923,13.68645149,119.9183907,43,98,Adventurous,Small Cap,ITE.OL
se,PRIC B,Pricer Ab,2.849002849,11.53736857,15.65149822,41,95,Adventurous,Small Cap,PRIC-B.ST
se,MSAB B,Micro Systemation Ab (publ),0,16.57529829,19.83499233,40,99,Speculative,Small Cap,MSAB-B.ST
se,FPIP,Formpipe Software Ab,2.307692308,28.52582071,10.36002773,38,98,Balanced,Small Cap,FPIP.ST
se,BAHN B,Bahnhof Ab (publ),2.063273728,11.16609204,36.14085449,34,99,Balanced,Small Cap,BAHN-B.ST
fi,GOFORE,Gofore Oyj,1.133144476,15.2242757,13.45036597,24,95,Adventurous,Small Cap,GOFORE.HE
se,SINT,Sintercast Ab,2.873563218,25.89098532,20.13605442,22,83,Adventurous,Small Cap,SINT.ST
