Flag,Ticker,Name,Div Cover TTM,Div Streak,Yield TTM (%),FCF / Sales TTM (%),Piotroski F-Score TTM,ROE TTM (%),Quality Rank,Mkt Cap EUR (m EUR),Risk Rating,Size Group,
no,TEL,Telenor Asa,1.211404444,10,6.394316163,20.20910179,8,40.18487241,89,19327.05121,Conservative,Large Cap,TEL.OL
se,TEL2 B,Tele2 Ab,1.742243333,10,5.649717514,22.84778188,8,21.41334596,88,7525.726395,Balanced,Large Cap,TEL2-B.ST
fi,ORNBV,Orion Oyj,1.043366667,10,4.271070615,23.96809201,7,29.11233203,97,4933.067444,Balanced,Large Cap,ORNAV.HE
no,VEI,Veidekke Asa,1.08289913,10,5.198915009,12.50917672,8,25.25904791,97,1464.554368,Balanced,Mid Cap,VEI.OL
fi,UPONOR,Uponor Oyj,2.122807018,10,3.279631761,15.59859155,7,26.51107121,96,1269.121978,Adventurous,Mid Cap,UNR1V.HE
fi,TOKMAN,Tokmanni,1.423482353,4,4.696132597,12.87737607,7,35.42614619,95,1065.524411,Balanced,Mid Cap,TOKMAN.HE
no,EPR,Europris Asa,1.822222222,5,5.636743215,19.97817445,8,38.33234633,98,755.8385859,Speculative,Mid Cap,EPR.OL
fi,ALMA,Alma Media Oyj,1.079266667,10,3.456221198,22.98001738,7,15.46246837,98,714.0340645,Balanced,Mid Cap,ALN1V.HE
no,MULTI,Multiconsult Asa,1.15671375,9,4.878048781,17.55040241,8,36.78285615,95,433.3431341,Speculative,Mid Cap,MULTI.OL
se,LEO,Leovegas Ab (publ),1.150175571,4,4.107526186,15.0592055,8,19.88623851,99,394.6807622,Speculative,Small Cap,LEO.ST
se,FNM,Ferronordic Ab,2.033997333,7,3.873966942,13.61830235,7,26.1314766,91,280.8048548,Balanced,Small Cap,FNM.ST
fi,UNIAV,United Bankers,1.164019608,10,3.923076923,22.54884806,8,16.44594523,85,135.228574,Balanced,Small Cap,UNIAV.HE
