"Flag","Ticker","Name","Yield TTM (%)","FCF / Sales TTM (%)","ROE TTM (%)","Value Rank","Quality Rank","Risk Rating","Size Group"
"no","ABG","Abg Sundal Collier Holding Asa","11.641443539","24.3840202171","67.5790669924","89","98","Balanced","Small Cap"
"dk","NORTHM","North Media A/s","7.8947368421","18.9592500478","39.0917300993","87","89","Adventurous","Small Cap"
"se","FNM","Ferronordic Ab","3.5799522673","13.6183023549","26.1314765996","83","90","Balanced","Small Cap"
"fi","SUY1V","Suominen Oyj","1.7152658662","10.0472223372","21.6401876882","78","91","Adventurous","Small Cap"
"se","PREV B","Prevas Ab","2.7586206897","15.0394414055","22.0520563532","76","89","Speculative","Small Cap"
"se","CAM B","Consensus Asset Management Ab (publ)","7.264957265","38.1107690432","69.9447390205","75","97","Highly Speculative","Small Cap"
"dk","FLUG B","Flugger A/s","1.3477088949","12.5877169965","20.3800661198","71","98","Balanced","Small Cap"
"se","KOBR B","Kopparbergs Bryggeri Ab","3.5211267606","22.6009274155","23.5032500855","69","98","Adventurous","Small Cap"
"se","SOF B","Softronic Ab","10.2214650767","17.1936851427","21.4691089724","68","97","Adventurous","Small Cap"
"se","SEMC","Semcon Ab","0","14.8186846958","15.1453069277","66","97","Balanced","Small Cap"
"se","PACT","Proact It Ab","1.6245487365","10.0022735192","23.3856853251","64","95","Adventurous","Small Cap"
"dk","TCM","Tcm A/s","0","11.3002984048","21.5416540747","64","84","Balanced","Small Cap"
"se","NTEK B","Novotek Ab","3.813559322","14.8866147409","21.8323212627","60","92","Adventurous","Small Cap"
"fi","TITAN","Titanium Oyj","5.8064516129","47.2711488253","33.7561285075","59","97","Balanced","Small Cap"
"se","NIL B","Nilorngruppen Ab","2.8129395218","11.2443043319","16.9050387255","59","86","Adventurous","Small Cap"
"fi","DIGIA","Digia Oyj","1.875","16.052614546","18.6558059108","57","89","Balanced","Small Cap"
"fi","UNITED","United Bankers","3.893129771","22.5488480607","16.4459452329","56","83","Highly Speculative","Small Cap"
"se","SVED B","Svedbergs I Dalstorp Ab","2.5150905433","10.3003769726","23.7080780493","54","83","Balanced","Small Cap"
"fi","ETTE","Etteplan Oyj","2.1794871795","13.9998921841","20.8492558634","53","95","Balanced","Small Cap"
"no","STRO","Strongpoint Asa","2.0172910663","11.1131711921","18.6687154642","51","97","Adventurous","Small Cap"
"se","PRCO B","Precio Fishbone Ab","2.96875","17.6045411423","18.357647368","49","85","Adventurous","Small Cap"
"se","ASPIRE","Aspire Global","0","12.0750554691","31.9629584501","48","84","Speculative","Small Cap"
"fi","SIILI","Siili Solutions Oyj","1.6018306636","12.0157969918","20.8890049125","45","96","Balanced","Small Cap"
"se","INFRA","Infracom Ab (publ)","2.2321428571","16.3079340843","14.7836407077","44","82","Speculative","Small Cap"
"no","ITERA","Itera Asa","1.8315018315","13.686451492","119.9183907045","43","97","Adventurous","Small Cap"
"se","TEQ","Teqnion Ab","0","16.8883622344","18.7299383144","43","88","Speculative","Small Cap"
"fi","VINCIT","Vincit Oyj","1.7224880383","14.9686587137","18.9737577231","43","97","Balanced","Small Cap"
"se","ANGL","Angler Gaming","3.6254157639","23.7873801622","86.5385512138","41","98","Speculative","Small Cap"
"se","MSAB B","Micro Systemation Ab (publ)","4.347826087","16.5788871079","19.789232866","40","99","Speculative","Small Cap"
"se","NLAB","Enlabs Ab","0","20.6871967522","26.775531821","26","87","Speculative","Small Cap"
"no","ASTK","Asetek A/s","0","10.9003436426","21.2520079045","26","95","Speculative","Small Cap"
"se","FPIP","Formpipe Software Ab","1.6879795396","17.1211978389","10.3600277349","25","97","Balanced","Small Cap"
"fi","GOFORE","Gofore Oyj","1","12.0327739758","12.4822985369","21","88","Adventurous","Small Cap"
"se","SINT","Sintercast Ab","2.614379085","17.0347003155","19.1734128675","21","81","Adventurous","Small Cap"
