"Flag","Ticker","Name","Yield TTM (%)","FCF / Sales TTM (%)","ROE TTM (%)","Value Rank","Quality Rank","Risk Rating","Size Group"
"fi","ILK2S","Ilkka Yhtyma Oyj","6.4102564103","31.6862745098","17.0821699242","94","88","Balanced","Small Cap"
"se","CAM B","Consensus Asset Management Ab (publ)","10.2657004831","27.2228005964","77.5737282297","88","93","Highly Speculative","Small Cap"
"dk","NORTHM","North Media A/s","4.5372050817","20.0019260401","39.7130446229","85","88","Adventurous","Small Cap"
"fi","SUY1V","Suominen Oyj","1.8115942029","10.7884738472","28.0081223208","83","91","Balanced","Small Cap"
"se","FNM","Ferronordic Ab","3.2822757112","12.6792890987","30.8104173252","81","83","Balanced","Small Cap"
"se","OEM B","Oem International Ab","1.9443258427","12.3478102853","25.6539766302","79","99","Balanced","Small Cap"
"se","SOF B","Softronic Ab","12.2448979592","17.1936851427","21.4691089724","75","97","Adventurous","Small Cap"
"se","BOAT","Nimbus Ab (publ)","0","19.218823129","36.4921451019","75","85","Speculative","Small Cap"
"se","CAG","Cag Ab","3.5545023697","11.3230904191","13.1797256344","71","81","Balanced","Small Cap"
"dk","FLUG B","Flugger A/s","1.3623978202","12.5877169965","20.3800661198","71","94","Balanced","Small Cap"
"fi","ALTIA","Altia Oyj","2.0588235294","14.0526617058","14.2225246683","70","83","Conservative","Small Cap"
"dk","TCM","Tcm A/s","0","11.3002984048","21.5416540747","69","83","Balanced","Small Cap"
"se","LEO","Leovegas Ab (publ)","3.2204517849","15.0381768345","19.4751598778","69","94","Speculative","Small Cap"
"se","SEMC","Semcon Ab","2.688172043","15.8998777427","13.9183055976","68","97","Balanced","Small Cap"
"se","BORG","Bjorn Borg Ab","0","11.4043200169","10.1171743766","67","92","Adventurous","Small Cap"
"no","NKR","Nekkar Asa","0","33.878770513","34.2313064231","65","94","Speculative","Small Cap"
"se","NIL B","Nilorngruppen Ab","2.5974025974","12.5397917584","21.8469108424","63","96","Adventurous","Small Cap"
"fi","DIGIA","Digia Oyj","2.0134228188","16.052614546","18.6558059108","61","88","Balanced","Small Cap"
"se","ASPIRE","Aspire Global","0","13.2626056816","37.0032371756","60","89","Speculative","Small Cap"
"fi","TITAN","Titanium Oyj","6","47.2711488253","33.7561285075","60","97","Balanced","Small Cap"
"no","STRO","Strongpoint Asa","2.3411371237","13.3800853565","16.3114876181","59","97","Adventurous","Small Cap"
"se","FMM B","Fm Mattsson Mora Ab","2.6086956522","10.5619727299","15.2567741935","58","95","Adventurous","Small Cap"
"se","KOBR B","Kopparbergs Bryggeri Ab","3.729281768","14.7517131474","17.7827799662","58","94","Adventurous","Small Cap"
"se","QAIR","Qleanair Holding Ab","2.0833333333","16.7440816246","47.1690732635","57","88","Speculative","Small Cap"
"se","ANGL","Angler Gaming","4.7417453578","22.2307701913","76.88768084","55","97","Speculative","Small Cap"
"fi","UNITED","United Bankers","3.7638376384","22.5488480607","16.4459452329","53","82","Speculative","Small Cap"
"fi","SIILI","Siili Solutions Oyj","1.7766497462","12.0157969918","20.8890049125","49","96","Balanced","Small Cap"
"fi","VINCIT","Vincit Oyj","1.8292682927","14.9686587137","18.9737577231","45","97","Adventurous","Small Cap"
"se","BALCO","Balco Ab","0","10.2665240293","11.9035186306","42","87","Balanced","Small Cap"
"no","ITERA","Itera Asa","1.7921146953","13.3526272685","120.509961344","41","96","Adventurous","Small Cap"
"se","MSAB B","Micro Systemation Ab (publ)","3.5149384886","16.4527759127","37.2610250298","38","99","Speculative","Small Cap"
"se","SKMO","Skane Mollan Ab","2","15.3868572831","13.8014280857","35","96","Adventurous","Small Cap"
"se","BAHN B","Bahnhof Ab (publ)","1.9659239843","13.2421576362","35.6495159935","34","99","Balanced","Small Cap"
"fi","GOFORE","Gofore Oyj","1.1111111111","12.0327739758","12.4822985369","21","86","Adventurous","Small Cap"
"se","SINT","Sintercast Ab","2.7027027027","17.0347003155","19.1734128675","20","80","Adventurous","Small Cap"
