"Flag","Ticker","Name","Yield TTM (%)","FCF / Sales TTM (%)","ROE TTM (%)","Value Rank","Quality Rank","Risk Rating","Size Group"
"no","WILS","Wilson Asa","6.0878673813","14.5574777485","26.8445798836","90","90","Speculative","Small Cap"
"se","ANGL","Angler Gaming","14.7884783187","24.2999536282","77.7618784562","88","98","Speculative","Small Cap"
"fi","ILK2S","Ilkka Yhtyma Oyj","2.1186440678","30.6508236565","13.9028348469","84","86","Conservative","Small Cap"
"fi","TLT1V","Teleste Oyj","2.3166023166","10.1940973882","11.4945557407","83","84","Balanced","Small Cap"
"fi","TAALA","Taaleri","3.7209302326","158.5937769004","13.2992372836","78","82","Balanced","Small Cap"
"se","BOAT","Nimbus Ab (publ)","0","18.4443819235","31.6455729902","76","83","Speculative","Small Cap"
"se","KABE B","Kabe Ab","1.1764705882","14.6245059289","13.9958592133","72","94","Balanced","Small Cap"
"fi","RAP1V","Rapala Vmc","0","15.5365371955","15.5137676293","67","89","Adventurous","Small Cap"
"se","NIL B","Nilorngruppen Ab","2.5","10.9358821515","31.7570877846","66","99","Adventurous","Small Cap"
"no","NKR","Nekkar Asa","0","13.4385313996","52.2842048612","66","92","Speculative","Small Cap"
"se","SOF B","Softronic Ab","12","14.0214393269","24.3211521152","64","91","Adventurous","Small Cap"
"se","SEMC","Semcon Ab","2.5641025641","10.8053568153","18.2786536003","64","98","Balanced","Small Cap"
"se","BORG","Bjorn Borg Ab","0","12.356733942","24.9538346692","61","92","Adventurous","Small Cap"
"fi","SITOWS","Sitowise Oyj","0","10.0288996632","15.6260674157","58","85","Speculative","Small Cap"
"se","KOBR B","Kopparbergs Bryggeri Ab","4.1666666667","16.9979946918","15.1682803135","55","86","Balanced","Small Cap"
"se","TRANS","Transtema Ab","0","15.9125397702","46.1172808568","53","86","Speculative","Small Cap"
"fi","TITAN","Titanium Oyj","5.5862068966","45.9768894586","42.3132277831","52","96","Balanced","Small Cap"
"se","NTEK B","Novotek Ab","3.1337047354","11.5772813728","27.8233979136","48","89","Adventurous","Small Cap"
"se","ASPIRE","Aspire Global","0","11.2082592373","38.6232198366","48","93","Speculative","Small Cap"
"se","QAIR","Qleanair Ab","1.8207282913","16.8201560318","45.55572161","47","80","Speculative","Small Cap"
"se","FMM B","Fm Mattsson Mora Ab","1.8","12.2021121191","27.0052845217","45","97","Adventurous","Small Cap"
"se","MSAB B","Micro Systemation Ab (publ)","5.1546391753","16.0009888174","17.3379073756","42","98","Speculative","Small Cap"
"se","ZZ B","Zinzino Ab","2.0833333333","10.3622351258","87.565903368","41","99","Speculative","Small Cap"
"se","RUG","Rugvista Ab (publ)","0","32.3112845575","25.6544525814","37","89","Speculative","Small Cap"
"se","G5EN","G5 Entertainment Ab (publ)","1.4070238631","14.1472145012","44.6879275841","34","99","Speculative","Small Cap"
"se","BAHN B","Bahnhof Ab (publ)","2.0576131687","11.6764810088","41.5228603873","34","99","Balanced","Small Cap"
"se","NEPA","Nepa Ab","0","11.0354816354","42.4703262151","34","93","Speculative","Small Cap"
"se","ALCA","Alcadon Ab","0","10.6556034207","15.259978425","32","81","Adventurous","Small Cap"
"se","BALCO","Balco Ab","0","10.2665240293","11.9035186306","30","85","Adventurous","Small Cap"
"se","FPIP","Formpipe Software Ab","1.8591549296","11.1741878111","12.5187695008","27","97","Adventurous","Small Cap"
