"Flag","Ticker","Name","Yield TTM (%)","FCF / Sales TTM (%)","ROE TTM (%)","Value Rank","Quality Rank","Risk Rating","Size Group"
"no","HDLY","Huddly As","0","33.7946410253","58.334383949","99","96","Highly Speculative","Micro Cap"
"dk","AAB","Aalborg Boldspilklub A/s","0","26.2177236736","15.8246038141","98","82","Adventurous","Micro Cap"
"se","WTG","Wonderful Times Ab","4.4025157233","16.5996132922","17.7794877866","92","83","Speculative","Micro Cap"
"se","KAKEL","Kakel Max Ab (publ)","0","14.4516800518","16.4398619386","90","90","Speculative","Micro Cap"
"se","CAG","Cag Ab","4.2979942693","10.8757187002","14.0547604388","80","95","Adventurous","Micro Cap"
"se","GENE","Genesis It Ab","2.8571428571","25.0561769699","13.1993807668","74","99","Speculative","Micro Cap"
"se","DEVP B","Devport Ab","0","13.1901267512","11.9594696399","73","88","Speculative","Micro Cap"
"se","NTEK B","Novotek Ab","4.2775665399","14.8902821317","21.811758381","65","93","Adventurous","Micro Cap"
"se","NEPA","Nepa Ab","0","24.6435790116","22.7338590812","62","95","Speculative","Micro Cap"
"se","GJAB","Gullberg & Jansson Ab (publ)","2.2727272727","16.9335062671","49.2288942855","60","89","Speculative","Micro Cap"
"se","ADDV A","Addvise Ab (publ)","0.6711409396","15.865568347","16.7321068304","52","92","Highly Speculative","Micro Cap"
"se","PRCO B","Precio Fishbone Ab","3.025477707","19.2448287447","18.3573933538","49","86","Adventurous","Micro Cap"
"fi","AALLON","Aallon Oyj","1.7431192661","11.2081523351","11.0291110917","35","81","Adventurous","Micro Cap"
