"Flag","Ticker","Name","Yield TTM (%)","FCF / Sales TTM (%)","ROE TTM (%)","Value Rank","Quality Rank","Risk Rating","Size Group"
"dk","AAB","Aalborg Boldspilklub A/s","0","26.2177236736","15.8246038141","99","80","Adventurous","Micro Cap"
"se","CLEM","Clemondo Ab (publ)","0","15.3040845871","63.7359115432","85","85","Speculative","Micro Cap"
"dk","KLEE B","Brd Klee A/s","2.7464516129","13.8813787533","11.9553542475","81","99","Adventurous","Micro Cap"
"dk","STRINV","Strategic Investments A/s","1.7857142857","29.7059408698","42.5520582747","81","84","Conservative","Micro Cap"
"se","GENE","Genesis It Ab","3.3684210526","18.3821788644","10.0749623213","76","97","Speculative","Micro Cap"
"se","EURO","Eurocon Consulting Ab (publ)","3.8461538462","12.4685128338","11.9543483272","76","98","Adventurous","Micro Cap"
"se","DEVP B","Devport Ab","0","10.7723350827","10.6255475732","74","86","Speculative","Micro Cap"
"se","NTEK B","Novotek Ab","4.6487603306","12.4053102471","22.1229889167","71","96","Adventurous","Micro Cap"
"se","PRCO B","Precio Fishbone Ab","4.8013245033","15.6097494393","17.420581461","55","90","Balanced","Micro Cap"
"se","FIRE","Firefly Ab","3.0172413793","13.6070324286","24.1575911818","54","95","Balanced","Micro Cap"
"se","NEPA","Nepa Ab","0","19.4439647855","32.7861222416","52","94","Speculative","Micro Cap"
"se","ADDV A","Addvise Ab (publ)","0.4597701149","12.6555427134","18.5078848738","41","85","Highly Speculative","Micro Cap"
