"Flag","Ticker","Name","Div Cover TTM","Div Streak","Yield TTM (%)","FCF / Sales TTM (%)","Piotroski F-Score TTM","ROE TTM (%)","Quality Rank","Mkt Cap EUR (m EUR)","Risk Rating","Size Group"
"no","AKRBP","Aker Bp Asa","1.5107946027","5","3.5949449892","45.7364917503","9","30.3779762741","92","10033.923655388","Speculative","Large Cap"
"dk","STG","Scandinavian Tobacco A/s","1.7977876923","9","4.9019607843","16.0544769063","8","13.043403068","94","1679.2276995472","Balanced","Mid Cap"
"fi","TOKMAN","Tokmanni","1.5857882353","4","4.4619422572","11.0128305431","8","41.1630321911","96","1119.9412323","Balanced","Mid Cap"
"no","EPR","Europris Asa","2.1388333333","5","3.9735099338","18.0569457734","7","45.3349823392","91","1098.1716122472","Speculative","Mid Cap"
"dk","UIE","United International Enterprises","5.5362595238","10","3.06544","16.1686752533","7","24.4913197685","88","779.6359723953","Conservative","Mid Cap"
"no","KID","Kid Asa","1.0247744444","5","8.3333333333","20.5995288788","8","30.3967180571","95","440.7216069643","Adventurous","Mid Cap"
"no","ABG","Abg Sundal Collier Holding Asa","1.6342891566","8","9.1915836102","43.7446893304","8","90.8728467815","97","410.4068714804","Speculative","Small Cap"
"fi","TAALA","Taaleri","1.98195","8","3.5874439462","166.1109336975","8","13.4391549916","82","315.607663","Balanced","Small Cap"
"no","WILS","Wilson Asa","2.0938266558","4","5.490177152","14.5574777485","9","26.8445798836","89","312.6514928804","Speculative","Small Cap"
