"Flag","Ticker","Name","Yield TTM (%)","FCF / Sales TTM (%)","ROE TTM (%)","Value Rank","Quality Rank","Risk Rating","Size Group"
"se","PEAB B","Peab Ab","3.7282518641","11.2794894072","26.5177715738","84","89","Balanced","Large Cap"
"no","TEL","Telenor Asa","5.8939096267","20.2091017906","40.1848724092","74","97","Conservative","Large Cap"
"se","HUSQ B","Husqvarna Ab","1.9639934534","16.5063406832","16.5294009988","58","94","Balanced","Large Cap"
"se","KIND SDB","Kindred","2.5151587798","25.6768713502","51.1375947996","56","99","Speculative","Large Cap"
"se","GETI B","Getinge Ab","1.0948905109","23.4384910699","16.0526198836","50","97","Adventurous","Large Cap"
"fi","ORNBV","Orion Oyj","4.1436464088","23.9680920137","29.1123320315","47","97","Balanced","Large Cap"
"fi","ELISA","Elisa Oyj","4.126984127","17.7096436059","26.8192108668","46","88","Balanced","Large Cap"
"se","HPOL B","Hexpol Ab","2.1636876764","15.8149582837","14.9187357721","45","93","Adventurous","Large Cap"
"se","SAND","Sandvik Ab","2.8359511344","14.506238606","14.7620125768","43","91","Balanced","Large Cap"
"se","ALFA","Alfa Laval Ab","1.8887362637","15.6530336645","12.5752105897","39","90","Balanced","Large Cap"
"dk","PNDORA","Pandora A/s","0","28.7811036877","30.6694097167","38","87","Speculative","Large Cap"
"se","THULE","Thule Ab","3.9082198689","18.4082779765","24.3347594699","34","98","Balanced","Large Cap"
"fi","KNEBV","Kone Oyj","3.0957622455","14.7124817628","29.5922868486","32","92","Conservative","Large Cap"
"no","SALM","Salmar Asa","0","24.5641752438","20.9876508514","31","87","Balanced","Large Cap"
"se","SWEC B","Sweco Ab (publ)","1.464713715","14.4596797392","17.5770355758","30","91","Balanced","Large Cap"
"dk","RBREW","Royal Unibrew A/s","1.8218623482","19.2801376207","36.9396196468","29","90","Balanced","Large Cap"
"dk","NOVO B","Novo Nordisk A/s","2.0004396571","23.5296897894","69.6968193321","28","91","Balanced","Large Cap"
"dk","GMAB","Genmab A/s","0","60.5874789833","28.6894389339","27","95","Adventurous","Large Cap"
"fi","NESTE","Neste Oyj","1.5766653528","11.0203386946","12.02195019","26","89","Adventurous","Large Cap"
"se","EPI A","Epiroc Ab","1.2230919765","20.2895742207","23.2444999354","20","88","Balanced","Large Cap"
"se","ATCO A","Atlas Copco Ab","1.3379765396","19.4494272801","27.7680701952","20","80","Balanced","Large Cap"
"dk","NZYM B","Novozymes A/s","1.2553802009","24.3719668855","24.8887714198","20","92","Balanced","Large Cap"
