Flag,Ticker,Name,Yield TTM (%),FCF / Sales TTM (%),ROE TTM (%),Value Rank,Quality Rank,Risk Rating,Size Group,,
se,PEAB B,Peab Ab,0,10.68301811,26.51777157,87,90,Balanced,Large Cap,PEAB-B.ST,
no,TEL,Telenor Asa,6.394316163,20.20910179,40.18487241,77,89,Conservative,Large Cap,TEL.OL,
se,TEL2 B,Tele2 Ab,5.649717514,22.84778188,21.41334596,72,88,Balanced,Large Cap,TEL2-B.ST,
se,KIND SDB,Kindred,2.951733524,25.67687135,51.1375948,61,99,Speculative,Large Cap,KIND-SDB.ST,
se,HUSQ B,Husqvarna Ab,2.347188264,14.51255275,14.52533489,58,83,Balanced,Large Cap,HUSQ-B.ST,
se,GETI B,Getinge Ab,1.383763838,20.63784835,15.60211946,55,97,Adventurous,Large Cap,GETI-B.ST,
se,ERIC B,Telefonaktiebolaget Lm Ericsson,1.925854598,10.16523947,20.66145492,53,92,Balanced,Large Cap,ERIC-B.ST,
fi,ORNBV,Orion Oyj,4.271070615,23.96809201,29.11233203,45,97,Balanced,Large Cap,ORNAV.HE,
se,HPOL B,Hexpol Ab,2.297702298,17.69964243,14.91873577,45,94,Adventurous,Large Cap,HPOL-B.ST,
fi,ELISA,Elisa Oyj,3.870583565,18.5157817,28.12674184,42,89,Balanced,Large Cap,ELISA.HE,
se,ALFA,Alfa Laval Ab,2.080968596,15.65303366,12.57521059,41,92,Balanced,Large Cap,ALFA.ST,
dk,PNDORA,Pandora A/s,0,28.78110369,30.66940972,40,89,Speculative,Large Cap,PNDORA.CO,
se,THULE,Thule Ab,4.492753623,18.44660194,24.33475947,39,99,Balanced,Large Cap,THULE.ST,
se,SAND,Sandvik Ab,2.807775378,14.06184899,13.81445736,38,80,Balanced,Large Cap,SAND.ST,
se,SWEC B,Sweco Ab (publ),1.781376518,14.52200595,17.57703558,36,93,Balanced,Large Cap,SWEC-B.ST,
fi,KNEBV,Kone Oyj,3.321523472,14.71248176,29.59228685,33,93,Conservative,Large Cap,KNEBV.HE,
no,SALM,Salmar Asa,2.226789997,16.18573778,26.83197128,33,85,Balanced,Large Cap,SALM.OL,
dk,RBREW,Royal Unibrew A/s,1.874039939,20.00691308,37.58815396,31,96,Balanced,Large Cap,RBREW.CO,
dk,NOVO B,Novo Nordisk A/s,2.061388606,23.52968979,69.69681933,27,93,Balanced,Large Cap,NOVO-B.CO,
dk,GMAB,Genmab A/s,0,60.58747898,28.68943893,27,95,Adventurous,Large Cap,GMAB.CO,
se,LATO B,Investment Ab Latour,1.551189245,15.53766303,19.31840877,24,80,Balanced,Large Cap,LATO-B.ST,
fi,NESTE,Neste Oyj,1.469507715,11.02033869,12.02195019,23,84,Adventurous,Large Cap,NESTE.HE,
se,INDT,Indutrade Ab,0.939457203,12.39007129,21.15201825,21,94,Balanced,Large Cap,INDT.ST,
se,EPI A,Epiroc Ab,1.349892009,20.28957422,23.24449994,21,90,Balanced,Large Cap,EPI-B.ST,
dk,NZYM B,Novozymes A/s,1.38962414,24.37196689,24.88877142,21,93,Balanced,Large Cap,NZYM-B.CO,
dk,DEMANT,Demant A/s,0,14.61054669,14.11305552,20,88,Adventurous,Large Cap,DEMANT.CO,
