"Flag","Ticker","Name","Yield TTM (%)","FCF / Sales TTM (%)","ROE TTM (%)","Value Rank","Quality Rank","Risk Rating","Size Group"
"fi","ILK2S","Ilkka Yhtyma Oyj","6.0606060606","31.6862745098","17.0821699242","93","88","Balanced","Small Cap"
"fi","LEHTO","Lehto Oyj","0","14.3711444923","70.3534660261","86","86","Speculative","Small Cap"
"se","CAM B","Consensus Asset Management Ab (publ)","9.6481271283","27.2228005964","77.5737282297","86","93","Highly Speculative","Small Cap"
"dk","NORTHM","North Media A/s","4.5372050817","20.0019260401","39.7130446229","84","87","Adventurous","Small Cap"
"fi","SUY1V","Suominen Oyj","1.6556291391","10.7884738472","28.0081223208","80","91","Balanced","Small Cap"
"se","FNM","Ferronordic Ab","3.1712473573","12.6792890987","30.8104173252","79","82","Balanced","Small Cap"
"se","ANGL","Angler Gaming","7.476268929","22.2307701913","76.88768084","76","94","Speculative","Small Cap"
"se","LEO","Leovegas Ab (publ)","3.3635733912","15.0381768345","19.4751598778","71","94","Speculative","Small Cap"
"se","BOAT","Nimbus Ab (publ)","0","19.218823129","36.4921451019","70","84","Speculative","Small Cap"
"se","SOF B","Softronic Ab","12.7931769723","14.8372072493","24.6753445636","70","92","Adventurous","Small Cap"
"dk","TCM","Tcm A/s","0","11.3002984048","21.5416540747","68","82","Balanced","Small Cap"
"fi","RAP1V","Rapala Vmc","0","15.5365371955","15.5137676293","66","91","Adventurous","Small Cap"
"no","NKR","Nekkar Asa","0","33.878770513","34.2313064231","66","94","Speculative","Small Cap"
"se","NIL B","Nilorngruppen Ab","2.6490066225","12.5397917584","21.8469108424","64","98","Adventurous","Small Cap"
"se","SEMC","Semcon Ab","2.3547880691","10.4696979173","17.658674189","61","99","Balanced","Small Cap"
"se","ASPIRE","Aspire Global","0","13.2626056816","37.0032371756","61","89","Speculative","Small Cap"
"no","STRO","Strongpoint Asa","2.3411371237","13.3800853565","16.3114876181","59","97","Adventurous","Small Cap"
"se","KOBR B","Kopparbergs Bryggeri Ab","3.762541806","14.7517131474","17.7827799662","59","94","Balanced","Small Cap"
"se","BORG","Bjorn Borg Ab","0","11.4043200169","10.1171743766","58","92","Adventurous","Small Cap"
"se","QAIR","Qleanair Ab","2.03125","16.7440816246","47.1690732635","56","88","Speculative","Small Cap"
"fi","DIGIA","Digia Oyj","1.8472906404","16.052614546","18.6558059108","56","87","Balanced","Small Cap"
"fi","TITAN","Titanium Oyj","5.4915254237","47.2711488253","33.7561285075","55","97","Balanced","Small Cap"
"fi","UNITED","United Bankers","3.5789473684","22.5488480607","16.4459452329","50","81","Speculative","Small Cap"
"se","FMM B","Fm Mattsson Mora Ab","2.2388059701","10.5619727299","15.2567741935","49","95","Adventurous","Small Cap"
"fi","SIILI","Siili Solutions Oyj","1.6451233843","12.0157969918","20.8890049125","45","95","Balanced","Small Cap"
"se","MSAB B","Micro Systemation Ab (publ)","3.6900369004","16.4527759127","37.2610250298","41","99","Speculative","Small Cap"
"fi","VINCIT","Vincit Oyj","1.6363636364","14.9686587137","18.9737577231","40","97","Adventurous","Small Cap"
"se","SKMO","Skane Mollan Ab","2.1621621622","15.3868572831","13.8014280857","39","96","Adventurous","Small Cap"
"se","BALCO","Balco Ab","0","10.2665240293","11.9035186306","39","87","Balanced","Small Cap"
"se","RUG","Rugvista Ab (publ)","0","32.3112845575","25.6544525814","37","91","Speculative","Small Cap"
"no","ITERA","Itera Asa","1.6666666667","11.7484928481","80.5826088472","37","97","Adventurous","Small Cap"
"se","G5EN","G5 Entertainment Ab (publ)","1.364628821","12.3437893285","41.2418748426","35","97","Speculative","Small Cap"
"se","EQL","Eql Pharma Ab","0","32.8484266583","12.0606458281","21","84","Speculative","Small Cap"
