"Flag","Ticker","Name","Yield TTM (%)","FCF / Sales TTM (%)","ROE TTM (%)","Value Rank","Quality Rank","Risk Rating","Size Group"
"no","B2H","B2holding Asa","0","107.5178626903","11.4003779131","95","80","Speculative","Small Cap"
"fi","ILK2S","Ilkka Yhtyma Oyj","2.1978021978","30.6508236565","13.9028348469","87","86","Balanced","Small Cap"
"se","BOAT","Nimbus Ab (publ)","0","18.4443819235","31.6455729902","84","84","Speculative","Small Cap"
"fi","TAALA","Taaleri","4","158.5937769004","13.2992372836","83","82","Balanced","Small Cap"
"se","KABE B","Kabe Ab","1.3043478261","17.4579439252","11.7297067573","74","82","Balanced","Small Cap"
"se","NIL B","Nilorngruppen Ab","2.915451895","13.4880635616","31.3775921043","74","98","Adventurous","Small Cap"
"se","ANGL","Angler Gaming","8.4754465942","18.8041499079","93.7153535575","72","92","Speculative","Small Cap"
"se","TRANS","Transtema Ab","0","15.6187295058","41.415480568","71","91","Speculative","Small Cap"
"fi","RAP1V","Rapala Vmc","0","15.5365371955","15.5137676293","69","89","Adventurous","Small Cap"
"se","SOF B","Softronic Ab","12.6315789474","14.8372072493","24.6753445636","67","91","Adventurous","Small Cap"
"no","NKR","Nekkar Asa","0","13.4385313996","52.2842048612","65","92","Speculative","Small Cap"
"se","BORG","Bjorn Borg Ab","0","10.6740641725","22.7631090035","65","95","Adventurous","Small Cap"
"se","SEMC","Semcon Ab","2.3696682464","10.4696979173","17.658674189","59","99","Balanced","Small Cap"
"se","KOBR B","Kopparbergs Bryggeri Ab","4.2452830189","16.9979946918","15.1682803135","58","87","Balanced","Small Cap"
"se","NTEK B","Novotek Ab","3.4615384615","11.5772813728","27.8233979136","55","90","Adventurous","Small Cap"
"fi","TITAN","Titanium Oyj","5.8273381295","45.9768894586","42.3132277831","55","96","Balanced","Small Cap"
"se","QAIR","Qleanair Ab","2.0123839009","18.3245904434","44.7011688355","52","80","Speculative","Small Cap"
"se","FMM B","Fm Mattsson Mora Ab","1.7441860465","12.2021121191","27.0052845217","45","97","Adventurous","Small Cap"
"se","G5EN","G5 Entertainment Ab (publ)","1.4880952381","14.9981334581","45.0368536571","38","99","Speculative","Small Cap"
"se","RUG","Rugvista Ab (publ)","0","32.3112845575","25.6544525814","38","89","Speculative","Small Cap"
"se","MSAB B","Micro Systemation Ab (publ)","4.1884816754","18.4108192042","26.6300963677","37","98","Speculative","Small Cap"
"se","BAHN B","Bahnhof Ab (publ)","2.0833333333","11.6764810088","41.5228603873","36","99","Balanced","Small Cap"
"se","NEPA","Nepa Ab","0","19.4439647855","32.7861222416","35","93","Speculative","Small Cap"
"se","BRE2","Bredband2 I Skandinavien Ab","1.9723865878","10.9321850078","22.1353406413","35","85","Balanced","Small Cap"
"se","BALCO","Balco Ab","0","10.2665240293","11.9035186306","30","85","Adventurous","Small Cap"
