"Flag","Ticker","Name","Yield TTM (%)","FCF / Sales TTM (%)","ROE TTM (%)","Value Rank","Quality Rank","Risk Rating","Size Group"
"dk","AAB","Aalborg Boldspilklub A/s","0","26.2177236736","15.8246038141","99","80","Adventurous","Micro Cap"
"se","KAKEL","Kakel Max Ab (publ)","0","14.4516800518","16.4398619386","91","88","Speculative","Micro Cap"
"se","WTG","Wonderful Times Ab","3.4653465347","16.5996132922","17.7794877866","88","81","Speculative","Micro Cap"
"dk","STRINV","Strategic Investments A/s","1.8348623853","29.7059408698","42.5520582747","81","84","Conservative","Micro Cap"
"se","CAG","Cag Ab","4.0650406504","11.3230904191","13.1797256344","78","81","Balanced","Micro Cap"
"se","EURO","Eurocon Consulting Ab (publ)","3.5842293907","12.4685128338","11.9543483272","72","98","Adventurous","Micro Cap"
"se","GENE","Genesis It Ab","2.56","25.0556210394","13.7412680971","68","92","Speculative","Micro Cap"
"se","DEVP B","Devport Ab","0","13.2491296203","11.9593570198","68","86","Speculative","Micro Cap"
"se","NTEK B","Novotek Ab","4.2293233083","12.4053102471","22.1229889167","66","96","Adventurous","Micro Cap"
"se","PRCO B","Precio Fishbone Ab","4.6774193548","15.6097494393","17.420581461","54","90","Adventurous","Micro Cap"
"se","FIRE","Firefly Ab","2.9829545455","13.6070324286","24.1575911818","53","95","Balanced","Micro Cap"
"se","NEPA","Nepa Ab","0","19.4440611441","32.7867777805","51","94","Speculative","Micro Cap"
"se","ADDV A","Addvise Ab (publ)","0.5277044855","12.6555427134","18.5078848738","45","85","Highly Speculative","Micro Cap"
"fi","AALLON","Aallon Oyj","1.6593886463","11.2081523351","11.0291110917","32","80","Adventurous","Micro Cap"
