"Flag","Ticker","Name","Yield TTM (%)","FCF / Sales TTM (%)","ROE TTM (%)","Value Rank","Quality Rank","Risk Rating","Size Group"
"fi","KCR","Konecranes Abp","7.3375796178","10.4259009443","10.5977143797","77","84","Adventurous","Large Cap"
"se","BOL","Boliden Ab","2.4444444444","13.2239093597","17.2827096422","74","90","Adventurous","Large Cap"
"se","INDU A","Industrivarden Ab","2.3968622894","18.1658011869","26.5015269766","72","87","Conservative","Large Cap"
"se","KIND SDB","Kindred","2.8732898658","29.6083042738","66.9493921402","69","99","Speculative","Large Cap"
"dk","LUN","H Lundbeck A/s","1.3276686139","18.7733732236","12.2572162792","58","83","Adventurous","Large Cap"
"no","TEL","Telenor Asa","2.6152337365","20.5607556524","41.0344090618","57","86","Conservative","Large Cap"
"se","HUSQ B","Husqvarna Ab","1.337233598","15.3261910595","18.188257317","57","94","Balanced","Large Cap"
"no","KOG","Kongsberg Gruppen Asa","3.1720856463","10.4425525387","14.3370517332","55","89","Balanced","Large Cap"
"se","ERIC B","Telefonaktiebolaget Lm Ericsson","1.0167768175","10.1552758854","22.9098969455","54","90","Balanced","Large Cap"
"se","HPOL B","Hexpol Ab","1.975096608","15.0116902764","19.5848375451","45","86","Adventurous","Large Cap"
"se","SAND","Sandvik Ab","2.885042166","14.0985587887","18.9736321538","45","89","Balanced","Large Cap"
"se","HM B","H & M Hennes & Mauritz Ab","0","20.6191970019","11.0749305857","43","89","Adventurous","Large Cap"
"fi","ORNBV","Orion Oyj","4.2384854479","19.6929952395","27.3237236384","42","90","Balanced","Large Cap"
"fi","ELISA","Elisa Oyj","3.5779816514","18.3173699198","32.6430222834","38","86","Balanced","Large Cap"
"se","GETI B","Getinge Ab","0.8205689278","23.3099996618","18.1662143669","37","96","Adventurous","Large Cap"
"fi","KNEBV","Kone Oyj","3.2051282051","14.3078083013","38.8273244782","34","95","Conservative","Large Cap"
"se","THULE","Thule Ab","3.5052012664","17.3857573649","25.490013934","34","98","Balanced","Large Cap"
"dk","PNDORA","Pandora A/s","0.61244488","26.4156797849","44.7632215693","28","95","Speculative","Large Cap"
"se","ALFA","Alfa Laval Ab","1.5629440182","12.7848197729","12.8559662128","27","80","Balanced","Large Cap"
"dk","RBREW","Royal Unibrew A/s","1.6063779153","18.5695339094","37.5368585514","24","83","Balanced","Large Cap"
"dk","NOVO B","Novo Nordisk A/s","1.618641053","24.6991133005","75.9360467691","21","90","Conservative","Large Cap"
"dk","GMAB","Genmab A/s","0","47.6759259259","32.3833821355","20","82","Balanced","Large Cap"
