"Flag","Ticker","Name","Yield TTM (%)","FCF / Sales TTM (%)","ROE TTM (%)","Value Rank","Quality Rank","Risk Rating","Size Group"
"se","BONAV B","Bonava Ab (publ)","4.6242774566","10.2714242147","11.9815059445","93","88","Adventurous","Mid Cap"
"se","BETS B","Betsson Ab","0","17.3100114367","21.9280416542","90","96","Adventurous","Mid Cap"
"dk","STG","Scandinavian Tobacco A/s","4.9019607843","16.0544769063","13.043403068","82","94","Balanced","Mid Cap"
"se","MEKO","Mekonomen Ab","0","10.4154573348","13.5192226447","82","87","Adventurous","Mid Cap"
"no","KID","Kid Asa","8.3333333333","20.5995288788","30.3967180571","79","95","Adventurous","Mid Cap"
"dk","UIE","United International Enterprises","3.06544","16.1686752533","24.4913197685","77","88","Conservative","Mid Cap"
"no","AUSS","Austevoll Seafood Asa","0","12.5459108439","15.1558685156","76","89","Balanced","Mid Cap"
"se","KIND SDB","Kindred","1.9843616372","25.5400898942","69.3321217628","75","99","Speculative","Mid Cap"
"no","EPR","Europris Asa","3.9735099338","18.0569457734","45.3349823392","71","91","Speculative","Mid Cap"
"se","ELAN B","Elanders Ab","1.8128654971","10.5881412108","12.0434782609","70","96","Adventurous","Mid Cap"
"fi","TOKMAN","Tokmanni","4.4619422572","11.0128305431","41.1630321911","68","96","Balanced","Mid Cap"
"dk","HH","H+h International A/s","0","11.0201296486","19.0476190476","66","81","Adventurous","Mid Cap"
"se","NEWA B","New Wave Ab","0","20.0442315954","15.9622828066","63","91","Adventurous","Mid Cap"
"se","NWG","Nordic Waterproofing Holding Ab","4.6948356808","10.7027089604","21.5120511936","62","80","Adventurous","Mid Cap"
"se","CLAS B","Clas Ohlson Ab","2.3111111111","13.3114471256","22.7915194346","59","96","Adventurous","Mid Cap"
"fi","UPONOR","Uponor Oyj","1.3875598086","12.0294210693","27.0943294086","58","99","Adventurous","Mid Cap"
"fi","ROVIO","Rovio Entertainment Oyj","1.8648018648","13.998542385","15.4028136664","56","98","Adventurous","Mid Cap"
"fi","FSKRS","Fiskars Oyj Abp","1.3333333333","11.4377470356","12.2235309514","53","95","Balanced","Mid Cap"
"fi","TTALO","Terveystalo Oyj","1.1187607573","12.3689916877","13.2815868909","51","82","Balanced","Mid Cap"
"fi","PON1V","Ponsse Oyj","1.4778325123","11.4124825701","21.8295689304","46","99","Balanced","Mid Cap"
"fi","ALMA","Alma Media Oyj","2.8462998102","24.4024672321","20.2223398624","44","97","Balanced","Mid Cap"
"fi","ETTE","Etteplan Oyj","1.9373219373","10.4079650145","22.5201758262","44","92","Adventurous","Mid Cap"
"no","BOUV","Bouvet Asa","2.9850746269","10.2454918198","62.041419234","32","95","Speculative","Mid Cap"
"se","MYCR","Mycronic Ab (publ)","1.4450867052","20.9967697277","23.6827033219","31","95","Adventurous","Mid Cap"
"se","NMAN","Nederman Holding Ab","0.4424778761","11.5575396825","18.8068549624","30","82","Adventurous","Mid Cap"
"se","FOI B","Fenix Outdoor International Ag","1.2070067649","13.2646117859","11.2781934054","30","97","Balanced","Mid Cap"
"fi","EQV1V","Eq Oyj","2.8056112224","55.9955645059","58.2145653876","29","94","Balanced","Mid Cap"
"no","BRG","Borregaard Asa","1.1709601874","15.1132174829","19.9299229152","27","87","Speculative","Mid Cap"
"fi","MEKKO","Marimekko Oyj","1.2180267966","22.8555882956","39.717134449","25","98","Speculative","Mid Cap"
"se","XANO B","Xano Industri Ab","0.7692307692","14.30273334","28.1481182796","25","90","Adventurous","Mid Cap"
"se","COIC","Concentric Ab","1.2389380531","17.6666666667","26.1682242991","21","92","Adventurous","Mid Cap"
