"Flag","Ticker","Name","Yield TTM (%)","FCF / Sales TTM (%)","ROE TTM (%)","Value Rank","Quality Rank","Risk Rating","Size Group"
"dk","STRINV","Strategic Investments A/s","5.1282051282","64.6976664407","37.1019232888","91","81","Conservative","Micro Cap"
"se","CAM B","Consensus Asset Management Ab (publ)","13.0769230769","38.3946938805","85.2665588324","89","96","Highly Speculative","Micro Cap"
"fi","TRH1V","Trainers' House Oyj","4.0540540541","12.9039168567","26.7707393266","80","90","Speculative","Micro Cap"
"se","BOSJO","Bosjo Fastigheter Ab (publ)","2.5244252874","26.4916957146","12.7965868029","68","85","Balanced","Micro Cap"
"dk","KLEE B","Brd Klee A/s","2.2764705882","13.8813787533","11.9553542475","67","99","Adventurous","Micro Cap"
"se","LINKAB","Link Prop Investment Ab (publ)","5.1948051948","58.6880519448","11.5559996287","64","83","Balanced","Micro Cap"
"se","EURO","Eurocon Consulting Ab (publ)","2.8571428571","11.0724405799","16.0812163878","61","99","Adventurous","Micro Cap"
"se","FIRE","Firefly Ab","2.5240384615","11.2965459201","20.2460740828","42","80","Balanced","Micro Cap"
"se","SKMO","Skane Mollan Ab","2.3300970874","10.9061112286","14.7854900593","39","98","Adventurous","Micro Cap"
