"Flag","Ticker","Name","Yield TTM (%)","FCF / Sales TTM (%)","ROE TTM (%)","Value Rank","Quality Rank","Risk Rating","Size Group"
"fi","KCR","Konecranes Abp","7.5531077891","10.4259009443","10.5977143797","79","85","Adventurous","Large Cap"
"se","BOL","Boliden Ab","2.5098874354","13.2239093597","17.2827096422","75","91","Adventurous","Large Cap"
"no","TEL","Telenor Asa","5.9113300493","20.7694856291","29.3186110708","70","97","Conservative","Large Cap"
"se","KIND SDB","Kindred","2.8565442632","29.6083042738","66.9493921402","69","99","Speculative","Large Cap"
"se","HUSQ B","Husqvarna Ab","2.0202020202","16.5063406832","16.5294009988","59","93","Balanced","Large Cap"
"dk","LUN","H Lundbeck A/s","1.2619888945","18.7733732236","12.2572162792","54","84","Adventurous","Large Cap"
"se","HPOL B","Hexpol Ab","2.2660098522","15.3910913822","14.5409851565","47","80","Adventurous","Large Cap"
"se","GETI B","Getinge Ab","1.0148849797","23.4384910699","16.0526198836","45","96","Adventurous","Large Cap"
"se","SAND","Sandvik Ab","2.9761904762","14.506238606","14.7620125768","44","91","Balanced","Large Cap"
"fi","ORNBV","Orion Oyj","4.0683482506","22.2982472584","28.8277268094","43","92","Balanced","Large Cap"
"fi","ELISA","Elisa Oyj","3.9634146341","17.7096436059","26.8192108668","43","87","Balanced","Large Cap"
"se","THULE","Thule Ab","4.0364583333","17.3857573649","25.490013934","39","98","Balanced","Large Cap"
"se","ALFA","Alfa Laval Ab","1.8223989397","16.1517805606","12.9075665045","35","89","Balanced","Large Cap"
"fi","KNEBV","Kone Oyj","3.3156498674","15.7469677253","40.9998954084","34","95","Conservative","Large Cap"
"se","EKTA B","Elekta Ab (publ)","1.5584415584","13.55643789","16.0969962834","31","80","Adventurous","Large Cap"
"se","SWEC B","Sweco Ab (publ)","1.5037593985","13.6995558988","15.7597307766","30","95","Balanced","Large Cap"
"dk","PNDORA","Pandora A/s","0.6282985675","26.4156797849","44.7632215693","29","96","Speculative","Large Cap"
"dk","RBREW","Royal Unibrew A/s","1.7032551098","18.5695339094","37.5368585514","26","84","Balanced","Large Cap"
"dk","NOVO B","Novo Nordisk A/s","1.8597997139","24.6991133005","75.9360467691","25","90","Conservative","Large Cap"
"dk","GMAB","Genmab A/s","0","47.6759259259","32.3833821355","24","83","Adventurous","Large Cap"
"se","SAGA A","Sagax Ab","0.6991525424","75.4697642638","22.5113986234","22","81","Adventurous","Large Cap"
"se","EPI A","Epiroc Ab","1.3238019592","20.5754872627","21.1214107182","21","81","Balanced","Large Cap"
"se","INDT","Indutrade Ab","0.8466603951","12.698576439","20.5388197842","20","92","Balanced","Large Cap"
