"Flag","Ticker","Name","Yield TTM (%)","FCF / Sales TTM (%)","ROE TTM (%)","Value Rank","Quality Rank","Risk Rating","Size Group"
"fi","ILK2S","Ilkka Yhtyma Oyj","6.1349693252","31.6862745098","17.0821699242","93","89","Balanced","Small Cap"
"no","ABG","Abg Sundal Collier Holding Asa","12.0481927711","24.3840202171","67.5790669924","89","98","Balanced","Small Cap"
"se","CAM B","Consensus Asset Management Ab (publ)","10.4294478528","27.2228005964","77.5737282297","87","93","Highly Speculative","Small Cap"
"dk","NORTHM","North Media A/s","4.3177892919","20.0019260401","39.7130446229","82","88","Adventurous","Small Cap"
"fi","SUY1V","Suominen Oyj","1.7636684303","10.7884738472","28.0081223208","82","91","Balanced","Small Cap"
"se","NWG","Nordic Waterproofing Holding Ab","5.8962264151","12.1442412498","18.9284112988","77","91","Speculative","Small Cap"
"se","OEM B","Oem International Ab","1.8353257576","12.3478102853","25.6539766302","76","99","Adventurous","Small Cap"
"se","FNM","Ferronordic Ab","2.8355387524","12.6792890987","30.8104173252","75","83","Balanced","Small Cap"
"se","SOF B","Softronic Ab","11.71875","17.1936851427","21.4691089724","73","97","Adventurous","Small Cap"
"se","SEMC","Semcon Ab","0","15.8998777427","13.9183055976","71","97","Balanced","Small Cap"
"dk","FLUG B","Flugger A/s","1.3089005236","12.5877169965","20.3800661198","69","94","Balanced","Small Cap"
"fi","ALTIA","Altia Oyj","2","14.0526617058","14.2225246683","68","84","Conservative","Small Cap"
"se","BORG","Bjorn Borg Ab","0","11.4043200169","10.1171743766","68","92","Adventurous","Small Cap"
"se","NIL B","Nilorngruppen Ab","2.743484225","12.5397917584","21.8469108424","66","97","Adventurous","Small Cap"
"dk","TCM","Tcm A/s","0","11.3002984048","21.5416540747","66","83","Balanced","Small Cap"
"fi","TITAN","Titanium Oyj","6.1363636364","47.2711488253","33.7561285075","61","97","Balanced","Small Cap"
"fi","DIGIA","Digia Oyj","2.0134228188","16.052614546","18.6558059108","61","88","Balanced","Small Cap"
"se","ASPIRE","Aspire Global","0","13.2626056816","37.0032371756","58","89","Speculative","Small Cap"
"se","FMM B","Fm Mattsson Mora Ab","2.5714285714","10.5619727299","15.2567741935","57","95","Adventurous","Small Cap"
"se","QAIR","Qleanair Holding Ab","2.0700636943","16.7440816246","47.1690732635","57","89","Speculative","Small Cap"
"no","STRO","Strongpoint Asa","2.2222222222","11.1131711921","18.6687154642","56","97","Adventurous","Small Cap"
"fi","UNITED","United Bankers","3.8783269962","22.5488480607","16.4459452329","55","82","Speculative","Small Cap"
"se","KOBR B","Kopparbergs Bryggeri Ab","3.4793814433","14.7517131474","17.7827799662","54","95","Adventurous","Small Cap"
"se","ANGL","Angler Gaming","4.5297391792","22.2307701913","76.88768084","53","98","Speculative","Small Cap"
"fi","SIILI","Siili Solutions Oyj","1.8348623853","12.0157969918","20.8890049125","51","96","Balanced","Small Cap"
"se","TEQ","Teqnion Ab","0","16.8883622344","18.7299383144","50","87","Speculative","Small Cap"
"fi","VINCIT","Vincit Oyj","1.9396551724","14.9686587137","18.9737577231","49","97","Adventurous","Small Cap"
"no","ITERA","Itera Asa","1.8939393939","13.686451492","119.9183907045","44","97","Adventurous","Small Cap"
"se","MSAB B","Micro Systemation Ab (publ)","3.4246575342","16.4527759127","37.2610250298","37","99","Speculative","Small Cap"
"se","GJAB","Gullberg & Jansson Ab (publ)","1.3368983957","16.2395947426","49.2293936231","34","87","Speculative","Small Cap"
"se","SKMO","Skane Mollan Ab","1.92","15.3868572831","13.8014280857","33","96","Adventurous","Small Cap"
"fi","GOFORE","Gofore Oyj","1.0899182561","12.0327739758","12.4822985369","21","87","Adventurous","Small Cap"
"se","SINT","Sintercast Ab","2.7359781122","17.0347003155","19.1734128675","21","81","Adventurous","Small Cap"
