"Flag","Ticker","Name","Yield TTM (%)","FCF / Sales TTM (%)","ROE TTM (%)","Value Rank","Quality Rank","Risk Rating","Size Group"
"no","BWLPG","Bw Lpg","13.6290792453","43.3709811342","20.0794356912","98","88","Speculative","Mid Cap"
"no","EPR","Europris Asa","5.3465346535","19.9781744544","38.3323463292","86","97","Speculative","Mid Cap"
"se","CLAS B","Clas Ohlson Ab","0","15.0227074965","21.887995219","84","93","Adventurous","Mid Cap"
"no","VEI","Veidekke Asa","4.9145299145","12.5091767174","25.2590479051","82","97","Balanced","Mid Cap"
"se","BETS B","Betsson Ab","0","15.9430950294","20.2068811206","78","89","Adventurous","Mid Cap"
"se","INWI","Inwido Ab (publ)","3.2490974729","15.3886452424","12.624517691","76","97","Adventurous","Mid Cap"
"dk","UIE","United International Enterprises","2.3770392749","19.3218058601","17.4322554418","74","93","Conservative","Mid Cap"
"fi","UPONOR","Uponor Oyj","3.1045751634","15.5985915493","26.5110712148","73","96","Adventurous","Mid Cap"
"se","ELAN B","Elanders Ab","1.8971848225","14.7745269274","10.1378908526","73","98","Adventurous","Mid Cap"
"no","MULTI","Multiconsult Asa","4.8484848485","17.5504024107","36.7828561476","72","94","Speculative","Mid Cap"
"fi","TOKMAN","Tokmanni","4.4178794179","12.8773760716","35.4261461876","72","94","Balanced","Mid Cap"
"no","FKRFT","Fjordkraft Holding Asa","5.1470588235","10.772726205","27.1481031723","69","83","Balanced","Mid Cap"
"se","AQ","Aq Ab","0","10.0951421259","15.0599087582","67","96","Balanced","Mid Cap"
"fi","ROVIO","Rovio Entertainment Oyj","1.8619084562","21.927482528","19.2721066193","66","97","Adventurous","Mid Cap"
"se","LEO","Leovegas Ab (publ)","3.4738864367","15.0592055004","19.8862385124","60","99","Speculative","Mid Cap"
"se","BRAV","Bravida Holding Ab","2.1570319241","10.2662316168","17.5144205558","55","96","Adventurous","Mid Cap"
"se","AF B","Af Poyry Ab","2.0408163265","10.9788847349","10.1937008683","52","87","Balanced","Mid Cap"
"fi","ALMA","Alma Media Oyj","3.1315240084","22.9800173762","15.4624683722","45","95","Balanced","Mid Cap"
"se","OEM B","Oem International Ab","2.2935779817","14.0032898745","26.0894589706","44","96","Adventurous","Mid Cap"
"se","BEIA B","Beijer Alma Ab","1.8796992481","14.0881645027","16.0883069645","44","85","Balanced","Mid Cap"
"se","XANO B","Xano Industri Ab","1.4792899408","17.9544439482","21.0710239383","44","97","Adventurous","Mid Cap"
"no","BOUV","Bouvet Asa","3.3950617284","17.6210861322","65.253503364","42","94","Balanced","Mid Cap"
"se","BUFAB","Bufab Ab (publ)","1.2880562061","10.5971404542","16.2455854387","40","81","Adventurous","Mid Cap"
"se","NOLA B","Nolato Ab","1.9595835885","12.4372261994","24.1860465116","39","87","Adventurous","Mid Cap"
"se","MTRS","Munters Ab","0.9459459459","10.8339272986","11.5556761156","37","95","Adventurous","Mid Cap"
"fi","TIK1V","Tikkurila Oyj","0","15.393814844","24.3867505279","35","99","Speculative","Mid Cap"
"se","FOI B","Fenix Outdoor International Ag","1.335318939","16.1811722913","10.0011757335","33","92","Balanced","Mid Cap"
"se","MYCR","Mycronic Ab (publ)","1.4245014245","29.0056671819","21.8582677165","31","98","Adventurous","Mid Cap"
"fi","EQV1V","Eq Oyj","3.5532994924","47.050188732","37.1018076013","30","96","Balanced","Mid Cap"
"se","G5EN","G5 Entertainment Ab (publ)","1.3604701785","10.3307552535","40.9258955682","29","99","Speculative","Mid Cap"
"se","ANOD B","Addnode Ab (publ)","1.0288065844","12.4770160231","11.1567419576","28","97","Balanced","Mid Cap"
"se","ALIF B","Addlife Ab","0.9752925878","16.4232884506","30.8618070243","26","94","Adventurous","Mid Cap"
"fi","FSC1V","F-secure Oyj","1","17.5024068591","16.2472868608","26","97","Adventurous","Mid Cap"
"fi","HARVIA","Harvia Oyj","0.6968641115","23.3817531962","22.8796581727","24","86","Adventurous","Mid Cap"
"se","LAGR B","Lagercrantz Ab","0.9157417582","14.8592411261","21.8608852755","23","98","Adventurous","Mid Cap"
