"Flag","Ticker","Name","Yield TTM (%)","FCF / Sales TTM (%)","ROE TTM (%)","Value Rank","Quality Rank","Risk Rating","Size Group"
"se","DDM","Ddm Holding Ag","0","172.0457324877","17.6947820889","96","82","Adventurous","Micro Cap"
"se","CAM B","Consensus Asset Management Ab (publ)","13.5782747604","38.3946938805","85.2665588324","91","96","Highly Speculative","Micro Cap"
"se","CLEM","Clemondo Ab (publ)","0","11.7279553918","44.1492170836","90","83","Speculative","Micro Cap"
"se","WTG","Wonderful Times Ab","3.6842105263","11.8001683974","20.4834076275","87","85","Speculative","Micro Cap"
"dk","STRINV","Strategic Investments A/s","1.6806722689","54.943810225","39.0947667137","83","81","Conservative","Micro Cap"
"fi","TRH1V","Trainers' House Oyj","3.7037037037","12.9039168567","26.7707393266","78","90","Speculative","Micro Cap"
"se","BOSJO","Bosjo Fastigheter Ab (publ)","2.5317002882","26.4916957146","12.7965868029","70","86","Balanced","Micro Cap"
"se","EURO","Eurocon Consulting Ab (publ)","3.5087719298","10.8341536587","13.1571023313","69","99","Adventurous","Micro Cap"
"dk","KLEE B","Brd Klee A/s","2.1391959799","13.8813787533","11.9553542475","66","99","Adventurous","Micro Cap"
"se","LINKAB","Link Prop Investment Ab (publ)","5","58.6880519448","11.5559996287","65","83","Balanced","Micro Cap"
"se","FIRE","Firefly Ab","2.380952381","12.1037926606","29.9783947442","45","97","Balanced","Micro Cap"
