"Flag","Ticker","Name","Yield TTM (%)","FCF / Sales TTM (%)","ROE TTM (%)","Value Rank","Quality Rank","Risk Rating","Size Group"
"fi","ILK2S","Ilkka Yhtyma Oyj","2.1505376344","30.6508236565","13.9028348469","85","86","Balanced","Small Cap"
"se","BOAT","Nimbus Ab (publ)","0","18.4443819235","31.6455729902","85","84","Speculative","Small Cap"
"fi","TAALA","Taaleri","3.6697247706","158.5937769004","13.2992372836","79","82","Balanced","Small Cap"
"se","KABE B","Kabe Ab","1.3574660633","17.4579439252","11.7297067573","76","82","Balanced","Small Cap"
"se","ANGL","Angler Gaming","9.2366475071","18.8041499079","93.7153535575","75","92","Speculative","Small Cap"
"fi","RAP1V","Rapala Vmc","0","15.5365371955","15.5137676293","69","89","Adventurous","Small Cap"
"se","SOF B","Softronic Ab","11.9760479042","14.0214393269","24.3211521152","65","91","Adventurous","Small Cap"
"se","NIL B","Nilorngruppen Ab","2.4125452352","10.9358821515","31.7570877846","65","99","Adventurous","Small Cap"
"no","NKR","Nekkar Asa","0","13.4385313996","52.2842048612","65","92","Speculative","Small Cap"
"se","BORG","Bjorn Borg Ab","0","10.6740641725","22.7631090035","64","95","Adventurous","Small Cap"
"se","SEMC","Semcon Ab","2.4390243902","10.8053568153","18.2786536003","62","99","Balanced","Small Cap"
"se","TRANS","Transtema Ab","0","15.6187295058","41.415480568","61","91","Speculative","Small Cap"
"fi","SITOWS","Sitowise Oyj","0","10.0288996632","15.6260674157","57","85","Speculative","Small Cap"
"se","KOBR B","Kopparbergs Bryggeri Ab","4.0909090909","16.9979946918","15.1682803135","55","87","Balanced","Small Cap"
"se","NTEK B","Novotek Ab","3.4722222222","11.5772813728","27.8233979136","55","90","Adventurous","Small Cap"
"fi","TITAN","Titanium Oyj","5.2258064516","45.9768894586","42.3132277831","49","96","Balanced","Small Cap"
"fi","ETTE","Etteplan Oyj","2.0481927711","10.8292993258","23.0148726998","48","96","Adventurous","Small Cap"
"se","FMM B","Fm Mattsson Mora Ab","1.7928286853","12.2021121191","27.0052845217","46","97","Adventurous","Small Cap"
"se","MSAB B","Micro Systemation Ab (publ)","4.6349942063","18.4108192042","26.6300963677","41","98","Speculative","Small Cap"
"se","RUG","Rugvista Ab (publ)","0","32.3112845575","25.6544525814","38","89","Speculative","Small Cap"
"se","BAHN B","Bahnhof Ab (publ)","2.0979020979","11.6764810088","41.5228603873","36","99","Balanced","Small Cap"
"se","G5EN","G5 Entertainment Ab (publ)","1.3280917977","14.9981334581","45.0368536571","33","99","Speculative","Small Cap"
"se","BALCO","Balco Ab","0","10.2665240293","11.9035186306","32","85","Adventurous","Small Cap"
"se","NEPA","Nepa Ab","0","19.4439647855","32.7861222416","32","93","Speculative","Small Cap"
