"Flag","Ticker","Name","Yield TTM (%)","FCF / Sales TTM (%)","ROE TTM (%)","Value Rank","Quality Rank","Risk Rating","Size Group"
"se","BONAV B","Bonava Ab (publ)","4.3956043956","10.2714242147","11.9815059445","92","88","Adventurous","Mid Cap"
"se","BETS B","Betsson Ab","0","17.3100114367","21.9280416542","91","96","Adventurous","Mid Cap"
"no","ABG","Abg Sundal Collier Holding Asa","8.5655314757","43.7446893304","90.8728467815","88","97","Speculative","Mid Cap"
"dk","STG","Scandinavian Tobacco A/s","5.3586150041","16.0544769063","13.043403068","87","94","Balanced","Mid Cap"
"se","MEKO","Mekonomen Ab","0","10.4154573348","13.5192226447","81","88","Adventurous","Mid Cap"
"dk","UIE","United International Enterprises","3.0985266667","16.1686752533","24.4913197685","78","89","Conservative","Mid Cap"
"no","AUSS","Austevoll Seafood Asa","0","12.5459108439","15.1558685156","76","89","Balanced","Mid Cap"
"se","KIND SDB","Kindred","1.9900714739","25.5400898942","69.3321217628","76","99","Speculative","Mid Cap"
"no","KID","Kid Asa","7.880910683","19.4705834486","33.0194575189","76","95","Adventurous","Mid Cap"
"se","CLAS B","Clas Ohlson Ab","5.6869881711","10.8909214092","19.7257358454","75","92","Adventurous","Mid Cap"
"no","EPR","Europris Asa","4.2386185243","18.0569457734","45.3349823392","74","91","Speculative","Mid Cap"
"se","ELAN B","Elanders Ab","1.8343195266","10.5881412108","12.0434782609","72","96","Adventurous","Mid Cap"
"fi","TOKMAN","Tokmanni","4.5116772824","11.0128305431","41.1630321911","69","96","Balanced","Mid Cap"
"dk","HH","H+h International A/s","0","11.0201296486","19.0476190476","67","81","Adventurous","Mid Cap"
"se","NEWA B","New Wave Ab","0","20.0442315954","15.9622828066","64","91","Adventurous","Mid Cap"
"se","NWG","Nordic Waterproofing Holding Ab","4.5454545455","10.7027089604","21.5120511936","60","80","Speculative","Mid Cap"
"fi","UPONOR","Uponor Oyj","1.3888888889","12.0294210693","27.0943294086","59","99","Adventurous","Mid Cap"
"fi","TTALO","Terveystalo Oyj","1.1992619926","12.3689916877","13.2815868909","55","82","Balanced","Mid Cap"
"fi","FSKRS","Fiskars Oyj Abp","1.3544018059","11.4377470356","12.2235309514","55","95","Balanced","Mid Cap"
"fi","ROVIO","Rovio Entertainment Oyj","1.7033356991","13.998542385","15.4028136664","51","98","Adventurous","Mid Cap"
"fi","ETTE","Etteplan Oyj","1.9883040936","10.4079650145","22.5201758262","46","92","Adventurous","Mid Cap"
"fi","PON1V","Ponsse Oyj","1.3745704467","11.4124825701","21.8295689304","43","99","Balanced","Mid Cap"
"fi","ALMA","Alma Media Oyj","2.6315789474","24.4024672321","20.2223398624","42","97","Balanced","Mid Cap"
"se","MYCR","Mycronic Ab (publ)","1.4955134596","20.9967697277","23.6827033219","33","95","Adventurous","Mid Cap"
"se","NMAN","Nederman Holding Ab","0.4761904762","11.5575396825","18.8068549624","33","82","Adventurous","Mid Cap"
"se","FOI B","Fenix Outdoor International Ag","1.2608410955","13.2646117859","11.2781934054","32","97","Balanced","Mid Cap"
"no","BOUV","Bouvet Asa","2.8720626632","10.2454918198","62.041419234","31","96","Speculative","Mid Cap"
"fi","EQV1V","Eq Oyj","2.6717557252","55.9955645059","58.2145653876","28","95","Balanced","Mid Cap"
"no","BRG","Borregaard Asa","1.1037527594","15.1132174829","19.9299229152","25","87","Speculative","Mid Cap"
"se","XANO B","Xano Industri Ab","0.8361204013","11.3001936184","26.4888571429","24","89","Adventurous","Mid Cap"
"fi","MEKKO","Marimekko Oyj","1.0810810811","22.8555882956","39.717134449","22","98","Speculative","Mid Cap"
"se","COIC","Concentric Ab","1.2455516014","17.6666666667","26.1682242991","22","92","Adventurous","Mid Cap"
