"Flag","Ticker","Name","Yield TTM (%)","FCF / Sales TTM (%)","ROE TTM (%)","Value Rank","Quality Rank","Risk Rating","Size Group"
"se","DDM","Ddm Holding Ag","0","172.0457324877","17.6947820889","96","83","Adventurous","Micro Cap"
"se","CLEM","Clemondo Ab (publ)","0","15.3040845871","63.7359115432","93","83","Speculative","Micro Cap"
"se","CAM B","Consensus Asset Management Ab (publ)","11.0246433204","38.3946938805","85.2665588324","88","96","Highly Speculative","Micro Cap"
"se","GENE","Genesis It Ab","3.9024390244","18.3821788644","10.0749623213","82","96","Speculative","Micro Cap"
"dk","STRINV","Strategic Investments A/s","1.7699115044","29.7059408698","42.5520582747","81","81","Conservative","Micro Cap"
"fi","TRH1V","Trainers' House Oyj","3.7406483791","12.9039168567","26.7707393266","79","91","Speculative","Micro Cap"
"dk","KLEE B","Brd Klee A/s","2.660625","13.8813787533","11.9553542475","79","99","Adventurous","Micro Cap"
"se","EURO","Eurocon Consulting Ab (publ)","3.6496350365","12.4685128338","11.9543483272","72","97","Adventurous","Micro Cap"
"se","FIRE","Firefly Ab","2.453271028","12.1037926606","29.9783947442","49","97","Balanced","Micro Cap"
