"Flag","Ticker","Name","Yield TTM (%)","FCF / Sales TTM (%)","ROE TTM (%)","Value Rank","Quality Rank","Risk Rating","Size Group"
"se","SSAB A","Ssab Ab","0","11.7347236997","15.3469007202","96","81","Adventurous","Large Cap"
"se","BOL","Boliden Ab","2.294378715","11.7583892617","18.4583035269","69","94","Adventurous","Large Cap"
"no","AKRBP","Aker Bp Asa","3.5949449892","45.7364917503","30.3779762741","68","92","Speculative","Large Cap"
"se","TREL B","Trelleborg Ab","2.1588946459","16.1461041941","11.6779368333","58","92","Balanced","Large Cap"
"se","ERIC B","Telefonaktiebolaget Lm Ericsson","1.014198783","14.2614888191","22.3587728209","54","88","Balanced","Large Cap"
"se","HM B","H & M Hennes & Mauritz Ab","3.6492252414","22.4125976487","15.1439907846","54","97","Adventurous","Large Cap"
"fi","VALMT","Valmet Oyj","2.4200053778","10.4022546759","26.5470852018","52","89","Balanced","Large Cap"
"no","KOG","Kongsberg Gruppen Asa","2.8571428571","13.0841827105","14.6503005651","49","87","Balanced","Large Cap"
"fi","KESKOB","Kesko Oyj","1.2684264655","10.081768434","23.9027283511","46","90","Balanced","Large Cap"
"fi","TYRES","Nokian Tyres","1.8028846154","14.9668710137","14.4955546966","43","94","Adventurous","Large Cap"
"se","HUSQ B","Husqvarna Ab","1.1224131884","10.3324763223","17.4567490959","41","92","Balanced","Large Cap"
"no","MOWI","Mowi Asa","2.1027846212","14.6856762946","14.9695930142","40","87","Balanced","Large Cap"
"se","SAND","Sandvik Ab","2.5803890433","12.2541538128","19.287529213","37","85","Balanced","Large Cap"
"fi","ELISA","Elisa Oyj","3.6151279199","17.7760775312","30.8180663885","36","83","Conservative","Large Cap"
"dk","PNDORA","Pandora A/s","1.2456402591","25.5364999551","62.2731467241","35","99","Adventurous","Large Cap"
"fi","KNEBV","Kone Oyj","3.587372449","12.7348481926","35.2340719028","35","88","Conservative","Large Cap"
"fi","ORNBV","Orion Oyj","4.1852678571","11.2560054907","24.7855860648","35","82","Balanced","Large Cap"
"se","GETI B","Getinge Ab","0.772797527","23.6013046127","14.5956607495","29","91","Balanced","Large Cap"
"se","ASSA B","Assa Abloy Ab","0.7070340827","14.0233704859","14.4261686866","26","83","Balanced","Large Cap"
"se","THULE","Thule Ab","2.1515434986","13.6533911672","32.7567370721","24","95","Balanced","Large Cap"
"dk","DEMANT","Demant A/s","0","16.8419238062","28.6240463036","22","97","Adventurous","Large Cap"
"dk","CHR","Chr Hansen Holding A/s","2.581310389","14.3772043809","15.7754753682","22","80","Balanced","Large Cap"
"dk","GN","Gn Store Nord A/s","0.3613256915","10.5082809823","34.9976492713","21","89","Adventurous","Large Cap"
