"Flag","Ticker","Name","Yield TTM (%)","FCF / Sales TTM (%)","ROE TTM (%)","Value Rank","Quality Rank","Risk Rating","Size Group"
"se","BOL","Boliden Ab","2.9548710602","13.5978606981","19.8379327931","83","94","Adventurous","Large Cap"
"se","INDU A","Industrivarden Ab","2.9151943463","18.1658011869","26.5015269766","79","85","Conservative","Large Cap"
"se","TREL B","Trelleborg Ab","2.5654181632","14.5501724629","11.2961573727","68","92","Balanced","Large Cap"
"fi","VALMT","Valmet Oyj","2.7363940407","11.6842105263","26.4888041925","61","90","Adventurous","Large Cap"
"se","HUSQ B","Husqvarna Ab","1.4773776547","15.3261910595","18.188257317","60","92","Balanced","Large Cap"
"se","KIND SDB","Kindred","1.2512131725","26.7092604832","74.9400933283","58","99","Speculative","Large Cap"
"no","KOG","Kongsberg Gruppen Asa","3.367003367","10.4425525387","14.3370517332","57","88","Balanced","Large Cap"
"dk","LUN","H Lundbeck A/s","1.4257199886","14.0180307584","10.8195184816","54","81","Adventurous","Large Cap"
"se","HPOL B","Hexpol Ab","2.2582228768","15.0116902764","19.5848375451","51","84","Adventurous","Large Cap"
"se","ERIC B","Telefonaktiebolaget Lm Ericsson","0.9914733294","10.1552758854","22.9098969455","50","88","Balanced","Large Cap"
"fi","TYRES","Nokian Tyres","1.8975332068","20.9820548215","13.6916102753","48","95","Adventurous","Large Cap"
"se","SAND","Sandvik Ab","3.1115366204","14.0985587887","18.9736321538","47","88","Balanced","Large Cap"
"se","HM B","H & M Hennes & Mauritz Ab","0","20.6191970019","11.0749305857","44","87","Adventurous","Large Cap"
"fi","ORNBV","Orion Oyj","4.2529061525","19.6929952395","27.3237236384","41","89","Balanced","Large Cap"
"fi","KNEBV","Kone Oyj","3.5988483685","14.3078083013","38.8273244782","38","94","Conservative","Large Cap"
"fi","ELISA","Elisa Oyj","3.5898379971","18.3173699198","32.6430222834","37","83","Balanced","Large Cap"
"se","GETI B","Getinge Ab","0.7930214116","23.3099996618","18.1662143669","34","95","Adventurous","Large Cap"
"dk","PNDORA","Pandora A/s","0.6021194605","25.9298667654","55.2378151878","33","99","Adventurous","Large Cap"
"se","THULE","Thule Ab","2.436440678","17.2818107667","35.4845318582","31","98","Balanced","Large Cap"
"no","MOWI","Mowi Asa","0.8481579021","10.0868386708","17.438418529","29","88","Balanced","Large Cap"
"dk","RBREW","Royal Unibrew A/s","1.699823722","19.6555217832","40.0187441425","26","88","Balanced","Large Cap"
"se","ARJO B","Arjo Ab (publ)","0.7475813544","23.2712168837","11.2949518825","26","86","Balanced","Large Cap"
"dk","DEMANT","Demant A/s","0","16.8419238062","28.6240463036","23","97","Adventurous","Large Cap"
"dk","GN","Gn Store Nord A/s","0.3057781527","12.4116860798","39.4062078273","20","83","Adventurous","Large Cap"
