"Flag","Ticker","Name","Yield TTM (%)","FCF / Sales TTM (%)","ROE TTM (%)","Value Rank","Quality Rank","Risk Rating","Size Group"
"se","BONAV B","Bonava Ab (publ)","3.8961038961","15.1445821417","10.4705724628","91","83","Adventurous","Mid Cap"
"no","ABG","Abg Sundal Collier Holding Asa","8.5303186023","46.0495698283","94.7353540499","89","98","Balanced","Mid Cap"
"se","CLAS B","Clas Ohlson Ab","7.0781426954","12.789097581","21.3516458455","88","93","Adventurous","Mid Cap"
"se","MEKO","Mekonomen Ab","0","13.6621412614","12.2191477587","87","89","Adventurous","Mid Cap"
"dk","STG","Scandinavian Tobacco A/s","5.1060487038","16.6074436562","11.3181003119","87","95","Balanced","Mid Cap"
"no","VEI","Veidekke Asa","5.0262237762","10.9263595464","29.508687837","84","99","Balanced","Mid Cap"
"se","BETS B","Betsson Ab","0","15.6537977083","18.7214828722","84","93","Adventurous","Mid Cap"
"no","KID","Kid Asa","8.8388214905","24.468630171","31.1367061863","82","98","Adventurous","Mid Cap"
"no","EPR","Europris Asa","4.3618739903","17.0723426456","46.4136047801","79","98","Adventurous","Mid Cap"
"dk","UIE","United International Enterprises","2.3137867647","19.2620854788","26.0881368708","77","91","Conservative","Mid Cap"
"se","ELAN B","Elanders Ab","1.7653758542","12.022817025","13.9090128755","76","94","Adventurous","Mid Cap"
"se","INWI","Inwido Ab (publ)","2.800248911","11.2652081706","15.8124761471","71","96","Adventurous","Mid Cap"
"se","NEWA B","New Wave Ab","0","23.8149136737","11.7822539201","71","86","Adventurous","Mid Cap"
"se","NOBI","Nobia Ab","2.8368794326","10.1697416974","14.6172248804","70","93","Adventurous","Mid Cap"
"dk","HH","H+h International A/s","0","10.1466049383","15.8464223386","67","83","Adventurous","Mid Cap"
"se","NWG","Nordic Waterproofing Holding Ab","4.7846889952","10.7027089604","21.5120511936","67","82","Speculative","Mid Cap"
"no","MULTI","Multiconsult Asa","4.3010752688","18.5531075106","30.6250879919","66","93","Adventurous","Mid Cap"
"fi","ROVIO","Rovio Entertainment Oyj","1.683029453","18.5582321512","18.3267504488","59","97","Adventurous","Mid Cap"
"fi","UPONOR","Uponor Oyj","2.183908046","16.6381229663","30.7089084065","57","98","Adventurous","Mid Cap"
"fi","TOKMAN","Tokmanni","3.2294832827","12.8767286678","35.4130234155","56","93","Balanced","Mid Cap"
"se","KNOW","Knowit Ab (publ)","2.3688663283","12.875624823","15.7588819667","53","90","Adventurous","Mid Cap"
"no","BOUV","Bouvet Asa","3.7800687285","16.2923340274","55.8347574789","48","99","Balanced","Mid Cap"
"fi","ETTE","Etteplan Oyj","1.847826087","13.4794918886","21.3005548362","45","94","Adventurous","Mid Cap"
"fi","PON1V","Ponsse Oyj","1.4545454545","12.5599347068","17.822252552","44","98","Balanced","Mid Cap"
"fi","OLVAS","Olvi Oyj","2.0637898687","16.5333699057","16.6036004138","43","93","Balanced","Mid Cap"
"se","OEM B","Oem International Ab","1.7454106628","11.0080484046","32.7789563004","41","99","Balanced","Mid Cap"
"se","NOLA B","Nolato Ab","1.7553483269","10.4940134822","23.602484472","38","84","Adventurous","Mid Cap"
"fi","TIK1V","Tikkurila Oyj","0","15.2346838859","29.8781143676","38","95","Speculative","Mid Cap"
"se","BEIA B","Beijer Alma Ab","1.466992665","14.3980408546","18.4144293941","36","81","Balanced","Mid Cap"
"se","MYCR","Mycronic Ab (publ)","1.2096774194","31.8387681159","29.6079578701","34","98","Adventurous","Mid Cap"
"fi","ALMA","Alma Media Oyj","2.6178010471","18.2781456954","17.293474767","34","92","Balanced","Mid Cap"
"se","NMAN","Nederman Holding Ab","0.5012531328","11.1446533913","15.9613826151","33","84","Adventurous","Mid Cap"
"se","BAHN B","Bahnhof Ab (publ)","1.875","13.2421576362","35.6495159935","33","99","Balanced","Mid Cap"
"se","ARJO B","Arjo Ab (publ)","0.8474576271","23.2712168837","11.2949518825","31","87","Balanced","Mid Cap"
"se","FOI B","Fenix Outdoor International Ag","1.2329391519","13.315586336","11.3398769411","31","89","Balanced","Mid Cap"
"se","SYSR","Systemair Ab","0.8928571429","11.6665884121","12.7539326195","30","96","Adventurous","Mid Cap"
"se","COIC","Concentric Ab","1.7712550607","21.5155615697","16.9200779727","30","81","Adventurous","Mid Cap"
"fi","MEKKO","Marimekko Oyj","1.3888888889","24.6856391678","40.5008654992","28","90","Speculative","Mid Cap"
"fi","FSC1V","F-secure Oyj","0.9650180941","15.210329066","17.5455116133","26","98","Adventurous","Mid Cap"
"no","BRG","Borregaard Asa","1.1135857461","13.6758321274","17.9973533304","24","89","Adventurous","Mid Cap"
"se","BETCO","Better Collective A/s","0","25.2710790919","16.093488728","23","86","Speculative","Mid Cap"
"fi","EQV1V","Eq Oyj","2.6315789474","49.4285578793","59.4364923278","23","91","Balanced","Mid Cap"
"se","XANO B","Xano Industri Ab","0.7352941176","11.3001936184","26.4888571429","22","91","Adventurous","Mid Cap"
"se","KAMBI","Kambi","0","26.0630619794","36.1437547651","21","92","Speculative","Mid Cap"
