Flag,Ticker,Name,Yield TTM (%),FCF / Sales TTM (%),ROE TTM (%),Value Rank,Quality Rank,Risk Rating,Size Group,
no,BWLPG,Bw Lpg,14.51642185,54.28882155,28.42074834,98,84,Speculative,Mid Cap,BWLPG.OL
se,CLAS B,Clas Ohlson Ab,0,14.38667806,26.45086705,89,98,Adventurous,Mid Cap,CLAS-B.ST
dk,STG,Scandinavian Tobacco A/s,5.336832896,19.36856362,10.29280976,87,82,Balanced,Mid Cap,STG.CO
no,EPR,Europris Asa,5.636743215,19.97817445,38.33234633,86,98,Speculative,Mid Cap,EPR.OL
no,VEI,Veidekke Asa,5.198915009,12.50917672,25.25904791,84,97,Balanced,Mid Cap,VEI.OL
no,KID,Kid Asa,9.807692308,22.8342936,30.50399548,83,97,Adventurous,Mid Cap,KID.OL
se,BETS B,Betsson Ab,0,15.94309503,20.20688112,82,90,Adventurous,Mid Cap,BETS-B.ST
se,INWI,Inwido Ab (publ),3.649635037,15.38864524,12.62451769,80,98,Adventurous,Mid Cap,INWI.ST
dk,UIE,United International Enterprises,3.904472844,21.37457022,14.63096933,77,87,Conservative,Mid Cap,UIE.CO
fi,UPONOR,Uponor Oyj,3.279631761,15.59859155,26.51107121,74,96,Adventurous,Mid Cap,UNR1V.HE
fi,TOKMAN,Tokmanni,4.696132597,12.87737607,35.42614619,73,95,Balanced,Mid Cap,TOKMAN.HE
no,FKRFT,Fjordkraft Holding Asa,5.737704918,10.77272621,27.14810317,73,84,Balanced,Mid Cap,FKRFT.OL
no,MULTI,Multiconsult Asa,4.878048781,17.55040241,36.78285615,71,95,Speculative,Mid Cap,MULTI.OL
se,ELAN B,Elanders Ab,1.874244256,14.82352941,10.13418079,70,98,Adventurous,Mid Cap,ELAN-B.ST
se,AQ,Aq Ab,0,10.09514213,15.05990876,69,96,Balanced,Mid Cap,AQ.ST
fi,ROVIO,Rovio Entertainment Oyj,1.886792453,21.48365773,19.25897927,65,98,Adventurous,Mid Cap,ROVIO.HE
se,BRAV,Bravida Holding Ab,2.34521576,10.26623162,17.51442056,58,96,Adventurous,Mid Cap,BRAV.ST
se,AF B,Af Poyry Ab,2.210433245,10.97888473,10.19370087,55,88,Balanced,Mid Cap,AF-B.ST
fi,ALMA,Alma Media Oyj,3.456221198,22.98001738,15.46246837,50,98,Balanced,Mid Cap,ALN1V.HE
se,MTRS,Munters Ab,0,10.8339273,11.55567612,46,95,Adventurous,Mid Cap,MTRS.ST
se,XANO B,Xano Industri Ab,1.557632399,17.95444395,21.07102394,45,97,Adventurous,Mid Cap,XANO-B.ST
se,NOLA B,Nolato Ab,2.162162162,12.4372262,24.18604651,43,88,Adventurous,Mid Cap,NOLA-.ST
se,OEM B,Oem International Ab,2.23880597,14.01157478,26.06372045,42,97,Adventurous,Mid Cap,OEM-B.ST
se,BUFAB,Bufab Ab (publ),1.312649165,10.59714045,16.24558544,40,82,Adventurous,Mid Cap,BUFAB.ST
no,BOUV,Bouvet Asa,3.235294118,17.62108613,65.25350336,39,95,Balanced,Mid Cap,BOUVET.OL
fi,MEKKO,Marimekko Oyj,1.964636542,20.42680953,30.01984603,35,89,Speculative,Mid Cap,MMO1V.HE
fi,TIK1V,Tikkurila Oyj,0,15.37800687,24.39687086,34,94,Speculative,Mid Cap,TIK1V.HE
fi,EQV1V,Eq Oyj,3.814713897,47.04854437,37.1018076,31,93,Balanced,Mid Cap,EQV1V.HE
se,FOI B,Fenix Outdoor International Ag,1.292852069,16.18117229,10.00117573,31,92,Balanced,Mid Cap,FOI-B.ST
se,MYCR,Mycronic Ab (publ),1.361161525,29.00566718,21.85826772,29,98,Adventurous,Mid Cap,MYCR.ST
se,ANOD B,Addnode Ab (publ),1.057082452,12.47701602,11.15674196,29,97,Balanced,Mid Cap,ANOD-B.ST
fi,FSC1V,F-secure Oyj,1.051248357,17.62034514,16.28191697,27,97,Adventurous,Mid Cap,FSC1V.HE
fi,HARVIA,Harvia Oyj,1.354166667,23.3817532,22.87965817,27,87,Adventurous,Mid Cap,HARVIA.HE
se,G5EN,G5 Entertainment Ab (publ),1.212415131,10.33075525,40.92589557,26,99,Speculative,Mid Cap,G5EN.ST
se,LAGR B,Lagercrantz Ab,0.955100287,14.85924113,21.86088528,24,98,Adventurous,Mid Cap,LAGR-B.ST
se,ALIF B,Addlife Ab,0.877192983,16.42328845,30.86180702,23,95,Adventurous,Mid Cap,ALIF-B.ST
