"Flag","Ticker","Name","Yield TTM (%)","FCF / Sales TTM (%)","ROE TTM (%)","Value Rank","Quality Rank","Risk Rating","Size Group"
"se","BOL","Boliden Ab","2.5541795666","13.2239093597","17.2827096422","76","90","Adventurous","Large Cap"
"no","TEL","Telenor Asa","6.2133241284","20.7694856291","29.3186110708","72","97","Conservative","Large Cap"
"se","KIND SDB","Kindred","2.7884076856","29.6083042738","66.9493921402","68","99","Speculative","Large Cap"
"se","HUSQ B","Husqvarna Ab","2.1089630931","16.5063406832","16.5294009988","62","93","Balanced","Large Cap"
"dk","LUN","H Lundbeck A/s","1.2916559029","18.7733732236","12.2572162792","56","83","Adventurous","Large Cap"
"se","HPOL B","Hexpol Ab","2.2030651341","15.3910913822","14.5409851565","46","80","Adventurous","Large Cap"
"se","SAND","Sandvik Ab","3.0064754857","14.506238606","14.7620125768","44","91","Balanced","Large Cap"
"fi","ORNBV","Orion Oyj","4.095004095","22.2982472584","28.8277268094","43","92","Balanced","Large Cap"
"fi","ELISA","Elisa Oyj","3.8922155689","17.7096436059","26.8192108668","42","87","Balanced","Large Cap"
"se","GETI B","Getinge Ab","0.9118541033","23.4384910699","16.0526198836","40","96","Adventurous","Large Cap"
"se","THULE","Thule Ab","4.1092258749","17.3857573649","25.490013934","39","98","Balanced","Large Cap"
"se","ALFA","Alfa Laval Ab","1.8169805088","16.1517805606","12.9075665045","35","89","Balanced","Large Cap"
"fi","KNEBV","Kone Oyj","3.2514450867","15.7469677253","40.9998954084","34","95","Conservative","Large Cap"
"se","SWEC B","Sweco Ab (publ)","1.4285714286","13.6995558988","15.7597307766","28","95","Balanced","Large Cap"
"dk","PNDORA","Pandora A/s","0.5747126437","26.4156797849","44.7632215693","26","95","Speculative","Large Cap"
"dk","RBREW","Royal Unibrew A/s","1.6766020864","18.5695339094","37.5368585514","25","83","Balanced","Large Cap"
"dk","NOVO B","Novo Nordisk A/s","1.7808219178","24.6991133005","75.9360467691","23","90","Conservative","Large Cap"
"dk","GMAB","Genmab A/s","0","47.6759259259","32.3833821355","22","82","Adventurous","Large Cap"
"se","EPI A","Epiroc Ab","1.300390117","20.5754872627","21.1214107182","20","80","Balanced","Large Cap"
