"Flag","Ticker","Name","Yield TTM (%)","FCF / Sales TTM (%)","ROE TTM (%)","Value Rank","Quality Rank","Risk Rating","Size Group"
"se","BONAV B","Bonava Ab (publ)","4.4090630741","15.1445821417","10.4705724628","93","81","Adventurous","Mid Cap"
"no","ABG","Abg Sundal Collier Holding Asa","8.7830687831","46.0495698283","94.7353540499","88","97","Balanced","Mid Cap"
"se","CLAS B","Clas Ohlson Ab","6.7494600432","10.8909214092","19.7257358454","84","92","Adventurous","Mid Cap"
"dk","STG","Scandinavian Tobacco A/s","4.9130763416","16.5496869011","12.9958968382","84","94","Balanced","Mid Cap"
"no","VEI","Veidekke Asa","5.1523297491","11.7087189222","30.4447501146","83","99","Balanced","Mid Cap"
"se","MEKO","Mekonomen Ab","0","11.1008867325","12.9144472225","81","93","Adventurous","Mid Cap"
"no","EPR","Europris Asa","4.5531197302","17.0723426456","46.4136047801","79","98","Adventurous","Mid Cap"
"se","ELAN B","Elanders Ab","1.9620253165","12.022817025","13.9090128755","78","92","Adventurous","Mid Cap"
"no","OLT","Olav Thon Eiendomsselskap Asa","2.6205450734","35.0746268657","13.1832206876","78","80","Balanced","Mid Cap"
"se","NOBI","Nobia Ab","3.3528918692","10.1697416974","14.6172248804","77","91","Adventurous","Mid Cap"
"dk","UIE","United International Enterprises","2.3051235465","16.1686752533","24.4913197685","77","89","Conservative","Mid Cap"
"se","BETS B","Betsson Ab","0","15.6537977083","18.7214828722","73","92","Adventurous","Mid Cap"
"se","NEWA B","New Wave Ab","0","21.8723837352","14.6726862302","73","91","Adventurous","Mid Cap"
"se","INWI","Inwido Ab (publ)","2.9032258065","11.2652081706","15.8124761471","71","96","Adventurous","Mid Cap"
"no","AUSS","Austevoll Seafood Asa","3.1760435572","10.8008669583","10.0305853441","70","89","Balanced","Mid Cap"
"no","KID","Kid Asa","3.6363636364","19.4705834486","33.0194575189","70","95","Adventurous","Mid Cap"
"dk","HH","H+h International A/s","0","11.5466101695","18.97418706","68","82","Adventurous","Mid Cap"
"fi","FSKRS","Fiskars Oyj Abp","1.5495867769","16.4886908265","12.0355626327","66","90","Balanced","Mid Cap"
"se","NWG","Nordic Waterproofing Holding Ab","4.7505938242","10.7027089604","21.5120511936","65","81","Speculative","Mid Cap"
"fi","TOKMAN","Tokmanni","3.9134438306","11.0128305431","41.1630321911","65","96","Balanced","Mid Cap"
"fi","UPONOR","Uponor Oyj","1.3016157989","16.4951768489","31.2371436967","59","95","Adventurous","Mid Cap"
"se","CTM","Catena Media","0","24.2963748318","14.4308146348","59","92","Highly Speculative","Mid Cap"
"fi","ROVIO","Rovio Entertainment Oyj","1.9623875715","13.7377751172","14.6558655866","59","98","Adventurous","Mid Cap"
"no","MULTI","Multiconsult Asa","4.1884816754","10.9494108929","33.7201707697","58","84","Adventurous","Mid Cap"
"fi","PON1V","Ponsse Oyj","1.4475271411","12.6441259617","21.8451950904","46","99","Balanced","Mid Cap"
"fi","ETTE","Etteplan Oyj","1.9263456091","10.8292993258","23.0148726998","45","92","Adventurous","Mid Cap"
"no","BOUV","Bouvet Asa","3.5947712418","10.866215741","69.2224080149","40","95","Balanced","Mid Cap"
"fi","ALMA","Alma Media Oyj","2.7881040892","22.1091205212","19.0692395006","40","87","Balanced","Mid Cap"
"fi","OLVAS","Olvi Oyj","1.0869565217","16.7144501462","16.3548214293","40","92","Balanced","Mid Cap"
"se","COIC","Concentric Ab","1.993166287","18.7694220012","23.5634559735","37","86","Adventurous","Mid Cap"
"se","NMAN","Nederman Holding Ab","0.5698005698","11.1446533913","15.9613826151","37","82","Adventurous","Mid Cap"
"se","BEIA B","Beijer Alma Ab","1.4084507042","10.4973479708","21.5136303257","35","87","Balanced","Mid Cap"
"se","MYCR","Mycronic Ab (publ)","1.2765957447","31.8387681159","29.6079578701","35","98","Adventurous","Mid Cap"
"se","SECT B","Sectra Ab","0","12.9342647017","37.263808966","32","95","Adventurous","Mid Cap"
"fi","MEKKO","Marimekko Oyj","1.4245014245","25.368346614","41.9849251506","31","95","Speculative","Mid Cap"
"no","BRG","Borregaard Asa","1.1627906977","13.6758321274","17.9973533304","25","88","Adventurous","Mid Cap"
"fi","EQV1V","Eq Oyj","2.6168224299","52.3415349984","58.6617229381","25","95","Balanced","Mid Cap"
"se","XANO B","Xano Industri Ab","0.8196721311","11.3001936184","26.4888571429","24","90","Adventurous","Mid Cap"
"fi","VAIAS","Vaisala Oyj","1.5061728395","10.7355864811","20.0784313725","24","96","Balanced","Mid Cap"
"se","FOI B","Fenix Outdoor International Ag","0.9845716075","13.757846285","12.2153202927","24","87","Balanced","Mid Cap"
"fi","FSC1V","F-secure Oyj","0.8456659619","15.210329066","17.5455116133","21","98","Adventurous","Mid Cap"
