"Flag","Ticker","Name","Yield TTM (%)","FCF / Sales TTM (%)","ROE TTM (%)","Value Rank","Quality Rank","Risk Rating","Size Group"
"se","CLEM","Clemondo Ab (publ)","0","11.7279553918","44.1492170836","93","83","Speculative","Micro Cap"
"se","CAM B","Consensus Asset Management Ab (publ)","12.7819548872","38.3946938805","85.2665588324","89","96","Highly Speculative","Micro Cap"
"dk","STRINV","Strategic Investments A/s","1.7699115044","54.943810225","39.0947667137","83","81","Conservative","Micro Cap"
"fi","TRH1V","Trainers' House Oyj","3.7593984962","12.9039168567","26.7707393266","77","90","Speculative","Micro Cap"
"se","BOSJO","Bosjo Fastigheter Ab (publ)","2.5463768116","26.4916957146","12.7965868029","68","85","Balanced","Micro Cap"
"se","LINKAB","Link Prop Investment Ab (publ)","5.1282051282","58.6880519448","11.5559996287","65","83","Balanced","Micro Cap"
"dk","KLEE B","Brd Klee A/s","2.1285","13.8813787533","11.9553542475","64","99","Adventurous","Micro Cap"
"se","EURO","Eurocon Consulting Ab (publ)","2.9498525074","11.0724405799","16.0812163878","64","99","Adventurous","Micro Cap"
"se","FIRE","Firefly Ab","2.4647887324","12.1037926606","29.9783947442","46","97","Balanced","Micro Cap"
