"Flag","Ticker","Name","Yield TTM (%)","FCF / Sales TTM (%)","ROE TTM (%)","Value Rank","Quality Rank","Risk Rating","Size Group"
"se","SSAB A","Ssab Ab","0","11.7347236997","15.3469007202","97","81","Adventurous","Large Cap"
"se","BOL","Boliden Ab","2.7236711786","11.7583892617","18.4583035269","79","94","Adventurous","Large Cap"
"se","TREL B","Trelleborg Ab","2.5490695896","16.1461041941","11.6779368333","70","92","Balanced","Large Cap"
"se","HM B","H & M Hennes & Mauritz Ab","4.0367656192","22.4125976487","15.1439907846","60","94","Adventurous","Large Cap"
"fi","VALMT","Valmet Oyj","2.5641025641","10.4022546759","26.5470852018","58","90","Adventurous","Large Cap"
"se","ERIC B","Telefonaktiebolaget Lm Ericsson","1.0638297872","14.2614888191","22.3587728209","57","89","Balanced","Large Cap"
"dk","LUN","H Lundbeck A/s","1.3974287311","14.0180307584","10.8195184816","52","81","Balanced","Large Cap"
"se","HUSQ B","Husqvarna Ab","1.3098649202","10.3324763223","17.4567490959","49","93","Balanced","Large Cap"
"no","KOG","Kongsberg Gruppen Asa","2.9873039582","10.4425525387","14.3370517332","49","87","Balanced","Large Cap"
"fi","TYRES","Nokian Tyres","1.8518518519","20.9820548215","13.6916102753","47","95","Adventurous","Large Cap"
"se","SAND","Sandvik Ab","2.9885057471","12.2541538128","19.287529213","45","86","Balanced","Large Cap"
"fi","KNEBV","Kone Oyj","3.81614654","14.3078083013","38.8273244782","39","94","Conservative","Large Cap"
"fi","ELISA","Elisa Oyj","3.7370640092","17.7760775312","30.8180663885","39","84","Balanced","Large Cap"
"fi","ORNBV","Orion Oyj","4.0074806305","11.2560054907","24.7855860648","34","82","Balanced","Large Cap"
"se","GETI B","Getinge Ab","0.7806401249","23.6013046127","14.5956607495","31","91","Adventurous","Large Cap"
"dk","PNDORA","Pandora A/s","0.5564210995","25.9298667654","55.2378151878","30","99","Adventurous","Large Cap"
"se","THULE","Thule Ab","2.3241713824","13.6533911672","32.7567370721","28","95","Balanced","Large Cap"
"no","MOWI","Mowi Asa","0.8009216706","10.0868386708","17.438418529","27","88","Balanced","Large Cap"
"dk","RBREW","Royal Unibrew A/s","1.6908817635","19.6555217832","40.0187441425","26","88","Balanced","Large Cap"
"dk","DEMANT","Demant A/s","0","16.8419238062","28.6240463036","25","97","Adventurous","Large Cap"
"se","ARJO B","Arjo Ab (publ)","0.7264957265","23.2712168837","11.2949518825","25","86","Balanced","Large Cap"
"dk","GN","Gn Store Nord A/s","0.371318822","12.4116860798","39.4062078273","24","83","Adventurous","Large Cap"
"dk","CHR","Chr Hansen Holding A/s","2.555331826","14.3772043809","15.7754753682","23","80","Balanced","Large Cap"
