"Flag","Ticker","Name","Yield TTM (%)","FCF / Sales TTM (%)","ROE TTM (%)","Value Rank","Quality Rank","Risk Rating","Size Group"
"se","BONAV B","Bonava Ab (publ)","4.2477876106","15.1445821417","10.4705724628","91","81","Adventurous","Mid Cap"
"no","ABG","Abg Sundal Collier Holding Asa","8.8486140725","43.7446893304","90.8728467815","89","97","Speculative","Mid Cap"
"se","BETS B","Betsson Ab","0","17.3100114367","21.9280416542","89","96","Adventurous","Mid Cap"
"se","CLAS B","Clas Ohlson Ab","6.7640692641","10.8909214092","19.7257358454","84","92","Adventurous","Mid Cap"
"no","VEI","Veidekke Asa","4.8319327731","11.7087189222","30.4447501146","80","99","Balanced","Mid Cap"
"dk","STG","Scandinavian Tobacco A/s","4.4951590595","16.5496869011","12.9958968382","79","93","Balanced","Mid Cap"
"se","ELAN B","Elanders Ab","2.0945945946","10.5881412108","12.0434782609","79","96","Adventurous","Mid Cap"
"no","OLT","Olav Thon Eiendomsselskap Asa","2.6624068158","35.0746268657","13.1832206876","78","80","Balanced","Mid Cap"
"se","MEKO","Mekonomen Ab","0","11.1008867325","12.9144472225","77","93","Adventurous","Mid Cap"
"dk","UIE","United International Enterprises","2.3241690751","16.1686752533","24.4913197685","77","89","Conservative","Mid Cap"
"no","EPR","Europris Asa","4.2823156225","17.0723426456","46.4136047801","76","98","Speculative","Mid Cap"
"no","KID","Kid Asa","3.8062283737","19.4705834486","33.0194575189","72","95","Adventurous","Mid Cap"
"se","KIND SDB","Kindred","1.6924817212","26.7092604832","74.9400933283","70","99","Speculative","Mid Cap"
"se","NEWA B","New Wave Ab","0","21.8723837352","14.6726862302","69","91","Adventurous","Mid Cap"
"fi","TOKMAN","Tokmanni","4.3191056911","11.0128305431","41.1630321911","69","96","Balanced","Mid Cap"
"no","AUSS","Austevoll Seafood Asa","3.0621172353","10.8008669583","10.0305853441","68","89","Balanced","Mid Cap"
"fi","UPONOR","Uponor Oyj","1.3783269962","16.4951768489","31.2371436967","62","94","Adventurous","Mid Cap"
"fi","FSKRS","Fiskars Oyj Abp","1.4117647059","16.4886908265","12.0355626327","61","90","Balanced","Mid Cap"
"dk","HH","H+h International A/s","0","11.5466101695","18.97418706","60","82","Adventurous","Mid Cap"
"no","MULTI","Multiconsult Asa","4.3956043956","10.9494108929","33.7201707697","60","84","Highly Speculative","Mid Cap"
"se","CTM","Catena Media","0","24.2963748318","14.4308146348","60","92","Highly Speculative","Mid Cap"
"se","NWG","Nordic Waterproofing Holding Ab","3.9215686275","10.7027089604","21.5120511936","53","80","Speculative","Mid Cap"
"fi","ROVIO","Rovio Entertainment Oyj","1.6913319239","13.7377751172","14.6558655866","49","98","Adventurous","Mid Cap"
"fi","ALMA","Alma Media Oyj","2.6785714286","24.4024672321","20.2223398624","43","97","Balanced","Mid Cap"
"fi","PON1V","Ponsse Oyj","1.3422818792","11.4124825701","21.8295689304","43","99","Balanced","Mid Cap"
"fi","OLVAS","Olvi Oyj","1.051625239","16.7144501462","16.3548214293","38","92","Balanced","Mid Cap"
"se","NMAN","Nederman Holding Ab","0.5291005291","11.5575396825","18.8068549624","38","82","Adventurous","Mid Cap"
"no","BOUV","Bouvet Asa","3.2305433186","10.866215741","69.2224080149","36","95","Speculative","Mid Cap"
"se","MYCR","Mycronic Ab (publ)","1.5060240964","20.9967697277","23.6827033219","34","95","Adventurous","Mid Cap"
"fi","PUUILO","Puuilo Oyj","0","13.4502669739","112.7029033488","34","87","Speculative","Mid Cap"
"se","FOI B","Fenix Outdoor International Ag","1.1744888733","13.757846285","12.2153202927","30","87","Balanced","Mid Cap"
"no","BRG","Borregaard Asa","1.210653753","15.1132174829","19.9299229152","29","88","Speculative","Mid Cap"
"fi","EQV1V","Eq Oyj","2.6923076923","52.3415349984","58.6617229381","25","94","Balanced","Mid Cap"
"fi","MEKKO","Marimekko Oyj","1.2121212121","25.368346614","41.9849251506","25","95","Speculative","Mid Cap"
"se","COIC","Concentric Ab","1.3861386139","18.7694220012","23.5634559735","23","86","Adventurous","Mid Cap"
"fi","VAIAS","Vaisala Oyj","1.3260869565","10.7355864811","20.0784313725","20","96","Balanced","Mid Cap"
"fi","FSC1V","F-secure Oyj","0.8205128205","12.7861085794","17.1571512655","20","98","Balanced","Mid Cap"
"se","XANO B","Xano Industri Ab","0.7204610951","11.3001936184","26.4888571429","20","90","Adventurous","Mid Cap"
