"Flag","Ticker","Name","Yield TTM (%)","FCF / Sales TTM (%)","ROE TTM (%)","Value Rank","Quality Rank","Risk Rating","Size Group"
"se","BONAV B","Bonava Ab (publ)","3.9173014146","15.1445821417","10.4705724628","91","81","Adventurous","Mid Cap"
"no","ABG","Abg Sundal Collier Holding Asa","8.7460484721","46.0495698283","94.7353540499","89","97","Balanced","Mid Cap"
"dk","STG","Scandinavian Tobacco A/s","5.0231839258","16.5496869011","12.9958968382","85","94","Balanced","Mid Cap"
"no","VEI","Veidekke Asa","5.2655677656","11.7087189222","30.4447501146","85","99","Balanced","Mid Cap"
"se","CLAS B","Clas Ohlson Ab","6.390593047","12.789097581","21.3516458455","84","92","Adventurous","Mid Cap"
"se","MEKO","Mekonomen Ab","0","11.1008867325","12.9144472225","82","94","Adventurous","Mid Cap"
"no","EPR","Europris Asa","4.451772465","17.0723426456","46.4136047801","80","98","Adventurous","Mid Cap"
"no","KID","Kid Asa","8.3197389886","24.468630171","31.1367061863","79","98","Adventurous","Mid Cap"
"se","ELAN B","Elanders Ab","1.8925518926","12.022817025","13.9090128755","79","92","Adventurous","Mid Cap"
"no","OLT","Olav Thon Eiendomsselskap Asa","2.5406504065","35.0746268657","13.1832206876","78","81","Balanced","Mid Cap"
"dk","UIE","United International Enterprises","2.3174264706","16.1686752533","24.4913197685","78","89","Conservative","Mid Cap"
"se","BETS B","Betsson Ab","0","15.6537977083","18.7214828722","76","92","Adventurous","Mid Cap"
"se","NEWA B","New Wave Ab","0","21.8723837352","14.6726862302","74","91","Adventurous","Mid Cap"
"se","NOBI","Nobia Ab","2.8735632184","10.1697416974","14.6172248804","71","91","Adventurous","Mid Cap"
"no","AUSS","Austevoll Seafood Asa","3.0594405594","10.8008669583","10.0305853441","69","89","Balanced","Mid Cap"
"se","INWI","Inwido Ab (publ)","2.6737967914","11.2652081706","15.8124761471","68","96","Adventurous","Mid Cap"
"dk","HH","H+h International A/s","0","11.5466101695","18.97418706","66","82","Adventurous","Mid Cap"
"no","MULTI","Multiconsult Asa","4.2780748663","18.5531075106","30.6250879919","65","92","Adventurous","Mid Cap"
"se","NWG","Nordic Waterproofing Holding Ab","4.5766590389","10.7027089604","21.5120511936","64","81","Speculative","Mid Cap"
"fi","FSKRS","Fiskars Oyj Abp","1.4218009479","16.4886908265","12.0355626327","63","90","Balanced","Mid Cap"
"fi","TOKMAN","Tokmanni","3.5299003322","11.0128305431","41.1630321911","60","96","Balanced","Mid Cap"
"fi","ROVIO","Rovio Entertainment Oyj","1.8475750577","13.7377751172","14.6558655866","57","98","Adventurous","Mid Cap"
"fi","UPONOR","Uponor Oyj","1.0756676558","16.4951768489","31.2371436967","51","95","Adventurous","Mid Cap"
"fi","ETTE","Etteplan Oyj","2.0359281437","10.8292993258","23.0148726998","50","92","Adventurous","Mid Cap"
"fi","PON1V","Ponsse Oyj","1.4218009479","12.6441259617","21.8451950904","47","99","Balanced","Mid Cap"
"no","BOUV","Bouvet Asa","3.6974789916","16.2923340274","55.8347574789","47","98","Balanced","Mid Cap"
"fi","OLVAS","Olvi Oyj","1.067961165","16.7144501462","16.3548214293","40","93","Balanced","Mid Cap"
"fi","ALMA","Alma Media Oyj","2.5553662692","22.1091205212","19.0692395006","38","87","Balanced","Mid Cap"
"se","COIC","Concentric Ab","1.8857758621","18.7694220012","23.5634559735","36","86","Adventurous","Mid Cap"
"se","BEIA B","Beijer Alma Ab","1.4018691589","10.4973479708","21.5136303257","36","87","Balanced","Mid Cap"
"se","NMAN","Nederman Holding Ab","0.5235602094","11.1446533913","15.9613826151","35","82","Adventurous","Mid Cap"
"se","OEM B","Oem International Ab","1.5854908377","11.0080484046","32.7789563004","34","99","Adventurous","Mid Cap"
"se","BAHN B","Bahnhof Ab (publ)","1.9108280255","11.6764810088","41.5228603873","33","99","Balanced","Mid Cap"
"se","MYCR","Mycronic Ab (publ)","1.1829652997","31.8387681159","29.6079578701","33","98","Adventurous","Mid Cap"
"fi","MEKKO","Marimekko Oyj","1.3736263736","25.368346614","41.9849251506","30","95","Speculative","Mid Cap"
"se","FOI B","Fenix Outdoor International Ag","1.1297975821","13.757846285","12.2153202927","29","87","Balanced","Mid Cap"
"fi","VAIAS","Vaisala Oyj","1.5762273902","10.7355864811","20.0784313725","26","96","Balanced","Mid Cap"
"fi","FSC1V","F-secure Oyj","0.9411764706","15.210329066","17.5455116133","25","98","Adventurous","Mid Cap"
"no","BRG","Borregaard Asa","1.1135857461","13.6758321274","17.9973533304","24","88","Adventurous","Mid Cap"
"fi","EQV1V","Eq Oyj","2.5408348457","52.3415349984","58.6617229381","24","95","Balanced","Mid Cap"
"se","XANO B","Xano Industri Ab","0.7163323782","11.3001936184","26.4888571429","21","90","Adventurous","Mid Cap"
