"Flag","Ticker","Name","Yield TTM (%)","FCF / Sales TTM (%)","ROE TTM (%)","Value Rank","Quality Rank","Risk Rating","Size Group"
"no","B2H","B2holding Asa","0","107.5178626903","11.4003779131","95","80","Speculative","Small Cap"
"fi","ILK2S","Ilkka Yhtyma Oyj","2.1186440678","30.6508236565","13.9028348469","86","86","Balanced","Small Cap"
"se","NIL B","Nilorngruppen Ab","2.8985507246","13.4880635616","31.3775921043","74","98","Adventurous","Small Cap"
"se","CTM","Catena Media","0","24.2963748318","14.4308146348","74","92","Highly Speculative","Small Cap"
"se","BOAT","Nimbus Ab (publ)","0","19.218823129","36.4921451019","73","83","Speculative","Small Cap"
"se","TRANS","Transtema Ab","0","15.6187295058","41.415480568","72","91","Speculative","Small Cap"
"se","ANGL","Angler Gaming","7.3992651428","18.8041499079","93.7153535575","69","92","Speculative","Small Cap"
"se","SOF B","Softronic Ab","11.7647058824","14.8372072493","24.6753445636","65","91","Adventurous","Small Cap"
"se","BORG","Bjorn Borg Ab","0","10.6740641725","22.7631090035","65","95","Adventurous","Small Cap"
"fi","RAP1V","Rapala Vmc","0","15.5365371955","15.5137676293","65","89","Adventurous","Small Cap"
"se","SEMC","Semcon Ab","2.3771790808","10.4696979173","17.658674189","61","99","Balanced","Small Cap"
"no","NKR","Nekkar Asa","0","33.878770513","34.2313064231","59","93","Speculative","Small Cap"
"se","KOBR B","Kopparbergs Bryggeri Ab","4.0370813397","16.9979946918","15.1682803135","56","87","Balanced","Small Cap"
"se","NTEK B","Novotek Ab","3.4194528875","11.5772813728","27.8233979136","56","90","Adventurous","Small Cap"
"se","QAIR","Qleanair Ab","1.9817073171","18.3245904434","44.7011688355","53","80","Speculative","Small Cap"
"fi","TITAN","Titanium Oyj","5.1428571429","47.2711488253","33.7561285075","51","96","Balanced","Small Cap"
"fi","UNITED","United Bankers","3.6690647482","22.5488480607","16.4459452329","51","80","Speculative","Small Cap"
"se","PRCO B","Precio Fishbone Ab","4.3154761905","15.6097494393","17.420581461","49","89","Balanced","Small Cap"
"se","FMM B","Fm Mattsson Mora Ab","1.8987341772","10.5619727299","15.2567741935","41","94","Adventurous","Small Cap"
"se","G5EN","G5 Entertainment Ab (publ)","1.4521375465","14.9981334581","45.0368536571","38","97","Speculative","Small Cap"
"se","MSAB B","Micro Systemation Ab (publ)","4.0241448692","18.4108192042","26.6300963677","36","98","Speculative","Small Cap"
"se","BALCO","Balco Ab","0","10.2665240293","11.9035186306","36","85","Balanced","Small Cap"
"se","BRE2","Bredband2 I Skandinavien Ab","1.9841269841","10.9321850078","22.1353406413","36","85","Balanced","Small Cap"
"se","NEPA","Nepa Ab","0","19.4439647855","32.7861222416","35","93","Speculative","Small Cap"
"se","RUG","Rugvista Ab (publ)","0","32.3112845575","25.6544525814","35","90","Speculative","Small Cap"
