"Flag","Ticker","Name","Yield TTM (%)","FCF / Sales TTM (%)","ROE TTM (%)","Value Rank","Quality Rank","Risk Rating","Size Group"
"no","ABG","Abg Sundal Collier Holding Asa","9.1915836102","43.7446893304","90.8728467815","89","97","Speculative","Small Cap"
"no","WILS","Wilson Asa","5.490177152","14.5574777485","26.8445798836","86","89","Speculative","Small Cap"
"se","ANGL","Angler Gaming","12.8497123655","24.2999536282","77.7618784562","84","98","Speculative","Small Cap"
"fi","ILK2S","Ilkka Yhtyma Oyj","2.1459227468","30.6508236565","13.9028348469","84","86","Conservative","Small Cap"
"fi","TLT1V","Teleste Oyj","2.34375","10.1940973882","11.4945557407","82","84","Balanced","Small Cap"
"fi","TAALA","Taaleri","3.5874439462","166.1109336975","13.4391549916","76","82","Balanced","Small Cap"
"se","KABE B","Kabe Ab","1.0948905109","14.6245059289","13.9958592133","69","94","Balanced","Small Cap"
"fi","RAP1V","Rapala Vmc","0","15.5365371955","15.5137676293","68","89","Adventurous","Small Cap"
"se","NIL B","Nilorngruppen Ab","2.5157232704","10.9358821515","31.7570877846","66","99","Adventurous","Small Cap"
"no","NKR","Nekkar Asa","0","13.4385313996","52.2842048612","64","92","Speculative","Small Cap"
"se","SEMC","Semcon Ab","2.5041736227","10.8053568153","18.2786536003","62","98","Balanced","Small Cap"
"se","SOF B","Softronic Ab","10.4529616725","14.0214393269","24.3211521152","58","91","Adventurous","Small Cap"
"se","TRANS","Transtema Ab","0","15.9125397702","46.1172808568","57","86","Speculative","Small Cap"
"fi","SITOWS","Sitowise Oyj","0","10.0288996632","15.6260674157","56","85","Speculative","Small Cap"
"se","BORG","Bjorn Borg Ab","0","12.356733942","24.9538346692","56","91","Adventurous","Small Cap"
"se","QAIR","Qleanair Ab","2.0123839009","16.8201560318","45.55572161","52","80","Speculative","Small Cap"
"fi","TITAN","Titanium Oyj","5.472972973","45.9768894586","42.3132277831","50","96","Balanced","Small Cap"
"se","ASPIRE","Aspire Global","0","11.2082592373","38.6232198366","48","93","Speculative","Small Cap"
"se","NTEK B","Novotek Ab","3.0821917808","11.5772813728","27.8233979136","47","89","Adventurous","Small Cap"
"se","FMM B","Fm Mattsson Mora Ab","1.7647058824","12.580562462","28.3829913767","46","99","Adventurous","Small Cap"
"se","RUG","Rugvista Ab (publ)","0","19.5539050399","33.4522861031","44","89","Speculative","Small Cap"
"se","ZZ B","Zinzino Ab","2.2935779817","10.3622351258","87.565903368","44","99","Speculative","Small Cap"
"se","MSAB B","Micro Systemation Ab (publ)","5.3050397878","16.0009888174","17.3379073756","42","98","Speculative","Small Cap"
"se","G5EN","G5 Entertainment Ab (publ)","1.6133195663","14.1472145012","44.6879275841","39","99","Speculative","Small Cap"
"se","NEPA","Nepa Ab","0","11.0354816354","42.4703262151","36","93","Speculative","Small Cap"
"se","BAHN B","Bahnhof Ab (publ)","1.9035532995","10.2503429009","38.8578875219","31","99","Balanced","Small Cap"
"se","BALCO","Balco Ab","0","10.2665240293","11.9035186306","29","85","Adventurous","Small Cap"
"se","ALCA","Alcadon Ab","0","10.6556034207","15.259978425","23","81","Adventurous","Small Cap"
"se","SINT","Sintercast Ab","1.4409221902","28.2746160795","28.1873727088","21","96","Adventurous","Small Cap"
"se","FPIP","Formpipe Software Ab","1.5865384615","11.1741878111","12.5187695008","21","97","Adventurous","Small Cap"
