"Flag","Ticker","Name","Yield TTM (%)","FCF / Sales TTM (%)","ROE TTM (%)","Value Rank","Quality Rank","Risk Rating","Size Group"
"no","BWLPG","Bw Lpg","11.703342282","43.3709811342","20.0794356912","97","87","Speculative","Mid Cap"
"se","BMAX","Byggmax Ab","3.7826685007","15.614334471","31.2352941176","91","84","Adventurous","Mid Cap"
"se","CLAS B","Clas Ohlson Ab","0","15.0227074965","21.887995219","86","92","Adventurous","Mid Cap"
"no","EPR","Europris Asa","4.7872340426","20.5922111914","38.3456146018","83","97","Speculative","Mid Cap"
"no","KID","Kid Asa","8.9630931459","22.8342935988","30.5039954805","83","97","Adventurous","Mid Cap"
"no","VEI","Veidekke Asa","4.4992175274","11.916622968","25.2890824448","80","99","Balanced","Mid Cap"
"dk","HH","H+h International A/s","0","11.2660135644","17.3881673882","80","91","Adventurous","Mid Cap"
"se","BETS B","Betsson Ab","0","15.9430950294","20.2068811206","79","88","Adventurous","Mid Cap"
"se","NWG","Nordic Waterproofing Holding Ab","5.4525627045","12.3289330265","19.3624828008","75","92","Speculative","Mid Cap"
"se","INWI","Inwido Ab (publ)","3.0120481928","15.3886452424","12.624517691","74","97","Adventurous","Mid Cap"
"no","FKRFT","Fjordkraft Holding Asa","5.5248618785","10.772726205","27.1481031723","74","82","Balanced","Mid Cap"
"dk","UIE","United International Enterprises","2.2403790087","19.3218058601","17.4322554418","73","92","Conservative","Mid Cap"
"no","MULTI","Multiconsult Asa","4.6376811594","17.5504024107","36.7828561476","72","94","Speculative","Mid Cap"
"se","ELAN B","Elanders Ab","1.7613636364","14.7745269274","10.1378908526","71","97","Adventurous","Mid Cap"
"fi","ROVIO","Rovio Entertainment Oyj","1.8306636156","21.927482528","19.2721066193","66","97","Adventurous","Mid Cap"
"fi","TOKMAN","Tokmanni","3.8392050587","12.8773760716","35.4261461876","66","94","Balanced","Mid Cap"
"fi","ALTIA","Altia Oyj","1.8485915493","14.0526617058","14.2225246683","65","84","Conservative","Mid Cap"
"fi","UPONOR","Uponor Oyj","2.398989899","15.5985915493","26.5110712148","61","96","Adventurous","Mid Cap"
"se","AQ","Aq Ab","0","11.0019744513","15.4466679826","61","98","Adventurous","Mid Cap"
"se","LEO","Leovegas Ab (publ)","3.1789549029","15.0592055004","19.8862385124","59","95","Speculative","Mid Cap"
"se","KNOW","Knowit Ab (publ)","2.3569023569","12.7385931902","18.1271315872","54","92","Adventurous","Mid Cap"
"se","BRAV","Bravida Holding Ab","1.9546520719","10.0345202629","17.5144205558","51","94","Adventurous","Mid Cap"
"se","XANO B","Xano Industri Ab","1.5337423313","17.9544439482","21.0710239383","47","97","Adventurous","Mid Cap"
"fi","PON1V","Ponsse Oyj","1.3683010262","12.5599347068","17.822252552","41","98","Balanced","Mid Cap"
"se","BEIA B","Beijer Alma Ab","1.7341040462","14.0881645027","16.0883069645","41","84","Balanced","Mid Cap"
"no","BOUV","Bouvet Asa","3.2210834553","17.6210861322","65.253503364","41","94","Balanced","Mid Cap"
"se","PRIC B","Pricer Ab","2.6666666667","11.5329900886","15.6481198467","41","95","Adventurous","Mid Cap"
"se","BUFAB","Bufab Ab (publ)","1.1044176707","10.8347039474","16.7634435749","38","81","Adventurous","Mid Cap"
"se","OEM B","Oem International Ab","1.9280205656","14.0032898745","26.0894589706","37","96","Adventurous","Mid Cap"
"fi","ALMA","Alma Media Oyj","2.8625954198","18.2781456954","17.293474767","37","93","Balanced","Mid Cap"
"fi","MEKKO","Marimekko Oyj","1.9841269841","20.42680953","30.0198460297","37","87","Speculative","Mid Cap"
"fi","TIK1V","Tikkurila Oyj","0","15.393814844","24.3867505279","36","99","Speculative","Mid Cap"
"se","MTRS","Munters Ab","0.7954545455","11.4164305949","13.225","36","89","Adventurous","Mid Cap"
"se","MYCR","Mycronic Ab (publ)","1.2155591572","24.5831455611","30.6092560047","33","99","Adventurous","Mid Cap"
"fi","EQV1V","Eq Oyj","3.5934291581","47.050188732","37.1018076013","31","96","Balanced","Mid Cap"
"se","BAHN B","Bahnhof Ab (publ)","1.6853932584","11.1660920375","36.1408544868","27","99","Balanced","Mid Cap"
"fi","FSC1V","F-secure Oyj","0.9925558313","17.5024068591","16.2472868608","27","96","Adventurous","Mid Cap"
"se","G5EN","G5 Entertainment Ab (publ)","1.1859582543","10.3307552535","40.9258955682","26","99","Speculative","Mid Cap"
"se","ANOD B","Addnode Ab (publ)","0.8665511265","12.4244812188","11.1567419576","24","94","Balanced","Mid Cap"
