"Flag","Ticker","Name","Yield TTM (%)","FCF / Sales TTM (%)","ROE TTM (%)","Value Rank","Quality Rank","Risk Rating","Size Group"
"no","BWLPG","Bw Lpg","9.4039116633","41.49455898","19.0768421978","96","80","Speculative","Mid Cap"
"se","BMAX","Byggmax Ab","3.814147018","15.614334471","31.2352941176","91","83","Adventurous","Mid Cap"
"dk","STG","Scandinavian Tobacco A/s","4.9770290965","16.6074436562","11.3181003119","86","95","Balanced","Mid Cap"
"se","MEKO","Mekonomen Ab","0","13.6621412614","12.2191477587","85","89","Adventurous","Mid Cap"
"se","NEWA B","New Wave Ab","0","23.8149136737","11.7822539201","85","87","Adventurous","Mid Cap"
"se","CLAS B","Clas Ohlson Ab","0","15.0227074965","21.887995219","85","91","Adventurous","Mid Cap"
"no","EPR","Europris Asa","4.8387096774","18.9965499121","42.2516195876","84","99","Speculative","Mid Cap"
"no","VEI","Veidekke Asa","4.8482293423","10.9263595464","29.508687837","84","99","Balanced","Mid Cap"
"se","BETS B","Betsson Ab","0","15.6537977083","18.7214828722","81","93","Adventurous","Mid Cap"
"no","KID","Kid Asa","8.2125603865","24.468630171","31.1367061863","80","98","Adventurous","Mid Cap"
"se","INWI","Inwido Ab (publ)","3.036437247","13.6469390723","14.3471226062","76","97","Adventurous","Mid Cap"
"se","ELAN B","Elanders Ab","1.8278301887","12.9199703891","11.2901614783","75","80","Adventurous","Mid Cap"
"dk","UIE","United International Enterprises","2.1799568966","19.2620854788","26.0881368708","74","91","Conservative","Mid Cap"
"no","MULTI","Multiconsult Asa","4.4198895028","18.5531075106","30.6250879919","68","93","Speculative","Mid Cap"
"dk","HH","H+h International A/s","0","10.1466049383","15.8464223386","67","84","Adventurous","Mid Cap"
"se","LEO","Leovegas Ab (publ)","3.0468385974","15.0381768345","19.4751598778","66","94","Speculative","Mid Cap"
"se","AQ","Aq Ab","0","11.0019744513","15.4466679826","64","98","Adventurous","Mid Cap"
"fi","TOKMAN","Tokmanni","3.7085514834","12.8767286678","35.4130234155","63","93","Balanced","Mid Cap"
"fi","UPONOR","Uponor Oyj","2.4091293322","16.6381229663","30.7089084065","63","98","Adventurous","Mid Cap"
"fi","ROVIO","Rovio Entertainment Oyj","1.7366136035","21.927482528","19.2721066193","62","97","Adventurous","Mid Cap"
"se","KNOW","Knowit Ab (publ)","2.3728813559","12.875624823","15.7588819667","53","91","Adventurous","Mid Cap"
"fi","ETTE","Etteplan Oyj","2.0858895706","13.4794918886","21.3005548362","52","94","Adventurous","Mid Cap"
"fi","OLVAS","Olvi Oyj","2.1276595745","16.5333699057","16.6036004138","45","89","Balanced","Mid Cap"
"no","BOUV","Bouvet Asa","3.358778626","16.2923340274","55.8347574789","43","99","Balanced","Mid Cap"
"fi","PON1V","Ponsse Oyj","1.4051522248","12.5599347068","17.822252552","42","98","Balanced","Mid Cap"
"se","NOLA B","Nolato Ab","1.8604651163","10.4940134822","23.602484472","40","85","Adventurous","Mid Cap"
"se","BUFAB","Bufab Ab (publ)","1.1677282378","10.8347039474","16.7634435749","39","80","Adventurous","Mid Cap"
"fi","ALMA","Alma Media Oyj","3.0090270812","18.2781456954","17.293474767","38","93","Balanced","Mid Cap"
"fi","TIK1V","Tikkurila Oyj","0","15.2346838859","29.8781143676","37","98","Speculative","Mid Cap"
"se","BEIA B","Beijer Alma Ab","1.5166835187","14.3980408546","18.4144293941","36","82","Balanced","Mid Cap"
"se","MTRS","Munters Ab","0.8092485549","11.4164305949","13.225","36","89","Adventurous","Mid Cap"
"fi","MEKKO","Marimekko Oyj","1.6977928693","24.6856391678","40.5008654992","35","85","Speculative","Mid Cap"
"se","BAHN B","Bahnhof Ab (publ)","1.9108280255","13.2421576362","35.6495159935","33","99","Balanced","Mid Cap"
"se","COIC","Concentric Ab","1.9209659715","21.5155615697","16.9200779727","33","82","Adventurous","Mid Cap"
"fi","EQV1V","Eq Oyj","3.4825870647","49.4285578793","59.4364923278","31","96","Balanced","Mid Cap"
"se","MYCR","Mycronic Ab (publ)","1.1565150347","24.5831455611","30.6092560047","30","99","Adventurous","Mid Cap"
"se","FOI B","Fenix Outdoor International Ag","1.2061528683","13.315586336","11.3398769411","30","89","Balanced","Mid Cap"
"se","G5EN","G5 Entertainment Ab (publ)","1.1770244821","12.3437893285","41.2418748426","29","98","Speculative","Mid Cap"
"no","BRG","Borregaard Asa","1.3616557734","13.2093023256","14.6163215591","28","89","Speculative","Mid Cap"
"fi","FSC1V","F-secure Oyj","0.9557945042","15.6542893497","20.1607717042","26","96","Adventurous","Mid Cap"
"se","ANOD B","Addnode Ab (publ)","0.8077544426","12.4244812188","11.1567419576","21","94","Balanced","Mid Cap"
"se","LAGR B","Lagercrantz Ab","1.0770059235","16.9151796627","21.9270980503","20","92","Adventurous","Mid Cap"
"se","ALIF B","Addlife Ab","0.6880733945","16.0989204708","37.5265595206","20","99","Adventurous","Mid Cap"
"se","KAMBI","Kambi","0","26.0630619794","36.1437547651","20","92","Speculative","Mid Cap"
