Flag,Ticker,Name,Yield TTM (%),FCF / Sales TTM (%),ROE TTM (%),Value Rank,Quality Rank,Risk Rating,Size Group,
se,WTG,Wonderful Times Ab,4.458598726,16.59961329,17.77948779,92,84,Speculative,Micro Cap,#N/A
se,KAKEL,Kakel Max Ab (publ),0,14.45168005,16.43986194,90,91,Speculative,Micro Cap,KAKEL.ST
dk,RBLN B,Roblon A/s,0,10.27191545,22.43484072,89,91,Adventurous,Micro Cap,RBLN-B.CO
se,TRANS,Transtema Ab,0,11.1685078,22.39689987,78,80,Speculative,Micro Cap,TRANS.ST
se,CAG,Cag Ab,4.189944134,10.8757187,14.05476044,77,96,Adventurous,Micro Cap,CAG.ST
se,CLEM,Clemondo Ab (publ),0,17.88223304,66.87744259,77,80,Highly Speculative,Micro Cap,CLEM.ST
se,GENE,Genesis It Ab,2.710280374,25.16242662,14.62565583,76,99,Speculative,Micro Cap,#N/A
se,DEVP B,Devport Ab,0,13.19012675,11.95946964,75,89,Speculative,Micro Cap,DEVP-B.ST
se,SECS,Sensec Holding Ab (publ),0,17.3760641,10.41284037,74,86,Highly Speculative,Micro Cap,SECS-ST
se,NTEK B,Novotek Ab,0,14.15641451,22.72251737,63,99,Adventurous,Micro Cap,NTEK-B.ST
se,SKMO,Skane Mollan Ab,2.479338843,11.36937847,14.06513613,41,97,Adventurous,Micro Cap,SKMO.ST
se,PRCO B,Precio Fishbone Ab,0,14.09953366,18.10918826,40,88,Adventurous,Micro Cap,PRCO-B.ST
se,GENI,Generic Sweden Ab (publ),1.951219512,14.81198278,50.38923617,20,99,Speculative,Micro Cap,GENI.ST
