"Flag","Ticker","Name","Yield TTM (%)","FCF / Sales TTM (%)","ROE TTM (%)","Value Rank","Quality Rank","Risk Rating","Size Group"
"se","PEAB B","Peab Ab","0","10.6830181113","26.5177715738","86","90","Balanced","Large Cap"
"no","TEL","Telenor Asa","6.0020006669","20.2091017906","40.1848724092","75","88","Conservative","Large Cap"
"se","TEL2 B","Tele2 Ab","5.1993067591","22.8477818784","21.4133459648","71","87","Balanced","Large Cap"
"se","KIND SDB","Kindred","2.6269861253","25.6768713502","51.1375947996","57","99","Speculative","Large Cap"
"se","GETI B","Getinge Ab","1.2526096033","20.6378483517","15.6021194605","51","96","Adventurous","Large Cap"
"se","HPOL B","Hexpol Ab","2.4223275408","17.6996424315","14.9187357721","50","93","Adventurous","Large Cap"
"se","HUSQ B","Husqvarna Ab","1.9277108434","14.5101685621","14.5253348864","49","82","Balanced","Large Cap"
"se","ERIC B","Telefonaktiebolaget Lm Ericsson","1.7482517483","10.1652394681","20.6614549172","49","91","Balanced","Large Cap"
"fi","ORNBV","Orion Oyj","4.295532646","23.9680920137","29.1123320315","47","97","Balanced","Large Cap"
"se","ALFA","Alfa Laval Ab","2.0317694865","15.6530336645","12.5752105897","41","91","Balanced","Large Cap"
"fi","ELISA","Elisa Oyj","3.7270642202","18.5157816953","28.1267418428","40","88","Balanced","Large Cap"
"dk","PNDORA","Pandora A/s","0","28.7811036877","30.6694097167","39","87","Speculative","Large Cap"
"se","SAND","Sandvik Ab","2.7896995708","14.0606916346","13.8144573567","39","88","Balanced","Large Cap"
"se","THULE","Thule Ab","4.0682414698","18.4466019417","24.3347594699","36","99","Balanced","Large Cap"
"fi","KNEBV","Kone Oyj","3.301056338","14.7124817628","29.5922868486","34","92","Conservative","Large Cap"
"dk","RBREW","Royal Unibrew A/s","2.0429782082","19.2801376207","36.9396196468","32","91","Balanced","Large Cap"
"se","SWEC B","Sweco Ab (publ)","1.5525758645","14.522005945","17.5770355758","31","92","Balanced","Large Cap"
"no","SALM","Salmar Asa","0","24.5641752438","20.9876508514","30","87","Balanced","Large Cap"
"dk","NOVO B","Novo Nordisk A/s","2.1558872305","23.5296897894","69.6968193321","29","92","Balanced","Large Cap"
"dk","GMAB","Genmab A/s","0","60.5874789833","28.6894389339","29","95","Adventurous","Large Cap"
"fi","NESTE","Neste Oyj","1.6260162602","11.0203386946","12.02195019","26","90","Adventurous","Large Cap"
"se","EPI A","Epiroc Ab","1.3213530655","20.2895742207","23.2444999354","21","89","Balanced","Large Cap"
"se","ATCO A","Atlas Copco Ab","1.4174757282","19.4494272801","27.7680701952","20","80","Balanced","Large Cap"
"dk","DEMANT","Demant A/s","0","14.610546686","14.1130555206","20","87","Adventurous","Large Cap"
"se","INDT","Indutrade Ab","0.8780487805","12.2443669667","21.1520182498","20","94","Balanced","Large Cap"
"dk","NZYM B","Novozymes A/s","1.3095535046","24.3719668855","24.8887714198","20","93","Balanced","Large Cap"
