"Flag","Ticker","Name","Yield TTM (%)","FCF / Sales TTM (%)","ROE TTM (%)","Value Rank","Quality Rank","Risk Rating","Size Group"
"se","BOL","Boliden Ab","2.6621490803","13.5978606981","19.8379327931","80","94","Adventurous","Large Cap"
"se","INDU A","Industrivarden Ab","2.6223776224","18.1658011869","26.5015269766","76","85","Conservative","Large Cap"
"se","TREL B","Trelleborg Ab","2.3663038334","14.5501724629","11.2961573727","65","92","Balanced","Large Cap"
"fi","VALMT","Valmet Oyj","2.6486168334","11.6842105263","26.4888041925","60","90","Adventurous","Large Cap"
"se","KIND SDB","Kindred","1.2827424652","26.7092604832","74.9400933283","60","99","Speculative","Large Cap"
"se","HUSQ B","Husqvarna Ab","1.3710368466","15.3261910595","18.188257317","58","93","Balanced","Large Cap"
"no","KOG","Kongsberg Gruppen Asa","3.187250996","10.4425525387","14.3370517332","55","87","Balanced","Large Cap"
"dk","LUN","H Lundbeck A/s","1.3627691469","14.0180307584","10.8195184816","53","81","Adventurous","Large Cap"
"se","ERIC B","Telefonaktiebolaget Lm Ericsson","0.9708737864","10.1552758854","22.9098969455","51","88","Balanced","Large Cap"
"fi","TYRES","Nokian Tyres","1.8444512757","20.9820548215","13.6916102753","49","95","Adventurous","Large Cap"
"se","HPOL B","Hexpol Ab","2.0517395183","15.0116902764","19.5848375451","47","84","Adventurous","Large Cap"
"se","HM B","H & M Hennes & Mauritz Ab","0","20.6191970019","11.0749305857","45","87","Adventurous","Large Cap"
"se","SAND","Sandvik Ab","2.9108822212","14.0985587887","18.9736321538","45","88","Balanced","Large Cap"
"fi","ORNBV","Orion Oyj","4.39238653","19.6929952395","27.3237236384","43","89","Balanced","Large Cap"
"se","GETI B","Getinge Ab","0.8549444286","23.3099996618","18.1662143669","38","96","Adventurous","Large Cap"
"fi","ELISA","Elisa Oyj","3.5480349345","18.3173699198","32.6430222834","37","84","Balanced","Large Cap"
"dk","PNDORA","Pandora A/s","0.6568575933","25.9298667654","55.2378151878","37","99","Adventurous","Large Cap"
"fi","KNEBV","Kone Oyj","3.1241321855","14.3078083013","38.8273244782","33","94","Conservative","Large Cap"
"no","MOWI","Mowi Asa","0.8873207327","10.0868386708","17.438418529","31","88","Balanced","Large Cap"
"se","THULE","Thule Ab","2.4190155658","17.2818107667","35.4845318582","31","98","Balanced","Large Cap"
"se","ARJO B","Arjo Ab (publ)","0.7783882784","23.2712168837","11.2949518825","28","86","Balanced","Large Cap"
"dk","RBREW","Royal Unibrew A/s","1.6691394659","19.6555217832","40.0187441425","27","88","Balanced","Large Cap"
"dk","DEMANT","Demant A/s","0","16.8419238062","28.6240463036","22","97","Adventurous","Large Cap"
"dk","GN","Gn Store Nord A/s","0.3050063105","12.4116860798","39.4062078273","20","83","Adventurous","Large Cap"
