"Flag","Ticker","Name","Yield TTM (%)","FCF / Sales TTM (%)","ROE TTM (%)","Value Rank","Quality Rank","Risk Rating","Size Group"
"dk","MAERSK B","Ap Moeller - Maersk A/s","12.1175627978","30.7799375273","48.2584254552","96","96","Adventurous","Large Cap"
"se","SSAB A","Ssab Ab","7.271468144","11.9833978163","23.0057114166","95","92","Adventurous","Large Cap"
"se","INDU A","Industrivarden Ab","2.5055679287","26.0212250977","20.1427732859","73","81","Conservative","Large Cap"
"se","TREL B","Trelleborg Ab","3.14825415","15.3791637137","11.841446678","71","89","Balanced","Large Cap"
"no","EQNR","Equinor Asa","2.4555416203","23.4100333544","23.4979350466","68","97","Balanced","Large Cap"
"se","ERIC B","Telefonaktiebolaget Lm Ericsson","2.8921795465","14.8247630362","23.2224263107","67","83","Balanced","Large Cap"
"no","AKRBP","Aker Bp Asa","3.701778242","48.1202283326","39.3010025936","67","89","Speculative","Large Cap"
"se","HPOL B","Hexpol Ab","6.4613396511","15.0328022493","22.6916229611","65","96","Adventurous","Large Cap"
"se","HM B","H & M Hennes & Mauritz Ab","4.7183507549","20.6843345881","19.2077877897","63","95","Adventurous","Large Cap"
"dk","CARL B","Carlsberg A/s","3.036437247","13.5636461866","16.4470444089","56","87","Balanced","Large Cap"
"dk","PNDORA","Pandora A/s","4.1348600509","24.1215696332","57.8179291174","53","94","Adventurous","Large Cap"
"se","BOL","Boliden Ab","2.1725636251","10.4245585407","18.0346557228","48","90","Adventurous","Large Cap"
"se","LUND B","L E Lundbergforetagen Ab (publ)","0.8095854922","19.197003866","12.2997516677","46","88","Balanced","Large Cap"
"no","LSG","Leroy Seafood Asa","3.1304783371","12.0000147357","15.0619255714","45","90","Balanced","Large Cap"
"fi","KNEBV","Kone Oyj","4.3361552757","14.1552771992","31.9488415316","41","83","Conservative","Large Cap"
"se","SOBI","Swedish Orphan Biovitrum Ab (publ)","0","32.8417798957","12.3430624986","39","83","Adventurous","Large Cap"
"no","KOG","Kongsberg Gruppen Asa","2.2818026241","13.0841827105","14.6503005651","33","88","Balanced","Large Cap"
"fi","ELISA","Elisa Oyj","3.8332086761","16.8627058411","28.8678848981","32","88","Conservative","Large Cap"
"no","MOWI","Mowi Asa","2.222289735","14.0021893294","17.304571274","31","91","Balanced","Large Cap"
"se","GETI B","Getinge Ab","1.1672016341","20.8140781545","12.9767990562","28","80","Balanced","Large Cap"
"se","ASSA B","Assa Abloy Ab","1.6380655226","11.3075878619","16.9711879053","27","91","Balanced","Large Cap"
"fi","ORNBV","Orion Oyj","3.7110341415","12.5552353506","26.2033531639","26","84","Balanced","Large Cap"
"dk","DEMANT","Demant A/s","0","14.7518731676","30.9730695754","24","95","Adventurous","Large Cap"
"dk","CHR","Chr Hansen Holding A/s","2.7038356423","21.1686779784","16.7046681867","20","81","Balanced","Large Cap"
