"Flag","Ticker","Name","Yield TTM (%)","FCF / Sales TTM (%)","ROE TTM (%)","Value Rank","Quality Rank","Risk Rating","Size Group"
"fi","TYRES","Nokian Tyres","4.3650793651","10.6216457961","13.3052194108","86","95","Adventurous","Mid Cap"
"no","EPR","Europris ASA","8.389261745","15.378645247","42.3931879717","85","88","Speculative","Mid Cap"
"se","INWI","Inwido AB (publ)","4.8770816812","11.2029531156","16.2639456687","80","81","Adventurous","Mid Cap"
"se","IPCO","International Petroleum","0","35.1561761514","24.4767276389","79","80","Speculative","Mid Cap"
"dk","STG","Scandinavian Tobacco A/S","5.0778605281","16.4633484163","15.4235872589","76","85","Balanced","Mid Cap"
"no","DNO","DNO ASA","1.365889232","53.2815456628","21.872988629","75","95","Speculative","Mid Cap"
"se","KIND SDB","Kindred","4.5917439837","12.4382421773","44.807353804","67","82","Speculative","Mid Cap"
"dk","DRLCO","Maersk Drilling A/S","0","16.8902920284","13.4194143417","65","83","Speculative","Mid Cap"
"no","AUSS","Austevoll Seafood ASA","3.3088235294","12.4082646494","15.5566892979","60","87","Balanced","Mid Cap"
"se","CLAS B","Clas Ohlson AB","2.6508071368","10.5242209267","20.8181218386","57","97","Adventurous","Mid Cap"
"fi","SAA1V","Sanoma Oyj","4.2452830189","11.892021404","15.5277228448","51","86","Balanced","Mid Cap"
"fi","ALMA","Alma Media Oyj","3.5934291581","28.2697547684","37.9146919431","49","85","Balanced","Mid Cap"
"no","GSF","Grieg Seafood ASA","2.04778157","54.0921298071","22.124906198","46","96","Speculative","Mid Cap"
"fi","ETTE","Etteplan Oyj","2.4316109422","10.2286683063","20.7135867975","43","83","Adventurous","Mid Cap"
"fi","ROVIO","Rovio Entertainment Oyj","1.4732965009","16.5083978903","14.8699315429","39","95","Adventurous","Mid Cap"
"fi","EQV1V","eQ Oyj","4.4150110375","48.9362726223","80.0998116006","29","87","Adventurous","Mid Cap"
"fi","MEKKO","Marimekko Oyj","1.125","19.5460142742","42.7374659482","26","99","Adventurous","Mid Cap"
"se","MYCR","Mycronic AB (publ)","1.7657445556","13.1056039294","15.1108883599","24","88","Adventurous","Mid Cap"
"se","PRFO","Profoto Holding AB (publ)","2.9812606474","28.6885245902","47.5187969925","23","98","Speculative","Mid Cap"
