"Flag","Ticker","Name","Yield TTM (%)","FCF / Sales TTM (%)","ROE TTM (%)","Value Rank","Quality Rank","Risk Rating","Size Group"
"se","BORG","Bjorn Borg AB","0","17.1109922209","25.7056382113","81","91","Adventurous","Micro Cap"
"se","OGUN B","Ogunsen AB (publ)","8.9189189189","10.4216884249","68.1619047619","73","91","Speculative","Micro Cap"
"fi","EAB","EAB Oyj","8.75","18.8679245283","21.7494089835","72","96","Adventurous","Micro Cap"
"se","EURO","Eurocon Consulting AB (publ)","6.2111801242","11.334060455","27.176007372","72","98","Adventurous","Micro Cap"
"se","DIAH","Diadrom Holding AB","7.6","18.8571338791","55.0445220772","69","89","Adventurous","Micro Cap"
"se","TPGR","Time People AB (publ)","4.5608108108","11.2337639161","36.511568777","65","82","Speculative","Micro Cap"
"se","IMINT","Imint Image Intelligence AB","0","30.0831552809","27.1326755357","63","90","Speculative","Micro Cap"
"se","NTEK B","Novotek AB","3.9011703511","10.1762237906","20.8947712418","61","99","Adventurous","Micro Cap"
"se","GJAB","Gullberg & Jansson AB (publ)","2.7829313544","10.6448820004","35.7263802294","56","85","Speculative","Micro Cap"
"se","NEPA","Nepa AB","2.1280276817","10.0308119578","39.177520295","43","92","Speculative","Micro Cap"
"se","GENI","Generic Sweden AB (publ)","3.300330033","14.1518476896","74.1479020549","28","99","Highly Speculative","Micro Cap"
