"Flag","Ticker","Name","Yield TTM (%)","FCF / Sales TTM (%)","ROE TTM (%)","Value Rank","Quality Rank","Risk Rating","Size Group"
"no","WILS","Wilson ASA","14.8772262316","25.3914142012","48.7782404029","95","97","Speculative","Small Cap"
"se","RROS","Rottneros AB","4.7393364929","15.0280898876","30.9584828293","94","92","Balanced","Small Cap"
"no","SBO","Selvaag Bolig ASA","15.9489633174","22.0410000418","22.6772569561","92","88","Adventurous","Small Cap"
"no","KCC","Klaveness Combination Carriers ASA","12.1533237133","38.4683598619","24.0275936943","89","88","Adventurous","Small Cap"
"no","RANA","Rana Gruber ASA","12.32","24.75024224","38.8268023627","82","98","Adventurous","Small Cap"
"fi","ALEX","Alexandria Pankkiiriliike Oyj","9.6273291925","15.3358739035","25.8455882353","75","86","Adventurous","Small Cap"
"se","JETPAK","Jetpak Top Holding AB (publ)","0","16.9925200862","11.7898418573","66","88","Adventurous","Small Cap"
"se","KOBR B","Kopparbergs Bryggeri AB","5.4758308157","14.900047617","20.282794955","63","99","Balanced","Small Cap"
"no","MULTI","Multiconsult ASA","4.4910179641","10.4942134424","33.6783540774","62","93","Adventurous","Small Cap"
"se","SOF B","Softronic AB","6.1503416856","12.6816176059","37.2581305436","58","97","Adventurous","Small Cap"
"fi","UNITED","United Bankers Oyj","5.1094890511","27.9973077424","29.1025771621","57","85","Balanced","Small Cap"
"se","G5EN","G5 Entertainment AB (publ)","3.3333333333","11.3045893278","16.2434471405","50","98","Speculative","Small Cap"
"fi","TITAN","Titanium Oyj","5.8709677419","49.0478663715","56.7607862376","49","95","Balanced","Small Cap"
"se","B3","B3 Consulting AB (publ)","2.2727272727","11.0178906111","54.5036868973","46","92","Adventurous","Small Cap"
"se","PSCAND","Permascand Top Holding AB","0","21.6868204251","30.1837837838","44","83","Speculative","Small Cap"
"fi","SIILI","Siili Solutions Oyj","1.125","11.1472623084","20.4824805795","41","97","Balanced","Small Cap"
"se","INFRA","Infracom AB (publ)","1.953125","21.4189784166","25.0713720718","39","90","Adventurous","Small Cap"
"fi","MEKKO","Marimekko Oyj","1.630804077","15.2508304848","41.2418722818","35","88","Adventurous","Small Cap"
"se","PRFO","Profoto Holding AB (publ)","3.893214683","25.3588516746","64.2978003384","34","88","Adventurous","Small Cap"
"se","SLEEP","Sleep Cycle AB (publ)","0","30.9871211237","28.7875046302","31","80","Speculative","Small Cap"
"se","BAHN B","Bahnhof AB (publ)","2.688172043","13.4228682367","38.0878936181","30","99","Balanced","Small Cap"
"fi","ADMCM","Admicom Oyj","3.1746031746","38.4392623293","35.7948099476","22","85","Adventurous","Small Cap"
"fi","GOFORE","Gofore Oyj","1.2307692308","15.6619970004","17.865656767","21","91","Adventurous","Small Cap"
