"Flag","Ticker","Name","Yield TTM (%)","FCF / Sales TTM (%)","ROE TTM (%)","Value Rank","Quality Rank","Risk Rating","Size Group"
"no","ELK","Elkem ASA","8.3939563514","11.1281198003","45.7341995439","97","93","Adventurous","Mid Cap"
"dk","DNORD","Dampskibsselskabet Norden A/S","11.4945219531","17.3108624401","62.1301775148","95","89","Speculative","Mid Cap"
"no","DNO","DNO ASA","4.0770437529","59.6558450606","36.0953562566","94","98","Speculative","Mid Cap"
"no","BWLPG","BW LPG","11.9901007803","19.1136737207","14.5169031555","91","84","Speculative","Mid Cap"
"se","INWI","Inwido AB (publ)","5.5008944544","10.3846913906","16.4895941007","84","86","Adventurous","Mid Cap"
"no","GSF","Grieg Seafood ASA","3.8143674507","50.5915811969","23.4958242836","84","98","Speculative","Mid Cap"
"dk","STG","Scandinavian Tobacco A/S","6.1025223759","11.3370976192","14.5270362765","79","82","Balanced","Mid Cap"
"se","IPCO","International Petroleum","0","35.1561761514","24.4767276389","71","84","Speculative","Mid Cap"
"no","EPR","Europris ASA","5.8266569556","10.7977448796","46.7545036661","63","85","Adventurous","Mid Cap"
"fi","ROVIO","Rovio Entertainment Oyj","1.9623875715","16.2659043425","13.9773766546","53","93","Adventurous","Mid Cap"
"fi","ALMA","Alma Media Oyj","3.7234042553","24.2857142857","39.6237507349","50","97","Balanced","Mid Cap"
"se","BETS B","Betsson AB","0","11.6057678846","17.0705304355","38","83","Adventurous","Mid Cap"
"no","BOUV","Bouvet ASA","4.7147651007","10.0792997386","79.6610235429","37","99","Adventurous","Mid Cap"
"se","NORVA","Norva24 AB (publ)","0","11.5896733313","14.3973305119","24","85","Adventurous","Mid Cap"
