"Flag","Ticker","Name","Yield TTM (%)","FCF / Sales TTM (%)","ROE TTM (%)","Value Rank","Quality Rank","Risk Rating","Size Group"
"dk","MAERSK B","AP Moeller - Maersk A/S","21.195946951","35.1249013936","62.7165271723","99","94","Adventurous","Large Cap"
"se","SSAB A","SSAB AB","10.6837606838","12.2768454132","31.4750740262","98","90","Adventurous","Large Cap"
"no","EQNR","Equinor ASA","4.9838746507","25.4102276911","41.522217109","83","96","Balanced","Large Cap"
"dk","PNDORA","Pandora A/S","6.9351827154","15.8593469681","65.0032734415","68","94","Adventurous","Large Cap"
"se","ERIC B","Telefonaktiebolaget LM Ericsson","1.8534994069","12.8687464558","20.8763360559","65","80","Balanced","Large Cap"
"se","HM B","H & M Hennes & Mauritz AB","3.1213983865","15.1128348483","23.6302013003","60","93","Adventurous","Large Cap"
"se","HOLM B","Holmen AB","2.7591170825","13.5744089013","10.1711951582","43","91","Conservative","Large Cap"
"dk","CARL B","Carlsberg A/S","2.6315789474","16.5525182438","20.1776256385","40","89","Conservative","Large Cap"
"no","MOWI","Mowi ASA","2.6624859335","11.8659098971","20.5382500113","40","89","Balanced","Large Cap"
"se","SOBI","Swedish Orphan Biovitrum AB (publ)","0","19.5383205407","11.0549450549","30","86","Adventurous","Large Cap"
"fi","ELISA","Elisa Oyj","4.2215815486","15.6908324858","34.5752608048","28","95","Conservative","Large Cap"
"no","SALM","SalMar ASA","3.367003367","11.6273817113","31.4219946049","28","88","Balanced","Large Cap"
"dk","DEMANT","Demant A/S","0","10.2755145798","33.1807062661","28","85","Adventurous","Large Cap"
