"Flag","Ticker","Name","Yield TTM (%)","FCF / Sales TTM (%)","ROE TTM (%)","Value Rank","Quality Rank","Risk Rating","Size Group"
"dk","NORTHM","North Media A/s","5.931198102","12.548374613","27.932618683","87","88","Adventurous","Small Cap"
"no","ABG","Abg Sundal Collier Holding Asa","0","25.6372380625","72.1062492557","82","96","Speculative","Small Cap"
"se","KABE B","Kabe Ab","1.4563106796","14.6245059289","13.9958592133","78","94","Balanced","Small Cap"
"no","WILS","Wilson Asa","4.5102452491","14.5574777485","26.8445798836","76","89","Speculative","Small Cap"
"fi","TAALA","Taaleri","3.7037037037","166.1109336975","13.4391549916","74","83","Balanced","Small Cap"
"se","TRANS","Transtema Ab","0","11.6150223852","43.938362764","72","97","Speculative","Small Cap"
"se","SEMC","Semcon Ab","3.7453183521","12.9141588266","17.7742086596","71","95","Adventurous","Small Cap"
"se","QAIR","Qleanair Ab","3.3259423503","16.6956827961","33.7651459682","67","83","Speculative","Small Cap"
"se","FNOX","Fortnox Ab","2.107925801","28.2719090012","35.0449827199","65","99","Speculative","Small Cap"
"se","G5EN","G5 Entertainment Ab (publ)","3.0198446937","14.3198731021","42.8920913595","65","98","Speculative","Small Cap"
"no","NKR","Nekkar Asa","0","13.4385313996","52.2842048612","63","92","Speculative","Small Cap"
"se","SOF B","Softronic Ab","12.5786163522","14.0214393269","24.3211521152","62","91","Adventurous","Small Cap"
"se","BORG","Bjorn Borg Ab","0","12.356733942","24.9538346692","61","96","Adventurous","Small Cap"
"se","ZZ B","Zinzino Ab","3.2258064516","10.3622351258","87.565903368","58","97","Speculative","Small Cap"
"se","NIL B","Nilorngruppen Ab","2.2935779817","10.9358821515","31.7570877846","55","99","Adventurous","Small Cap"
"fi","TITAN","Titanium Oyj","6.2068965517","45.9768894586","42.3132277831","52","96","Balanced","Small Cap"
"se","FMM B","Fm Mattsson Mora Ab","2.0547945205","12.580562462","28.3829913767","48","99","Adventurous","Small Cap"
"se","SVED B","Svedbergs I Dalstorp Ab","2.5673551637","10.4876717573","30.7815996685","46","87","Adventurous","Small Cap"
"se","BAHN B","Bahnhof Ab (publ)","3.1595576619","10.9965282387","35.3935627403","39","99","Balanced","Small Cap"
"se","RUG","Rugvista Ab (publ)","0","17.3705427204","23.3765862196","38","89","Speculative","Small Cap"
"se","SINT","Sintercast Ab","4.5871559633","28.1191806331","29.6396396396","33","98","Adventurous","Small Cap"
"se","ALCA","Alcadon Ab","0","10.6556034207","15.259978425","31","82","Adventurous","Small Cap"
"se","SKMO","Skane Mollan Ab","2.24","15.6074766355","14.3385602514","30","86","Adventurous","Small Cap"
"se","BALCO","Balco Ab","0","10.2665240293","11.9035186306","29","85","Adventurous","Small Cap"
"se","TEQ","Teqnion Ab","0.4366812227","12.328247593","26.7888845095","28","80","Speculative","Small Cap"
"se","FPIP","Formpipe Software Ab","1.9469026549","11.1741878111","12.5187695008","22","98","Adventurous","Small Cap"
"fi","TNOM","Talenom Oyj","1.9101123596","15.6156410009","28.0775683796","20","86","Adventurous","Small Cap"
