"Flag","Ticker","Name","Yield TTM (%)","FCF / Sales TTM (%)","ROE TTM (%)","Value Rank","Quality Rank","Risk Rating","Size Group"
"no","RAKP","RAK Petroleum","0","43.9703703704","18.3186490455","98","97","Speculative","Mid Cap"
"dk","DNORD","Dampskibsselskabet Norden A/S","16.9287602292","14.3027905764","49.8581816307","97","86","Speculative","Mid Cap"
"no","ELK","Elkem ASA","8.0515297907","10.0956130484","42.9414021291","95","92","Adventurous","Mid Cap"
"no","DNO","DNO ASA","3.9450200004","59","28.8964839178","91","98","Speculative","Mid Cap"
"se","INWI","Inwido AB (publ)","6.6307277628","10.4677602729","17.0809735364","87","84","Adventurous","Mid Cap"
"se","IPCO","International Petroleum","0","35.1561761514","24.4767276389","84","83","Speculative","Mid Cap"
"dk","STG","Scandinavian Tobacco A/S","6.8430656934","12.7724597182","15.2852826931","80","87","Balanced","Mid Cap"
"se","BETS B","Betsson AB","0","12.7664885687","16.6029696645","72","88","Adventurous","Mid Cap"
"no","EPR","Europris ASA","7.1684587814","12.7322356935","48.6211215133","71","91","Speculative","Mid Cap"
"no","GSF","Grieg Seafood ASA","2.9382957884","51.5365760467","30.8486127822","71","97","Speculative","Mid Cap"
"fi","ROVIO","Rovio Entertainment Oyj","2.1739130435","19.2863791103","16.925204918","58","97","Adventurous","Mid Cap"
"fi","ALMA","Alma Media Oyj","4.1420118343","27.1158313973","42.5201938611","52","97","Balanced","Mid Cap"
"se","SKIS B","SkiStar AB","1.2809564475","15.6507557679","30.3660072026","41","88","Adventurous","Mid Cap"
"se","KAMBI","Kambi","0","12.1075930119","19.5027356465","35","84","Speculative","Mid Cap"
"no","BOUV","Bouvet ASA","4.8109965636","10.99344268","88.9093713047","35","99","Speculative","Mid Cap"
"no","NOD","Nordic Semiconductor ASA","0","15.1054513797","22.8298087679","26","99","Speculative","Mid Cap"
"fi","EQV1V","eQ Oyj","4.3572984749","38.6839343582","68.3083220736","24","84","Adventurous","Mid Cap"
