"Flag","Ticker","Name","Yield TTM (%)","FCF / Sales TTM (%)","ROE TTM (%)","Value Rank","Quality Rank","Risk Rating","Size Group"
"no","WILS","Wilson Asa","6.0363020921","19.2375066485","36.0394578346","88","95","Speculative","Small Cap"
"se","KABE B","Kabe Ab","4.7717842324","13.747703613","17.2990616075","87","93","Balanced","Small Cap"
"dk","NORTHM","North Media A/s","5.4054054054","12.548374613","27.932618683","83","89","Adventurous","Small Cap"
"se","ANGL","Angler Gaming","10.1822769113","11.6870295663","46.5427964375","77","81","Speculative","Small Cap"
"fi","ALEX","Alexandria Pankkiiriliike Oyj","6.9506726457","18.9706409257","34.5578339007","76","92","Speculative","Small Cap"
"se","G5EN","G5 Entertainment Ab (publ)","3.524672709","14.3198731021","42.8920913595","71","98","Speculative","Small Cap"
"se","SEMC","Semcon Ab","3.6036036036","12.4934260504","17.7742086596","67","95","Adventurous","Small Cap"
"no","NKR","Nekkar Asa","0","13.4385313996","52.2842048612","65","92","Speculative","Small Cap"
"se","ZZ B","Zinzino Ab","5.0955414013","11.6147618785","72.0941026917","65","97","Speculative","Small Cap"
"se","TRANS","Transtema Ab","0","11.6150223852","43.938362764","64","97","Speculative","Small Cap"
"fi","TAALA","Taaleri","3.0418250951","166.1109336975","13.4391549916","63","83","Balanced","Small Cap"
"se","SOF B","Softronic Ab","5.4","14.1513032422","24.6742876848","58","92","Adventurous","Small Cap"
"se","FMM B","Fm Mattsson Mora Ab","3.3333333333","12.5054800526","34.1735593425","57","99","Adventurous","Small Cap"
"se","BORG","Bjorn Borg Ab","0","12.9907862755","27.2883708021","56","89","Adventurous","Small Cap"
"fi","TITAN","Titanium Oyj","6.1486486486","50.1218113484","40.0041413804","53","92","Balanced","Small Cap"
"se","GJAB","Gullberg & Jansson Ab (publ)","2.0547945205","14.3560528993","54.2641023167","52","83","Speculative","Small Cap"
"se","NIL B","Nilorngruppen Ab","2.1276595745","10.9358821515","31.7570877846","50","99","Adventurous","Small Cap"
"se","NTEK B","Novotek Ab","2.5","10.4939851549","26.1088020203","49","99","Adventurous","Small Cap"
"se","RUG","Rugvista Ab (publ)","0","17.3705427204","23.3765862196","38","89","Adventurous","Small Cap"
"se","BAHN B","Bahnhof Ab (publ)","3.003003003","10.9965282387","35.3935627403","36","99","Balanced","Small Cap"
"se","SVED B","Svedbergs I Dalstorp Ab","1.990703125","10.4876717573","30.7815996685","34","87","Adventurous","Small Cap"
"se","TEQ","Teqnion Ab","0.4739336493","12.328247593","26.7888845095","31","80","Speculative","Small Cap"
"se","PRFO","Profoto Holding Ab (publ)","3.2287822878","28.6885245902","47.5187969925","29","97","Speculative","Small Cap"
"se","SINT","Sintercast Ab","4.1118421053","28.1191806331","29.6396396396","28","98","Adventurous","Small Cap"
"se","FPIP","Formpipe Software Ab","2.0289855072","20.9269152416","12.1749710019","26","98","Adventurous","Small Cap"
"fi","GOFORE","Gofore Oyj","1.3023255814","13.3825794908","18.4476221874","22","88","Adventurous","Small Cap"
"se","SKMO","Skane Mollan Ab","1.7283950617","15.6074766355","14.3385602514","20","86","Speculative","Small Cap"
"fi","ADMCM","Admicom Oyj","2.508361204","44.9375254201","29.8824620636","20","93","Adventurous","Small Cap"
