"Flag","Ticker","Name","Yield TTM (%)","FCF / Sales TTM (%)","ROE TTM (%)","Value Rank","Quality Rank","Risk Rating","Size Group"
"dk","MAERSK B","Ap Moeller - Maersk A/s","13.8754383757","30.7799375273","48.2584254552","97","96","Adventurous","Large Cap"
"se","SSAB A","Ssab Ab","8.2990831489","11.9833978163","23.0057114166","96","91","Adventurous","Large Cap"
"se","HM B","H & M Hennes & Mauritz Ab","5.1100628931","18.5992416123","21.5538319968","70","90","Adventurous","Large Cap"
"no","EQNR","Equinor Asa","2.4100874623","23.4100333544","23.4979350466","68","97","Balanced","Large Cap"
"se","HPOL B","Hexpol Ab","6.718924972","13.1333958138","22.6916229611","66","91","Adventurous","Large Cap"
"no","AKRBP","Aker Bp Asa","3.3362312523","48.1202283326","39.3010025936","62","89","Speculative","Large Cap"
"no","AUSS","Austevoll Seafood Asa","3.0906593407","12.0877321109","15.0383324851","60","87","Balanced","Large Cap"
"se","TREL B","Trelleborg Ab","2.5918944392","15.3791637137","11.841446678","60","89","Adventurous","Large Cap"
"dk","PNDORA","Pandora A/s","3.9274924471","24.1215696332","57.8179291174","52","93","Adventurous","Large Cap"
"se","BOL","Boliden Ab","2.2624434389","10.4245585407","18.0346557228","51","90","Adventurous","Large Cap"
"dk","CARL B","Carlsberg A/s","2.7100271003","13.5636461866","16.4470444089","49","87","Balanced","Large Cap"
"se","LUND B","L E Lundbergforetagen Ab (publ)","0.80472103","19.197003866","12.2997516677","46","88","Balanced","Large Cap"
"fi","KNEBV","Kone Oyj","4.5327001943","14.1552771992","31.9488415316","44","83","Conservative","Large Cap"
"no","LSG","Leroy Seafood Asa","2.8835063437","12.0000147357","15.0619255714","41","89","Balanced","Large Cap"
"se","SOBI","Swedish Orphan Biovitrum Ab (publ)","0","32.8417798957","12.3430624986","38","83","Adventurous","Large Cap"
"fi","ELISA","Elisa Oyj","3.7794985251","16.8627058411","28.8678848981","31","88","Conservative","Large Cap"
"se","ASSA B","Assa Abloy Ab","1.6355140187","11.3075878619","16.9711879053","27","90","Balanced","Large Cap"
"no","MOWI","Mowi Asa","2.0647600559","14.0021893294","16.5540655237","27","91","Balanced","Large Cap"
"fi","ORNBV","Orion Oyj","3.6845983788","12.5552353506","26.2033531639","26","83","Balanced","Large Cap"
"no","KOG","Kongsberg Gruppen Asa","0.8056640625","16.0042260192","16.1632041924","25","86","Balanced","Large Cap"
"dk","DEMANT","Demant A/s","0","14.7518731676","30.9730695754","23","94","Adventurous","Large Cap"
