"Flag","Ticker","Name","Yield TTM (%)","FCF / Sales TTM (%)","ROE TTM (%)","Value Rank","Quality Rank","Risk Rating","Size Group"
"fi","SAGCV","Saga Furs Oyj","18.4259259259","225.9131322251","15.2854106257","99","88","Speculative","Micro Cap"
"se","ANGL","Angler Gaming","17.4249511066","11.6870295663","46.5427964375","90","81","Speculative","Micro Cap"
"se","CAM B","Consensus Asset Management AB (publ)","17.7528089888","26.9197415985","35.0482576964","89","85","Highly Speculative","Micro Cap"
"fi","IFA1V","Innofactor","6.8965517241","12.7373274667","18.4408778251","87","90","Adventurous","Micro Cap"
"se","QAIR","Qleanair AB","4.7543581616","16.6956827961","33.7651459682","80","83","Speculative","Micro Cap"
"fi","TRH1V","Trainers' House Oyj","11.3268608414","13.310420126","24.4515489965","77","84","Speculative","Micro Cap"
"dk","KLEE B","BRD Klee A/S","9.2884803922","11.6970574253","16.6819955375","76","98","Speculative","Micro Cap"
"dk","FED","Fast Ejendom Danmark A/S","0","31.9788897778","17.2496637094","74","81","Conservative","Micro Cap"
"dk","STRINV","Strategic Investments A/S","1.7699115044","95.1442207927","19.6433468081","71","92","Conservative","Micro Cap"
"se","EURO","Eurocon Consulting AB (publ)","5.5710306407","12.4757092888","20.0703685192","67","97","Adventurous","Micro Cap"
"se","RAIL","Railcare AB","3.0090270812","13.0290035758","19.4773227695","65","81","Adventurous","Micro Cap"
"se","TPGR","Time People AB (publ)","0","13.4332557965","28.8678710993","58","83","Speculative","Micro Cap"
"se","GJAB","Gullberg & Jansson AB (publ)","2.4390243902","14.3560528993","54.2641023167","58","82","Speculative","Micro Cap"
"se","DIAH","Diadrom Holding AB","5.900621118","17.8205368876","39.7303420456","54","86","Adventurous","Micro Cap"
"fi","EAB","EAB Oyj","3.5598705502","19.8198198198","10.6060606061","53","87","Adventurous","Micro Cap"
"se","NEPA","Nepa AB","1.8923076923","12.4089995769","43.0940465254","46","84","Speculative","Micro Cap"
