"Flag","Ticker","Name","Yield TTM (%)","FCF / Sales TTM (%)","ROE TTM (%)","Value Rank","Quality Rank","Risk Rating","Size Group"
"se","SSAB A","Ssab Ab","9.6899224806","11.9833978163","23.0057114166","97","92","Adventurous","Large Cap"
"dk","MAERSK B","Ap Moeller - Maersk A/s","12.1583258516","30.7799375273","48.2584254552","96","96","Adventurous","Large Cap"
"no","EQNR","Equinor Asa","2.9343037622","23.4100333544","23.4979350466","78","97","Balanced","Large Cap"
"se","INDU A","Industrivarden Ab","2.6102088167","26.0212250977","20.1427732859","76","80","Conservative","Large Cap"
"no","AKRBP","Aker Bp Asa","3.8277883475","45.7364917503","30.3779762741","67","92","Speculative","Large Cap"
"se","TREL B","Trelleborg Ab","2.7954256671","15.3791637137","11.841446678","65","89","Balanced","Large Cap"
"se","ERIC B","Telefonaktiebolaget Lm Ericsson","2.7015344716","14.8247630362","23.2224263107","65","83","Balanced","Large Cap"
"se","HPOL B","Hexpol Ab","6.0728744939","15.0328022493","22.6916229611","62","96","Adventurous","Large Cap"
"se","BOL","Boliden Ab","2.6282853567","10.4245585407","18.0318526117","61","90","Balanced","Large Cap"
"se","HM B","H & M Hennes & Mauritz Ab","4.0168087999","20.6843345881","19.2077877897","55","96","Adventurous","Large Cap"
"dk","PNDORA","Pandora A/s","3.8759689922","24.1215696332","57.8179291174","50","94","Adventurous","Large Cap"
"se","SOBI","Swedish Orphan Biovitrum Ab (publ)","0","32.8417798957","12.3430624986","45","83","Adventurous","Large Cap"
"no","LSG","Leroy Seafood Asa","0","12.0000147357","15.0619255714","45","89","Balanced","Large Cap"
"dk","CARL B","Carlsberg A/s","2.4564994882","13.5636461866","16.4470444089","44","87","Conservative","Large Cap"
"no","KOG","Kongsberg Gruppen Asa","2.787456446","13.0841827105","14.6503005651","42","88","Balanced","Large Cap"
"fi","KNEBV","Kone Oyj","4.1666666667","14.1552771992","31.9488415316","40","83","Conservative","Large Cap"
"fi","ELISA","Elisa Oyj","4.261954262","16.8627058411","28.8678848981","37","88","Conservative","Large Cap"
"no","MOWI","Mowi Asa","2.4290598264","14.0021893294","17.304571274","35","92","Balanced","Large Cap"
"se","ASSA B","Assa Abloy Ab","1.7080113867","11.3960023998","16.9711879053","29","91","Balanced","Large Cap"
"se","GETI B","Getinge Ab","1.1309018943","20.8140781545","12.9767990562","27","80","Balanced","Large Cap"
"dk","DEMANT","Demant A/s","0","14.7518731676","30.9730695754","27","95","Adventurous","Large Cap"
"fi","ORNBV","Orion Oyj","3.6478599222","12.5552353506","26.2033531639","26","84","Balanced","Large Cap"
"dk","CHR","Chr Hansen Holding A/s","2.7799291746","21.1686779784","16.7046681867","21","81","Balanced","Large Cap"
