"Flag","Ticker","Name","Yield TTM (%)","FCF / Sales TTM (%)","ROE TTM (%)","Value Rank","Quality Rank","Risk Rating","Size Group"
"no","HYARD","Havyard ASA","0","35.171609482","54.9786534554","99","89","Highly Speculative","Micro Cap"
"se","CAM B","Consensus Asset Management AB (publ)","19.362745098","47.0500747124","11.8611463073","79","87","Highly Speculative","Micro Cap"
"dk","FED","Fast Ejendom Danmark A/S","0","31.9187812034","19.7082221221","78","83","Balanced","Micro Cap"
"se","OGUN B","Ogunsen AB (publ)","9.0534979424","10.1856231185","50.9741697417","77","94","Speculative","Micro Cap"
"se","QAIR","Qleanair AB","4.4182621502","11.4438455712","27.4535816","69","85","Speculative","Micro Cap"
"se","EURO","Eurocon Consulting AB (publ)","5.4794520548","10.3525638953","25.1815352697","69","97","Adventurous","Micro Cap"
"se","DIAH","Diadrom Holding AB","6.6666666667","12.9646619096","55.0607287449","61","81","Adventurous","Micro Cap"
"fi","EAB","EAB Oyj","3.4055727554","19.8198198198","10.6060606061","48","83","Adventurous","Micro Cap"
"se","NEPA","Nepa AB","1.9099378882","12.4089995769","43.0940465254","44","85","Speculative","Micro Cap"
