"Flag","Ticker","Name","Yield TTM (%)","FCF / Sales TTM (%)","ROE TTM (%)","Value Rank","Quality Rank","Risk Rating","Size Group"
"no","SBO","Selvaag Bolig ASA","15.9489633174","23.4403464801","25.1168119684","92","93","Adventurous","Small Cap"
"no","WILS","Wilson ASA","7.0827193369","24.5995920938","51.5298437792","92","97","Speculative","Small Cap"
"no","RANA","Rana Gruber ASA","20.0471142521","26.2156710593","71.5634656731","90","98","Adventurous","Small Cap"
"dk","NORTHM","North Media A/S","8.064516129","15.3541021672","29.2996358963","89","96","Adventurous","Small Cap"
"se","RROS","Rottneros AB","4.2735042735","12.4425727412","23.2025207677","86","84","Balanced","Small Cap"
"no","KCC","Klaveness Combination Carriers ASA","8.9159882771","37.3819611385","18.5810670456","83","87","Adventurous","Small Cap"
"se","BORG","Bjorn Borg AB","0","17.1109922209","25.7056382113","77","92","Adventurous","Small Cap"
"fi","ALEX","Alexandria Pankkiiriliike Oyj","10.4026845638","15.3358739035","25.8455882353","76","90","Adventurous","Small Cap"
"se","TETY","Tethys Oil AB","3.4443016182","12.3595505618","14.7720485765","76","98","Adventurous","Small Cap"
"no","KID","Kid ASA","5.2631578947","15.0826102543","32.0886504089","74","81","Adventurous","Small Cap"
"se","JETPAK","Jetpak Top Holding AB (publ)","0","17.8524383609","11.6295956825","74","80","Adventurous","Small Cap"
"se","G5EN","G5 Entertainment AB (publ)","3.9259674706","17.7199518326","30.8164836517","69","99","Speculative","Small Cap"
"dk","JOBNDX","Jobindex A/S","9.8684210526","49.5364300321","115.9028014394","64","83","Balanced","Small Cap"
"se","KOBR B","Kopparbergs Bryggeri AB","5.3703703704","14.1711407484","23.2864871021","59","99","Balanced","Small Cap"
"fi","UNITED","United Bankers","5.5555555556","27.9973077424","29.1025771621","58","85","Balanced","Small Cap"
"se","PREV B","Prevas AB","3.2287822878","10.8751739699","27.6625726177","57","85","Speculative","Small Cap"
"se","SOF B","Softronic AB","6.0674157303","12.6816176059","37.2581305436","55","97","Adventurous","Small Cap"
"fi","TITAN","Titanium Oyj","6.8679245283","49.0478663715","56.7607862376","54","94","Balanced","Small Cap"
"fi","SIILI","Siili Solutions Oyj","1.2162162162","11.1472623084","20.4824805795","43","97","Balanced","Small Cap"
"se","B3","B3 Consulting AB (publ)","2.380952381","10.8407185951","49.8123486683","43","92","Adventurous","Small Cap"
"se","INFRA","Infracom AB (publ)","2.1929824561","20.9677307353","26.2894508213","40","98","Adventurous","Small Cap"
"se","PSCAND","Permascand Top Holding AB","0","21.6868204251","30.1837837838","37","83","Speculative","Small Cap"
"se","SLEEP","Sleep Cycle AB (publ)","0","31.9492855746","30.0013794761","37","86","Speculative","Small Cap"
"fi","MEKKO","Marimekko Oyj","1.5483870968","17.2844686052","53.5472831984","33","92","Adventurous","Small Cap"
"se","BAHN B","Bahnhof AB (publ)","2.9411764706","12.8303256945","39.5645573675","30","99","Balanced","Small Cap"
"fi","ADMCM","Admicom Oyj","3.3482142857","38.4392623293","35.7948099476","23","84","Adventurous","Small Cap"
