"Flag","Ticker","Name","Yield TTM (%)","FCF / Sales TTM (%)","ROE TTM (%)","Value Rank","Quality Rank","Risk Rating","Size Group"
"no","WILS","Wilson ASA","6.5142016952","24.5995920938","51.5298437792","92","96","Speculative","Small Cap"
"no","RANA","Rana Gruber ASA","19.630911188","26.2156710593","71.5634656731","91","98","Speculative","Small Cap"
"se","RROS","Rottneros AB","4.4709388972","12.4425727412","23.2025207677","89","83","Balanced","Small Cap"
"no","SBO","Selvaag Bolig ASA","12.5","23.4403464801","25.1168119684","88","92","Speculative","Small Cap"
"dk","NORTHM","North Media A/S","6.9252077562","15.3541021672","29.2996358963","86","95","Adventurous","Small Cap"
"se","TETY","Tethys Oil AB","3.6828727017","12.3595505618","14.7720485765","81","98","Adventurous","Small Cap"
"no","ABG","ABG Sundal Collier Holding ASA","0","23.6349071033","53.5219726027","78","87","Speculative","Small Cap"
"se","BORG","Bjorn Borg AB","0","17.1109922209","25.7056382113","76","91","Adventurous","Small Cap"
"se","G5EN","G5 Entertainment AB (publ)","3.9660056657","17.7199518326","30.8164836517","72","99","Speculative","Small Cap"
"fi","ALEX","Alexandria Pankkiiriliike Oyj","8.7078651685","15.3358739035","25.8455882353","70","90","Adventurous","Small Cap"
"no","KID","Kid ASA","4.4742729306","15.0826102543","32.0886504089","68","80","Adventurous","Small Cap"
"dk","JOBNDX","Jobindex A/S","9.8684210526","49.5364300321","115.9028014394","65","82","Balanced","Small Cap"
"se","PREV B","Prevas AB","3.320683112","10.8751739699","27.6625726177","62","84","Speculative","Small Cap"
"se","KOBR B","Kopparbergs Bryggeri AB","4.794973545","13.2163627329","23.0341082819","58","99","Balanced","Small Cap"
"fi","UNITED","United Bankers","4.9645390071","27.9973077424","29.1025771621","55","84","Balanced","Small Cap"
"se","SOF B","Softronic AB","5.5327868852","12.6816176059","37.2581305436","53","97","Adventurous","Small Cap"
"fi","TITAN","Titanium Oyj","6.2116040956","49.0478663715","56.7607862376","52","94","Balanced","Small Cap"
"se","B3","B3 Consulting AB (publ)","2.5830258303","10.8407185951","49.8123486683","49","92","Adventurous","Small Cap"
"se","INFRA","Infracom AB (publ)","2.1276595745","21.2937533892","26.6382683908","41","88","Adventurous","Small Cap"
"se","PSCAND","Permascand Top Holding AB","0","21.6868204251","30.1837837838","37","82","Speculative","Small Cap"
"fi","MEKKO","Marimekko Oyj","1.4649033571","17.2844686052","53.5472831984","32","96","Adventurous","Small Cap"
"se","BAHN B","Bahnhof AB (publ)","2.7777777778","12.8303256945","39.5645573675","30","99","Balanced","Small Cap"
"se","SLEEP","Sleep Cycle AB (publ)","0","31.9492855746","30.0013794761","25","85","Speculative","Small Cap"
