"Flag","Ticker","Name","Yield TTM (%)","FCF / Sales TTM (%)","ROE TTM (%)","Value Rank","Quality Rank","Risk Rating","Size Group"
"no","WILS","Wilson ASA","13.6996303227","25.3914142012","48.7782404029","94","97","Speculative","Small Cap"
"no","SBO","Selvaag Bolig ASA","17.1526586621","22.0410000418","22.6772569561","93","88","Adventurous","Small Cap"
"se","RROS","Rottneros AB","4.1841004184","15.0280898876","30.9584828293","91","92","Balanced","Small Cap"
"no","KCC","Klaveness Combination Carriers ASA","12.8071869063","38.4683598619","24.0275936943","90","88","Adventurous","Small Cap"
"no","RANA","Rana Gruber ASA","14.358974359","24.75024224","38.8268023627","86","98","Adventurous","Small Cap"
"fi","ALEX","Alexandria Pankkiiriliike Oyj","9.1988130564","15.3358739035","25.8455882353","73","91","Adventurous","Small Cap"
"se","JETPAK","Jetpak Top Holding AB (publ)","0","17.8524383609","11.6295956825","71","81","Adventurous","Small Cap"
"dk","JOBNDX","Jobindex A/S","9.4339622642","49.5364300321","115.9028014394","64","83","Balanced","Small Cap"
"no","MULTI","Multiconsult ASA","4.3859649123","10.4942134424","33.6783540774","61","93","Adventurous","Small Cap"
"se","KOBR B","Kopparbergs Bryggeri AB","5.2765647744","14.1711407484","23.2864871021","61","99","Balanced","Small Cap"
"fi","UNITED","United Bankers Oyj","5.4474708171","27.9973077424","29.1025771621","60","85","Balanced","Small Cap"
"se","SOF B","Softronic AB","5.7446808511","12.6816176059","37.2581305436","55","97","Balanced","Small Cap"
"se","G5EN","G5 Entertainment AB (publ)","3.5425101215","11.3045893278","16.2434471405","54","98","Speculative","Small Cap"
"fi","TITAN","Titanium Oyj","6.275862069","49.0478663715","56.7607862376","52","95","Balanced","Small Cap"
"fi","SIILI","Siili Solutions Oyj","1.2121212121","11.1472623084","20.4824805795","45","97","Balanced","Small Cap"
"se","B3","B3 Consulting AB (publ)","2.2292993631","11.0178906111","54.5036868973","45","92","Adventurous","Small Cap"
"se","PSCAND","Permascand Top Holding AB","0","21.6868204251","30.1837837838","43","83","Speculative","Small Cap"
"se","INFRA","Infracom AB (publ)","1.8656716418","21.4189784166","25.0713720718","37","90","Adventurous","Small Cap"
"fi","MEKKO","Marimekko Oyj","1.5859030837","15.2508304848","41.2418722818","34","87","Adventurous","Small Cap"
"se","PRFO","Profoto Holding AB (publ)","3.6119711042","25.3588516746","64.2978003384","31","88","Adventurous","Small Cap"
"se","BAHN B","Bahnhof AB (publ)","2.7137042062","13.4228682367","38.0878936181","31","99","Balanced","Small Cap"
"fi","ADMCM","Admicom Oyj","3.0927835052","38.4392623293","35.7948099476","22","85","Adventurous","Small Cap"
