"Flag","Ticker","Name","Yield TTM (%)","FCF / Sales TTM (%)","ROE TTM (%)","Value Rank","Quality Rank","Risk Rating","Size Group"
"no","DNO","Dno Asa","0","53.2815456628","21.872988629","94","84","Speculative","Mid Cap"
"se","BETS B","Betsson Ab","0","16.9251982075","19.8971165396","87","85","Adventurous","Mid Cap"
"se","IPCO","International Petroleum","0","35.5557923137","18.7732008662","86","86","Speculative","Mid Cap"
"fi","TIETO","Tietoevry","5.733005733","10.1544237444","16.9175876773","81","97","Balanced","Mid Cap"
"se","KIND SDB","Kindred","4.2165737443","18.839314068","60.7988470249","78","81","Speculative","Mid Cap"
"no","KID","Kid Asa","8.6872586873","20.5995288788","30.3967180571","78","90","Adventurous","Mid Cap"
"se","NEWA B","New Wave Ab","6.0307017544","16.123894859","18.0772019925","78","88","Speculative","Mid Cap"
"no","EPR","Europris Asa","4.2625745951","16.8927082512","44.6760299672","77","89","Speculative","Mid Cap"
"se","INWI","Inwido Ab (publ)","4.2708333333","10.6214967184","16.2006092848","76","88","Adventurous","Mid Cap"
"dk","STG","Scandinavian Tobacco A/s","4.4642857143","16.0544769063","13.043403068","75","94","Balanced","Mid Cap"
"fi","TYRES","Nokian Tyres","6.2797335871","16.1542500438","13.0966369208","75","98","Adventurous","Mid Cap"
"dk","UIE","United International Enterprises","2.9085","16.1686752533","24.4913197685","71","83","Conservative","Mid Cap"
"no","AUSS","Austevoll Seafood Asa","3.6437246964","12.0877321109","15.0383324851","69","87","Balanced","Mid Cap"
"se","CLAS B","Clas Ohlson Ab","3.0203291384","13.3114471256","22.7915194346","68","97","Adventurous","Mid Cap"
"fi","PON1V","Ponsse Oyj","2.711323764","10.3430942483","19.9429662958","59","99","Balanced","Mid Cap"
"fi","SAA1V","Sanoma Oyj","4.4925124792","11.1697027804","14.3030130351","57","86","Balanced","Mid Cap"
"se","KAMBI","Kambi","0","29.2184363802","39.787996161","50","81","Speculative","Mid Cap"
"fi","OLVAS","Olvi Oyj","2.8103044496","12.6332140555","17.1252531469","49","92","Conservative","Mid Cap"
"fi","ALMA","Alma Media Oyj","3.664921466","26.0711692084","25.1152073733","49","84","Balanced","Mid Cap"
"no","GSF","Grieg Seafood Asa","0","45.1651975553","12.7538760153","48","96","Speculative","Mid Cap"
"fi","ROVIO","Rovio Entertainment Oyj","1.6371077763","12.962962963","16.5875863133","46","95","Adventurous","Mid Cap"
"se","NOLA B","Nolato Ab","2.2028985507","10.5770887166","27.4004960435","42","97","Balanced","Mid Cap"
"se","MYCR","Mycronic Ab (publ)","0","21.3376483279","22.4969433501","39","97","Adventurous","Mid Cap"
"fi","EQV1V","Eq Oyj","4.329004329","58.3732840084","51.6311864407","32","93","Balanced","Mid Cap"
"se","BEIA B","Beijer Alma Ab","1.5452538631","13.5288113575","21.1395056697","32","80","Balanced","Mid Cap"
"se","FOI B","Fenix Outdoor International Ag","1.445485254","13.2646117859","11.2781934054","32","98","Adventurous","Mid Cap"
"se","XANO B","Xano Industri Ab","1.0245901639","14.30273334","28.1481182796","31","90","Adventurous","Mid Cap"
"no","BRG","Borregaard Asa","0","12.5753660637","17.5411913815","27","89","Speculative","Mid Cap"
"fi","MEKKO","Marimekko Oyj","1.4265335235","22.8555882956","39.717134449","26","98","Adventurous","Mid Cap"
"dk","OSSR","Ossur Hf","0","10.2748274936","10.7183832483","24","85","Balanced","Mid Cap"
"fi","VAIAS","Vaisala Oyj","1.662591687","13.8844485042","17.9434092478","22","90","Adventurous","Mid Cap"
"dk","SIM","Simcorp A/s","0","18.0216976912","36.5812653715","20","93","Balanced","Mid Cap"
