"Flag","Ticker","Name","Yield TTM (%)","FCF / Sales TTM (%)","ROE TTM (%)","Value Rank","Quality Rank","Risk Rating","Size Group"
"dk","DNORD","Dampskibsselskabet Norden A/S","14.9509398821","14.3027905764","49.8581816307","96","86","Adventurous","Mid Cap"
"no","RAKP","RAK Petroleum","0","35.8032068519","14.1069397042","96","91","Speculative","Mid Cap"
"no","ELK","Elkem ASA","7.7559462254","10.0956130484","42.9414021291","95","92","Adventurous","Mid Cap"
"no","DNO","DNO ASA","3.3055204086","59","28.8964839178","89","98","Speculative","Mid Cap"
"se","INWI","Inwido AB (publ)","5.8908045977","10.4677602729","17.0809735364","84","83","Adventurous","Mid Cap"
"dk","STG","Scandinavian Tobacco A/S","6.7446043165","12.7724597182","15.2852826931","82","87","Balanced","Mid Cap"
"no","WAWI","Wallenius Wilhelmsen ASA","1.0454657293","15.2257771727","15.1053864169","80","83","Speculative","Mid Cap"
"se","IPCO","International Petroleum","0","35.1561761514","24.4767276389","77","83","Speculative","Mid Cap"
"se","BETS B","Betsson AB","0","12.7664885687","16.6029696645","72","87","Adventurous","Mid Cap"
"no","EPR","Europris ASA","6.7226890756","12.7322356935","48.6211215133","71","90","Speculative","Mid Cap"
"no","GSF","Grieg Seafood ASA","2.479338843","51.5365760467","30.8486127822","66","97","Speculative","Mid Cap"
"fi","ROVIO","Rovio Entertainment Oyj","2.0016680567","19.2863791103","16.925204918","57","97","Adventurous","Mid Cap"
"fi","ALMA","Alma Media Oyj","3.6082474227","27.1158313973","42.5201938611","49","97","Balanced","Mid Cap"
"no","BOUV","Bouvet ASA","4.8275862069","10.99344268","88.9093713047","38","99","Speculative","Mid Cap"
"se","SKIS B","SkiStar AB","1.0917030568","15.6507557679","30.3660072026","37","87","Adventurous","Mid Cap"
"se","KAMBI","Kambi","0","12.1075930119","19.5027356465","31","84","Speculative","Mid Cap"
"fi","EQV1V","eQ Oyj","4.3956043956","38.6839343582","68.3083220736","27","84","Adventurous","Mid Cap"
