"Flag","Ticker","Name","Yield TTM (%)","FCF / Sales TTM (%)","ROE TTM (%)","Value Rank","Quality Rank","Risk Rating","Size Group"
"se","BONAV B","Bonava Ab (publ)","4.5918367347","10.2714242147","11.9815059445","92","82","Adventurous","Mid Cap"
"se","BETS B","Betsson Ab","0","17.3100114367","21.9280416542","92","92","Adventurous","Mid Cap"
"se","MEKO","Mekonomen Ab","0","10.4154573348","13.5192226447","86","93","Adventurous","Mid Cap"
"dk","STG","Scandinavian Tobacco A/s","4.6897546898","16.0544769063","13.043403068","80","94","Balanced","Mid Cap"
"dk","UIE","United International Enterprises","3.1189152542","16.1686752533","24.4913197685","77","82","Conservative","Mid Cap"
"se","KIND SDB","Kindred","2.1200572257","25.5400898942","69.3321217628","77","99","Speculative","Mid Cap"
"se","NEWA B","New Wave Ab","0","20.0442315954","15.9622828066","74","91","Speculative","Mid Cap"
"se","ELAN B","Elanders Ab","1.9546027743","10.5881412108","12.0434782609","73","96","Adventurous","Mid Cap"
"no","AUSS","Austevoll Seafood Asa","0","12.5459108439","15.1558685156","72","94","Balanced","Mid Cap"
"fi","TOKMAN","Tokmanni","4.8515981735","11.0128305431","41.1630321911","71","96","Balanced","Mid Cap"
"no","EPR","Europris Asa","4.0328603435","18.0569457734","45.3349823392","71","91","Speculative","Mid Cap"
"se","CLAS B","Clas Ohlson Ab","2.8915662651","13.3114471256","22.7915194346","70","96","Adventurous","Mid Cap"
"fi","UPONOR","Uponor Oyj","1.5675675676","12.0294210693","27.0943294086","63","98","Adventurous","Mid Cap"
"se","FAG","Fagerhult Ab","0.8928571429","10.1612949516","14.6485241056","56","84","Adventurous","Mid Cap"
"fi","FSKRS","Fiskars Oyj Abp","1.4184397163","11.4377470356","12.2235309514","55","95","Balanced","Mid Cap"
"fi","ROVIO","Rovio Entertainment Oyj","1.825095057","13.998542385","15.4028136664","53","96","Adventurous","Mid Cap"
"fi","TTALO","Terveystalo Oyj","1.1796733212","12.3689916877","13.2815868909","52","83","Balanced","Mid Cap"
"fi","PON1V","Ponsse Oyj","1.5768725361","11.4124825701","21.8295689304","48","99","Balanced","Mid Cap"
"fi","ALMA","Alma Media Oyj","3.0612244898","24.4024672321","20.2223398624","47","97","Balanced","Mid Cap"
"fi","OLVAS","Olvi Oyj","1.1603375527","16.2185565712","16.3173433469","41","86","Balanced","Mid Cap"
"se","MYCR","Mycronic Ab (publ)","1.7172295363","20.9967697277","23.6827033219","37","95","Adventurous","Mid Cap"
"se","NMAN","Nederman Holding Ab","0.5540166205","11.5575396825","18.8068549624","37","89","Adventurous","Mid Cap"
"se","ASPIRE","Aspire Global","0","11.2082592373","38.6232198366","37","87","Speculative","Mid Cap"
"se","FOI B","Fenix Outdoor International Ag","1.3896444886","13.2646117859","11.2781934054","33","98","Balanced","Mid Cap"
"fi","EQV1V","Eq Oyj","3.2558139535","55.9955645059","58.2145653876","33","95","Balanced","Mid Cap"
"se","XANO B","Xano Industri Ab","0.9689922481","14.30273334","28.1481182796","31","90","Adventurous","Mid Cap"
"fi","MEKKO","Marimekko Oyj","1.5151515152","22.8555882956","39.717134449","31","98","Adventurous","Mid Cap"
"se","EPRO B","Electrolux Professional Publ Ab","0","12.3514487916","13.8332255979","31","84","Speculative","Mid Cap"
"no","BOUV","Bouvet Asa","3.0386740331","10.2454918198","62.041419234","31","95","Speculative","Mid Cap"
"no","BRG","Borregaard Asa","1.1990407674","15.1132174829","19.9299229152","26","87","Speculative","Mid Cap"
"se","COIC","Concentric Ab","1.4492753623","17.6666666667","26.1682242991","24","92","Adventurous","Mid Cap"
"fi","FSC1V","F-secure Oyj","0.9950248756","12.7861085794","17.1571512655","23","98","Balanced","Mid Cap"
"fi","VAIAS","Vaisala Oyj","1.3800904977","12.4553465111","19.1807228916","20","96","Adventurous","Mid Cap"
