"Flag","Ticker","Name","Yield TTM (%)","FCF / Sales TTM (%)","ROE TTM (%)","Value Rank","Quality Rank","Risk Rating","Size Group"
"no","RAKP","RAK Petroleum","0","35.8032068519","14.1069397042","99","90","Speculative","Small Cap"
"no","WILS","Wilson ASA","6.9539573155","23.9059072117","42.6286533862","91","91","Speculative","Small Cap"
"no","RANA","Rana Gruber ASA","22.0489977728","29.4216140841","81.9214386683","91","97","Speculative","Small Cap"
"se","KABE B","KABE AB","6.0782241015","10.0407450524","17.1294485725","90","99","Balanced","Small Cap"
"no","B2H","B2holding ASA","4.6666666667","107.9508726568","11.3822848727","90","80","Speculative","Small Cap"
"dk","NORTHM","North Media A/S","6.9735006974","13.3450224041","15.7880179233","82","90","Adventurous","Small Cap"
"no","ABG","ABG Sundal Collier Holding ASA","0","23.6349071033","53.5219726027","79","86","Speculative","Small Cap"
"no","KID","Kid ASA","9.5661846496","15.7504302541","31.2987728163","76","92","Adventurous","Small Cap"
"fi","ALEX","Alexandria Pankkiiriliike Oyj","7.75","18.9706409257","34.5578339007","73","94","Adventurous","Small Cap"
"dk","JOBNDX","Jobindex A/S","9.4936708861","49.5364300321","115.9028014394","64","81","Balanced","Small Cap"
"se","BORG","Bjorn Borg AB","0","13.1807686841","26.3992186913","60","94","Adventurous","Small Cap"
"se","G5EN","G5 Entertainment AB (publ)","2.9686174724","12.3076306387","37.9328252144","58","99","Speculative","Small Cap"
"se","SOF B","Softronic AB","5.8189655172","12.6816176059","37.2581305436","57","96","Adventurous","Small Cap"
"fi","TITAN","Titanium Oyj","6.9465648855","50.1218113484","40.0041413804","54","93","Balanced","Small Cap"
"se","PREV B","Prevas AB","2.8363047002","10.8751739699","27.6625726177","54","83","Speculative","Small Cap"
"se","KOBR B","Kopparbergs Bryggeri AB","4.1907514451","13.2163627329","23.0341082819","50","99","Balanced","Small Cap"
"se","B3","B3 Consulting AB (publ)","2.7237354086","10.3493244877","40.6962213627","48","90","Adventurous","Small Cap"
"fi","WITH","WithSecure Oyj","0","10.2308848115","14.2976932125","45","93","Adventurous","Small Cap"
"se","NTEK B","Novotek AB","2.4154589372","11.2599890369","24.2587584511","44","98","Adventurous","Small Cap"
"se","INFRA","Infracom AB (publ)","2.1367521368","21.2937533892","26.6382683908","42","87","Adventurous","Small Cap"
"se","BAHN B","Bahnhof AB (publ)","2.828854314","11.3082391636","33.1542549413","30","95","Balanced","Small Cap"
"se","PRFO","Profoto Holding AB (publ)","3.5035035035","28.2580645161","45.6284153005","30","98","Speculative","Small Cap"
"se","SINT","SinterCast AB","4.1666666667","19.6942446043","28.5113540791","23","96","Adventurous","Small Cap"
"se","TEQ","Teqnion AB","0.3581661891","11.2245003512","31.6608493079","23","87","Speculative","Small Cap"
