"Flag","Ticker","Name","Yield TTM (%)","FCF / Sales TTM (%)","ROE TTM (%)","Value Rank","Quality Rank","Risk Rating","Size Group"
"dk","MAERSK B","AP Moeller - Maersk A/S","18.0589335035","35.6212370005","61.9939317785","99","94","Adventurous","Large Cap"
"no","NHY","Norsk Hydro ASA","9.3656002188","10.0334305021","33.562578521","91","87","Adventurous","Large Cap"
"no","EQNR","Equinor ASA","6.5694026575","20.9426429852","60.7571120365","88","97","Balanced","Large Cap"
"no","AKRBP","Aker BP ASA","5.5753060922","40.2610284791","27.5049715534","81","87","Speculative","Large Cap"
"no","WAWI","Wallenius Wilhelmsen ASA","0.6763940777","17.7456526294","20.5242610151","72","91","Speculative","Large Cap"
"no","SALM","SalMar ASA","6.0975609756","13.6615550277","29.0972172352","62","89","Adventurous","Large Cap"
"dk","PNDORA","Pandora A/S","4.2682926829","13.5724880943","70.2561341435","54","89","Adventurous","Large Cap"
"se","HPOL B","Hexpol AB","5.1993067591","10.118561897","18.7482207491","49","82","Adventurous","Large Cap"
"se","HOLM B","Holmen AB","2.6925778506","14.2412243627","11.2096146759","48","86","Conservative","Large Cap"
"dk","CARL B","Carlsberg A/S","2.6507620941","16.5525182438","20.1776256385","43","90","Conservative","Large Cap"
"fi","ORNBV","Orion Oyj","3.0568575504","33.5853621654","40.9003440434","32","93","Balanced","Large Cap"
"se","SOBI","Swedish Orphan Biovitrum AB (publ)","0","18.2470614828","10.6520252948","30","80","Adventurous","Large Cap"
"fi","ELISA","Elisa Oyj","4.0513833992","15.3300989346","32.1026862512","29","91","Conservative","Large Cap"
"dk","DEMANT","Demant A/S","0","10.2755145798","33.1807062661","28","86","Adventurous","Large Cap"
