"Flag","Ticker","Name","Yield TTM (%)","FCF / Sales TTM (%)","ROE TTM (%)","Value Rank","Quality Rank","Risk Rating","Size Group"
"fi","SAGCV","Saga Furs Oyj","8.8275862069","225.9131322251","15.2854106257","98","88","Speculative","Micro Cap"
"fi","IFA1V","Innofactor","0","12.7373274667","18.4408778251","82","90","Adventurous","Micro Cap"
"dk","KLEE B","Brd Klee A/s","9.3342364532","11.6970574253","16.6819955375","80","98","Adventurous","Micro Cap"
"dk","FED","Fast Ejendom Danmark A/s","0","31.9788897778","17.2496637094","77","81","Balanced","Micro Cap"
"fi","TRH1V","Trainers' House Oyj","9.8452883263","15.6507392797","22.0592708024","77","90","Speculative","Micro Cap"
"se","CAM B","Consensus Asset Management Ab (publ)","10.5898123324","26.9197415985","35.0482576964","77","85","Highly Speculative","Micro Cap"
"dk","STRINV","Strategic Investments A/s","1.7391304348","95.1442207927","19.6433468081","74","92","Conservative","Micro Cap"
"se","QAIR","Qleanair Ab","3.7641154329","16.6956827961","33.7651459682","72","83","Speculative","Micro Cap"
"se","EURO","Eurocon Consulting Ab (publ)","5.4794520548","12.4757092888","20.0703685192","70","97","Adventurous","Micro Cap"
"se","RAIL","Railcare Ab","2.7649769585","13.0290035758","19.4773227695","64","81","Adventurous","Micro Cap"
"se","WAYS","Waystream Holding Ab (publ)","0","27.0878889402","31.7217525806","62","86","Highly Speculative","Micro Cap"
"se","TPGR","Time People Ab (publ)","0","13.4332557965","28.8678710993","60","83","Speculative","Micro Cap"
"se","DIAH","Diadrom Holding Ab","5.9190031153","17.8205368876","39.7303420456","57","86","Adventurous","Micro Cap"
"fi","EAB","Eab Oyj","3.1609195402","19.8198198198","10.6060606061","50","87","Speculative","Micro Cap"
"se","FIRE","Firefly Ab","3.1806615776","10.3303101258","27.9879567334","44","94","Balanced","Micro Cap"
