"Flag","Ticker","Name","Yield TTM (%)","FCF / Sales TTM (%)","ROE TTM (%)","Value Rank","Quality Rank","Risk Rating","Size Group"
"fi","SAGCV","Saga Furs Oyj","9.3430656934","225.9131322251","15.2854106257","98","88","Speculative","Micro Cap"
"dk","STRINV","Strategic Investments A/s","5.7692307692","64.6976664407","37.1019232888","92","88","Conservative","Micro Cap"
"se","ANGL","Angler Gaming","19.6584421879","24.2999536282","77.7618784562","91","96","Speculative","Micro Cap"
"fi","HONBS","Honkarakenne Oyj","4.7348484848","10.3299856528","20.9370935507","89","95","Adventurous","Micro Cap"
"se","CAM B","Consensus Asset Management Ab (publ)","15.3153153153","35.8218103574","65.4023592835","88","85","Highly Speculative","Micro Cap"
"fi","TRH1V","Trainers' House Oyj","4.3227665706","12.9039168567","26.7707393266","80","85","Speculative","Micro Cap"
"dk","KLEE B","Brd Klee A/s","9.2884803922","11.6970574253","16.6819955375","80","98","Adventurous","Micro Cap"
"se","BOSJO","Bosjo Fastigheter Ab (publ)","2.599112426","26.4916957146","12.7965868029","66","86","Balanced","Micro Cap"
"fi","EAB","Eab Oyj","4","19.8198198198","10.6329113924","65","94","Speculative","Micro Cap"
"se","LINKAB","Link Prop Investment Ab (publ)","5.5172413793","58.6880519448","11.5559996287","63","84","Balanced","Micro Cap"
"se","NTEK B","Novotek Ab","4.2938931298","11.5772813728","27.8233979136","61","89","Adventurous","Micro Cap"
"se","EURO","Eurocon Consulting Ab (publ)","3.1152647975","11.0724405799","16.0812163878","61","99","Adventurous","Micro Cap"
"se","NEPA","Nepa Ab","0","11.0354816354","42.4703262151","41","93","Speculative","Micro Cap"
"se","FIRE","Firefly Ab","2.6992287918","11.2965459201","20.2460740828","40","81","Balanced","Micro Cap"
