"Flag","Ticker","Name","Yield TTM (%)","FCF / Sales TTM (%)","ROE TTM (%)","Value Rank","Quality Rank","Risk Rating","Size Group"
"se","SSAB A","SSAB AB","9.2494714588","12.0411854738","27.4271323708","98","86","Adventurous","Large Cap"
"dk","MAERSK B","AP Moeller - Maersk A/S","13.3082658264","33.2094988345","58.8914889349","97","92","Adventurous","Large Cap"
"no","EQNR","Equinor ASA","3.2797986981","28.0971048902","28.9179198947","77","94","Balanced","Large Cap"
"se","HM B","H & M Hennes & Mauritz AB","5.3401248768","18.5992416123","21.5538319968","67","90","Adventurous","Large Cap"
"no","AKRBP","Aker BP ASA","3.7684572737","44.8530548074","53.6791788178","67","95","Speculative","Large Cap"
"dk","PNDORA","Pandora A/S","5.2292839903","19.5012813733","67.2211495619","62","91","Adventurous","Large Cap"
"dk","CARL B","Carlsberg A/S","2.7771349225","13.5636461866","16.4470444089","48","87","Conservative","Large Cap"
"se","LUND B","L E Lundbergforetagen AB (publ)","0.7749535028","19.197003866","12.2997516677","41","88","Conservative","Large Cap"
"fi","KNEBV","Kone Oyj","4.6113306983","12.0758267087","41.3124728379","38","82","Conservative","Large Cap"
"se","SOBI","Swedish Orphan Biovitrum AB (publ)","0","29.6492586197","11.3175410681","37","83","Adventurous","Large Cap"
"no","MOWI","Mowi ASA","2.8421036682","14.7177136442","14.5289407893","32","86","Balanced","Large Cap"
"se","GETI B","Getinge AB","1.4331780724","15.4750027713","11.7186859998","30","80","Balanced","Large Cap"
"fi","ELISA","Elisa Oyj","3.7669974274","16.9502391873","27.5146417201","29","82","Conservative","Large Cap"
"no","KOG","Kongsberg Gruppen ASA","0.9581881533","11.5282073158","15.773523542","25","86","Balanced","Large Cap"
"fi","ORNBV","Orion Oyj","3.9598732841","11.7365039793","30.1702395965","25","84","Balanced","Large Cap"
"dk","DEMANT","Demant A/S","0","14.7518731676","30.9730695754","23","95","Adventurous","Large Cap"
"no","SALM","SalMar ASA","2.7816411683","11.6560295661","23.935107365","21","85","Balanced","Large Cap"
"se","ATCO A","Atlas Copco AB","1.8071143238","15.2934934813","28.427596709","20","93","Balanced","Large Cap"
"se","FOI B","Fenix Outdoor International Ag","2.2432453995","12.9430028767","15.5873728702","20","95","Adventurous","Large Cap"
