"Flag","Ticker","Name","Yield TTM (%)","FCF / Sales TTM (%)","ROE TTM (%)","Value Rank","Quality Rank","Risk Rating","Size Group"
"dk","STRINV","Strategic Investments A/s","5.1724137931","64.6976664407","37.1019232888","91","88","Conservative","Micro Cap"
"se","CAM B","Consensus Asset Management Ab (publ)","14.1666666667","35.8218103574","65.4023592835","88","85","Highly Speculative","Micro Cap"
"dk","KLEE B","Brd Klee A/s","8.813255814","11.6970574253","16.6819955375","80","98","Adventurous","Micro Cap"
"fi","TRH1V","Trainers' House Oyj","4.0540540541","12.9039168567","26.7707393266","80","84","Speculative","Micro Cap"
"se","BOSJO","Bosjo Fastigheter Ab (publ)","2.6381381381","26.4916957146","12.7965868029","69","86","Balanced","Micro Cap"
"se","EURO","Eurocon Consulting Ab (publ)","3.0769230769","11.0724405799","16.0812163878","64","99","Adventurous","Micro Cap"
"se","LINKAB","Link Prop Investment Ab (publ)","5.2287581699","58.6880519448","11.5559996287","64","83","Balanced","Micro Cap"
"se","FIRE","Firefly Ab","2.807486631","11.2965459201","20.2460740828","45","81","Balanced","Micro Cap"
"se","NEPA","Nepa Ab","0","11.0354816354","42.4703262151","41","93","Speculative","Micro Cap"
