"Flag","Ticker","Name","Yield TTM (%)","FCF / Sales TTM (%)","ROE TTM (%)","Value Rank","Quality Rank","Risk Rating","Size Group"
"no","ELK","Elkem ASA","7.8947368421","10.0956130484","42.9414021291","96","91","Adventurous","Mid Cap"
"fi","TYRES","Nokian Tyres","4.912907548","10.6216457961","13.3052194108","88","96","Adventurous","Mid Cap"
"no","DNO","DNO ASA","1.8062287312","59.1633296413","28.5172027836","85","97","Speculative","Mid Cap"
"se","INWI","Inwido AB (publ)","5.1507537688","10.4677602729","17.0809735364","79","83","Adventurous","Mid Cap"
"no","WAWI","Wallenius Wilhelmsen ASA","2.3118195948","15.7330154946","11.5399763686","78","83","Speculative","Mid Cap"
"dk","STG","Scandinavian Tobacco A/S","5.3418803419","16.4633484163","15.4235872589","76","92","Balanced","Mid Cap"
"se","IPCO","International Petroleum","0","35.1561761514","24.4767276389","76","82","Speculative","Mid Cap"
"no","EPR","Europris ASA","6.9747166521","12.7322356935","48.6211215133","74","89","Speculative","Mid Cap"
"dk","DRLCO","Drilling of 1972 A/S","0","16.8902920284","13.4194143417","71","85","Speculative","Mid Cap"
"se","KIND SDB","Kindred","5.1672923958","12.4382421773","44.807353804","70","84","Speculative","Mid Cap"
"no","AUSS","Austevoll Seafood ASA","3.8659793814","12.4082646494","15.5566892979","65","82","Balanced","Mid Cap"
"fi","ALMA","Alma Media Oyj","3.524672709","27.1158313973","42.5201938611","48","96","Balanced","Mid Cap"
"fi","ROVIO","Rovio Entertainment Oyj","1.825095057","16.5083978903","14.8699315429","48","96","Adventurous","Mid Cap"
"no","GSF","Grieg Seafood ASA","2.1126760563","54.0921298071","22.124906198","45","97","Speculative","Mid Cap"
"fi","SANOMA","Sanoma Oyj","3.698630137","11.892021404","15.5277228448","40","88","Speculative","Mid Cap"
"fi","ETTE","Etteplan Oyj","2.3391812865","10.2286683063","20.7135867975","39","85","Adventurous","Mid Cap"
"no","BOUV","Bouvet ASA","4.4444444444","11.5568894813","57.8510017846","36","99","Speculative","Mid Cap"
"se","SKIS B","SkiStar AB","0.9683666882","15.6507557679","30.3660072026","33","86","Adventurous","Mid Cap"
"fi","EQV1V","eQ Oyj","4.4943820225","48.9362726223","80.0998116006","28","83","Adventurous","Mid Cap"
"fi","MEKKO","Marimekko Oyj","1.0843373494","19.5460142742","42.7374659482","24","99","Adventurous","Mid Cap"
