"Flag","Ticker","Name","Yield TTM (%)","FCF / Sales TTM (%)","ROE TTM (%)","Value Rank","Quality Rank","Risk Rating","Size Group"
"no","HYARD","Havyard ASA","0","35.171609482","54.9786534554","99","88","Highly Speculative","Micro Cap"
"fi","SAGCV","Saga Furs Oyj","17.6888888889","225.9131322251","15.2854106257","99","88","Speculative","Micro Cap"
"se","CAM B","Consensus Asset Management AB (publ)","20.6806282723","47.0500747124","11.8611463073","82","85","Highly Speculative","Micro Cap"
"dk","FED","Fast Ejendom Danmark A/S","0","31.9187812034","19.7082221221","78","82","Conservative","Micro Cap"
"se","OGUN B","Ogunsen AB (publ)","8.6614173228","10.1856231185","50.9741697417","75","93","Speculative","Micro Cap"
"fi","TRH1V","Trainers' House Oyj","11.2903225806","13.310420126","24.4515489965","75","84","Speculative","Micro Cap"
"se","QAIR","Qleanair AB","4.6875","11.4438455712","27.4535816","72","83","Speculative","Micro Cap"
"se","EURO","Eurocon Consulting AB (publ)","5.7142857143","10.3525638953","25.1815352697","71","97","Adventurous","Micro Cap"
"se","TPGR","Time People AB (publ)","0","13.4332557965","28.8678710993","55","84","Speculative","Micro Cap"
"fi","EAB","EAB Oyj","3.2934131737","19.8198198198","10.6060606061","46","87","Adventurous","Micro Cap"
"se","NEPA","Nepa AB","1.9278996865","12.4089995769","43.0940465254","44","84","Speculative","Micro Cap"
