"Flag","Ticker","Name","Yield TTM (%)","FCF / Sales TTM (%)","ROE TTM (%)","Value Rank","Quality Rank","Risk Rating","Size Group"
"fi","TYRES","Nokian Tyres","4.214559387","16.1542500438","13.0966369208","88","98","Adventurous","Mid Cap"
"se","BETS B","Betsson Ab","0","16.9251765197","19.887818342","86","85","Adventurous","Mid Cap"
"se","INWI","Inwido Ab (publ)","5.0742574257","10.6240857487","16.2006092848","83","88","Adventurous","Mid Cap"
"se","KIND SDB","Kindred","4.902188146","18.839314068","60.7988470249","82","94","Speculative","Mid Cap"
"no","EPR","Europris Asa","6.9991251094","17.4233772806","44.7616234013","82","89","Speculative","Mid Cap"
"no","ABG","Abg Sundal Collier Holding Asa","0","24.5213355062","72.1025449308","81","91","Speculative","Mid Cap"
"dk","STG","Scandinavian Tobacco A/s","5.2631578947","16.1101461246","16.0391231884","80","91","Balanced","Mid Cap"
"no","KID","Kid Asa","8.6432160804","18.7624148557","31.4167985146","79","91","Adventurous","Mid Cap"
"fi","TIETO","Tietoevry","5.7899090157","10.1544237444","16.9175876773","78","97","Balanced","Mid Cap"
"no","DNO","Dno Asa","1.3934296886","53.2815456628","21.872988629","78","95","Speculative","Mid Cap"
"se","IPCO","International Petroleum","0","35.5557923137","18.7732008662","74","86","Speculative","Mid Cap"
"dk","DRLCO","Maersk Drilling A/s","0","16.8902920284","13.4194143417","70","83","Speculative","Mid Cap"
"se","CLAS B","Clas Ohlson Ab","2.7106863597","10.5242209267","20.8181218386","63","97","Adventurous","Mid Cap"
"se","KAMBI","Kambi","0","29.2184363802","39.787996161","60","81","Speculative","Mid Cap"
"se","NEWA B","New Wave Ab","4.3398211468","16.123894859","18.0772019925","59","87","Speculative","Mid Cap"
"fi","PON1V","Ponsse Oyj","2.0304568528","10.3429609146","19.9429662958","58","99","Balanced","Mid Cap"
"fi","SAA1V","Sanoma Oyj","4.4481054366","11.1697027804","14.3030130351","56","86","Balanced","Mid Cap"
"fi","ALMA","Alma Media Oyj","3.6534446764","28.2697547684","37.9146919431","53","84","Balanced","Mid Cap"
"fi","ROVIO","Rovio Entertainment Oyj","1.6901408451","13.9422270669","16.6067428732","48","95","Adventurous","Mid Cap"
"fi","MEKKO","Marimekko Oyj","5.2249637155","22.9867237744","39.9620157831","42","99","Adventurous","Mid Cap"
"no","GSF","Grieg Seafood Asa","2.1913805698","45.1651975553","12.1675783303","38","95","Speculative","Mid Cap"
"no","BRG","Borregaard Asa","2.8058361392","15.0732127476","17.5411913815","34","99","Speculative","Mid Cap"
"fi","EQV1V","Eq Oyj","4.329004329","58.3754876054","51.6311864407","32","93","Adventurous","Mid Cap"
"se","MYCR","Mycronic Ab (publ)","1.7889087657","13.1056039294","15.1108883599","28","88","Adventurous","Mid Cap"
"se","PRFO","Profoto Holding Ab (publ)","2.9711375212","28.6885245902","47.5187969925","26","97","Speculative","Mid Cap"
"se","XANO B","Xano Industri Ab","1.1589403974","11.2027927642","28.5956644123","25","84","Adventurous","Mid Cap"
"dk","SIM","Simcorp A/s","0","18.0216976912","36.5812653715","24","92","Balanced","Mid Cap"
"dk","OSSR","Ossur Hf","0","10.2748274936","10.7183832483","23","84","Balanced","Mid Cap"
"fi","VAIAS","Vaisala Oyj","1.6545012165","13.8844485042","17.9434092478","22","90","Balanced","Mid Cap"
