"Flag","Ticker","Name","Yield TTM (%)","FCF / Sales TTM (%)","ROE TTM (%)","Value Rank","Quality Rank","Risk Rating","Size Group"
"se","SSAB A","SSAB AB","11.3170942013","12.0411854738","27.4271323708","98","86","Adventurous","Large Cap"
"dk","MAERSK B","AP Moeller - Maersk A/S","15.3863044583","33.2094988345","58.8914889349","97","92","Adventurous","Large Cap"
"no","EQNR","Equinor ASA","3.5004989967","28.0971048902","28.9179198947","78","94","Balanced","Large Cap"
"no","AKRBP","Aker BP ASA","4.4729250033","44.8530548074","53.6791788178","73","95","Speculative","Large Cap"
"se","HM B","H & M Hennes & Mauritz AB","5.2597507687","18.5992416123","21.5538319968","64","91","Adventurous","Large Cap"
"dk","PNDORA","Pandora A/S","5.5448923011","19.5012813733","67.2211495619","62","92","Adventurous","Large Cap"
"dk","CARL B","Carlsberg A/S","2.642007926","13.5636461866","16.4470444089","42","87","Conservative","Large Cap"
"fi","KNEBV","Kone Oyj","4.6052631579","12.0758267087","41.3124728379","36","82","Conservative","Large Cap"
"se","GETI B","Getinge AB","1.6934801016","15.4750027713","11.7186859998","36","81","Adventurous","Large Cap"
"no","MOWI","Mowi ASA","3.0766752423","14.7177136442","14.5289407893","33","86","Balanced","Large Cap"
"se","SOBI","Swedish Orphan Biovitrum AB (publ)","0","29.6492586197","11.3175410681","33","83","Adventurous","Large Cap"
"fi","ELISA","Elisa Oyj","3.840389659","16.9502391873","27.5146417201","28","82","Conservative","Large Cap"
"no","KOG","Kongsberg Gruppen ASA","1.0172626387","11.5282073158","15.773523542","25","86","Balanced","Large Cap"
"no","SALM","SalMar ASA","3.0326004549","11.6560295661","23.935107365","22","85","Balanced","Large Cap"
"dk","DEMANT","Demant A/S","0","14.7518731676","30.9730695754","22","95","Adventurous","Large Cap"
"fi","ORNBV","Orion Oyj","3.8090401219","11.7365039793","30.1702395965","22","84","Balanced","Large Cap"
"se","ATCO A","Atlas Copco AB","1.9080136574","15.2934934813","28.427596709","20","93","Balanced","Large Cap"
