"Flag","Ticker","Name","Yield TTM (%)","FCF / Sales TTM (%)","ROE TTM (%)","Value Rank","Quality Rank","Risk Rating","Size Group"
"se","SSAB A","SSAB AB","10.4001584786","12.2768454132","31.4750740262","98","88","Adventurous","Large Cap"
"dk","MAERSK B","AP Moeller - Maersk A/S","15.3105685054","33.2094988345","58.8914889349","97","93","Adventurous","Large Cap"
"no","EQNR","Equinor ASA","3.4557643156","28.0971048902","28.9179198947","77","95","Balanced","Large Cap"
"dk","PNDORA","Pandora A/S","5.0270688322","19.5012813733","67.2211495619","58","93","Adventurous","Large Cap"
"se","HM B","H & M Hennes & Mauritz AB","2.4170757102","15.1128348483","23.6302013003","51","87","Adventurous","Large Cap"
"dk","CARL B","Carlsberg A/S","2.5526483727","13.5636461866","16.4470444089","41","89","Conservative","Large Cap"
"no","MOWI","Mowi ASA","3.1038123635","14.7177136442","14.5289407893","34","93","Balanced","Large Cap"
"se","SOBI","Swedish Orphan Biovitrum AB (publ)","0","19.5383205407","11.0549450549","32","85","Adventurous","Large Cap"
"fi","ELISA","Elisa Oyj","3.8752362949","15.6908324858","34.5752608048","28","94","Conservative","Large Cap"
"no","SALM","SalMar ASA","2.9850746269","11.6560295661","23.935107365","22","87","Balanced","Large Cap"
"dk","DEMANT","Demant A/S","0","14.7518731676","30.9730695754","22","96","Adventurous","Large Cap"
