"Flag","Ticker","Name","Yield TTM (%)","FCF / Sales TTM (%)","ROE TTM (%)","Value Rank","Quality Rank","Risk Rating","Size Group"
"no","WILS","Wilson ASA","7.3533778509","24.5995920938","51.5298437792","92","97","Speculative","Small Cap"
"no","RANA","Rana Gruber ASA","21.1691542289","26.2156710593","71.5634656731","91","98","Speculative","Small Cap"
"no","SBO","Selvaag Bolig ASA","15.1515151515","23.4403464801","25.1168119684","91","93","Speculative","Small Cap"
"se","RROS","Rottneros AB","4.7318611987","12.4425727412","23.2025207677","89","84","Balanced","Small Cap"
"dk","NORTHM","North Media A/S","7.6103500761","15.3541021672","29.2996358963","87","95","Adventurous","Small Cap"
"se","TETY","Tethys Oil AB","4.3659139155","12.3595505618","14.7720485765","85","98","Adventurous","Small Cap"
"no","KCC","Klaveness Combination Carriers ASA","9.4605192934","37.3819611385","18.5810670456","85","87","Adventurous","Small Cap"
"no","ABG","ABG Sundal Collier Holding ASA","0","23.6349071033","53.5219726027","75","88","Speculative","Small Cap"
"fi","ALEX","Alexandria Pankkiiriliike Oyj","9.872611465","15.3358739035","25.8455882353","73","90","Adventurous","Small Cap"
"no","KID","Kid ASA","5.0955414013","15.0826102543","32.0886504089","71","80","Adventurous","Small Cap"
"se","G5EN","G5 Entertainment AB (publ)","3.9193729003","17.7199518326","30.8164836517","68","99","Speculative","Small Cap"
"se","PREV B","Prevas AB","3.8674033149","10.8751739699","27.6625726177","66","84","Speculative","Small Cap"
"dk","JOBNDX","Jobindex A/S","9.8039215686","49.5364300321","115.9028014394","63","83","Balanced","Small Cap"
"se","KOBR B","Kopparbergs Bryggeri AB","5.4266467066","14.1711407484","23.2864871021","59","99","Balanced","Small Cap"
"se","SOF B","Softronic AB","6.2937062937","12.6816176059","37.2581305436","56","97","Adventurous","Small Cap"
"fi","UNITED","United Bankers","5.223880597","27.9973077424","29.1025771621","54","84","Balanced","Small Cap"
"fi","TITAN","Titanium Oyj","6.7657992565","49.0478663715","56.7607862376","52","94","Balanced","Small Cap"
"se","B3","B3 Consulting AB (publ)","2.7559055118","10.8407185951","49.8123486683","49","92","Adventurous","Small Cap"
"fi","SIILI","Siili Solutions Oyj","1.2857142857","11.1472623084","20.4824805795","45","97","Balanced","Small Cap"
"se","INFRA","Infracom AB (publ)","2.2123893805","20.9677307353","26.2894508213","39","95","Adventurous","Small Cap"
"se","PSCAND","Permascand Top Holding AB","0","21.6868204251","30.1837837838","35","82","Speculative","Small Cap"
"fi","MEKKO","Marimekko Oyj","1.6326530612","17.2844686052","53.5472831984","34","96","Adventurous","Small Cap"
"se","SLEEP","Sleep Cycle AB (publ)","0","31.9492855746","30.0013794761","31","86","Speculative","Small Cap"
"se","BAHN B","Bahnhof AB (publ)","2.9239766082","12.8303256945","39.5645573675","29","99","Balanced","Small Cap"
"fi","ADMCM","Admicom Oyj","3.1282586027","44.9375254201","29.8824620636","21","84","Adventurous","Small Cap"
"fi","GOFORE","Gofore Oyj","1.359223301","18.7849850252","14.2762607136","20","83","Adventurous","Small Cap"
