"Flag","Ticker","Name","Yield TTM (%)","FCF / Sales TTM (%)","ROE TTM (%)","Value Rank","Quality Rank","Risk Rating","Size Group"
"se","EMBELL","Embellence AB (publ)","4.1025641026","12.3607943297","19.636878165","86","84","Adventurous","Micro Cap"
"se","OGUN B","Ogunsen AB (publ)","7.8014184397","10.7836517049","62.921928038","73","92","Adventurous","Micro Cap"
"se","DIAH","Diadrom Holding AB","6.4406779661","18.2625237793","69.4775676922","67","90","Adventurous","Micro Cap"
"fi","TRH1V","Trainers' House Oyj","0","10.0617729643","15.6232788691","63","81","Speculative","Micro Cap"
"se","GENI","Generic Sweden AB (publ)","2.8901734104","12.6833358867","63.3667402752","25","98","Highly Speculative","Micro Cap"
