"Flag","Ticker","Name","Yield TTM (%)","FCF / Sales TTM (%)","ROE TTM (%)","Value Rank","Quality Rank","Risk Rating","Size Group"
"se","SSAB A","Ssab Ab","0","11.7347236997","15.3469007202","96","82","Adventurous","Large Cap"
"se","BOL","Boliden Ab","2.1784574039","11.7583892617","18.4583035269","66","88","Adventurous","Large Cap"
"no","AKRBP","Aker Bp Asa","3.4012443135","45.7364917503","30.3779762741","65","92","Speculative","Large Cap"
"fi","VALMT","Valmet Oyj","2.7447392498","10.4022546759","26.5470852018","58","89","Adventurous","Large Cap"
"se","TREL B","Trelleborg Ab","2.1872265967","16.1461041941","11.6779368333","58","92","Balanced","Large Cap"
"se","HM B","H & M Hennes & Mauritz Ab","3.8708909004","22.4125976487","15.1439907846","56","97","Adventurous","Large Cap"
"se","ERIC B","Telefonaktiebolaget Lm Ericsson","0.9964129135","14.2614888191","22.3587728209","52","88","Balanced","Large Cap"
"fi","TYRES","Nokian Tyres","2.0782819536","14.9668710137","14.4955546966","49","94","Adventurous","Large Cap"
"fi","KESKOB","Kesko Oyj","1.4132925898","10.081768434","23.9027283511","49","90","Balanced","Large Cap"
"no","KOG","Kongsberg Gruppen Asa","2.9304029304","13.0841827105","14.6503005651","49","88","Balanced","Large Cap"
"se","HPOL B","Hexpol Ab","2.2428083862","11.6956010965","22.3143611006","47","84","Adventurous","Large Cap"
"se","HUSQ B","Husqvarna Ab","1.3114754098","10.3324763223","17.4567490959","47","92","Balanced","Large Cap"
"dk","CARL B","Carlsberg A/s","2.0666979803","14.2952539171","15.5553604796","40","87","Conservative","Large Cap"
"no","MOWI","Mowi Asa","2.1504512458","14.6856762946","14.9695930142","40","88","Balanced","Large Cap"
"dk","PNDORA","Pandora A/s","1.3966480447","25.5364999551","62.2731467241","38","99","Adventurous","Large Cap"
"fi","KNEBV","Kone Oyj","4.0106951872","12.7348481926","35.2340719028","38","88","Conservative","Large Cap"
"fi","ELISA","Elisa Oyj","3.7952510705","17.7760775312","30.8180663885","37","84","Conservative","Large Cap"
"fi","ORNBV","Orion Oyj","4.39238653","11.2560054907","24.7855860648","35","82","Balanced","Large Cap"
"se","GETI B","Getinge Ab","0.9282178218","23.6013046127","14.5956607495","34","91","Adventurous","Large Cap"
"se","THULE","Thule Ab","2.6207839562","13.6533911672","32.7567370721","29","89","Balanced","Large Cap"
"se","ALFA","Alfa Laval Ab","1.7886178862","13.2935811996","13.142145914","29","85","Balanced","Large Cap"
"se","ASSA B","Assa Abloy Ab","0.7904337252","14.0233704859","14.4261686866","28","90","Balanced","Large Cap"
"dk","DEMANT","Demant A/s","0","16.8419238062","28.6240463036","25","97","Adventurous","Large Cap"
"dk","GN","Gn Store Nord A/s","0.3940217391","10.5082809823","34.9976492713","21","89","Adventurous","Large Cap"
"dk","CHR","Chr Hansen Holding A/s","2.4840408057","21.1686779784","16.7046681867","21","80","Balanced","Large Cap"
"se","SAGA A","Sagax Ab","0.6470588235","77.8947368421","30.4311858603","20","85","Adventurous","Large Cap"
