"Flag","Ticker","Name","Yield TTM (%)","FCF / Sales TTM (%)","ROE TTM (%)","Value Rank","Quality Rank","Risk Rating","Size Group"
"fi","SAGCV","Saga Furs Oyj","9.9610894942","225.9131322251","15.2854106257","98","88","Speculative","Micro Cap"
"fi","IFA1V","Innofactor","0","12.7373274667","18.4408778251","84","90","Adventurous","Micro Cap"
"dk","KLEE B","Brd Klee A/s","9.1538647343","11.6970574253","16.6819955375","79","98","Adventurous","Micro Cap"
"dk","FED","Fast Ejendom Danmark A/s","0","31.9788897778","17.2496637094","78","81","Balanced","Micro Cap"
"dk","STRINV","Strategic Investments A/s","1.8867924528","95.1442207927","19.6433468081","77","92","Conservative","Micro Cap"
"se","QAIR","Qleanair Ab","4.0871934605","16.6956827961","33.7651459682","76","83","Speculative","Micro Cap"
"se","EURO","Eurocon Consulting Ab (publ)","5.8997050147","12.4757092888","20.0703685192","74","97","Adventurous","Micro Cap"
"fi","TRH1V","Trainers' House Oyj","8.1585081585","15.6507392797","22.0592708024","68","90","Speculative","Micro Cap"
"se","RAIL","Railcare Ab","2.8915662651","13.0290035758","19.4773227695","66","81","Adventurous","Micro Cap"
"se","WAYS","Waystream Holding Ab (publ)","0","27.0878889402","31.7217525806","64","86","Highly Speculative","Micro Cap"
"se","LINKAB","Link Prop Investment Ab (publ)","5.4054054054","58.6880519448","11.5559996287","62","84","Balanced","Micro Cap"
"fi","EAB","Eab Oyj","3.7414965986","20.2702702703","10.6060606061","61","94","Adventurous","Micro Cap"
"se","DIAH","Diadrom Holding Ab","5.3977272727","17.8205368876","39.7303420456","52","86","Adventurous","Micro Cap"
"se","FIRE","Firefly Ab","2.8767123288","11.2965459201","20.2460740828","42","81","Balanced","Micro Cap"
"se","NEPA","Nepa Ab","0","11.0354816354","42.4703262151","39","93","Speculative","Micro Cap"
