"Flag","Ticker","Name","Yield TTM (%)","FCF / Sales TTM (%)","ROE TTM (%)","Value Rank","Quality Rank","Risk Rating","Size Group"
"no","ABG","Abg Sundal Collier Holding Asa","9.4533029613","43.7446893304","90.8728467815","89","94","Speculative","Small Cap"
"se","ANGL","Angler Gaming","14.4944314149","24.2999536282","77.7618784562","87","96","Speculative","Small Cap"
"no","WILS","Wilson Asa","5.1214049506","14.5574777485","26.8445798836","84","89","Speculative","Small Cap"
"fi","TLT1V","Teleste Oyj","2.2900763359","10.1940973882","11.4945557407","81","84","Balanced","Small Cap"
"no","KID","Kid Asa","8.8408644401","20.5995288788","30.3967180571","81","90","Adventurous","Small Cap"
"dk","NORTHM","North Media A/s","0","10.4370647017","28.799379467","77","80","Adventurous","Small Cap"
"fi","TAALA","Taaleri","3.7037037037","166.1109336975","13.4391549916","77","83","Balanced","Small Cap"
"se","KABE B","Kabe Ab","1.2295081967","14.6245059289","13.9958592133","73","94","Balanced","Small Cap"
"fi","RAP1V","Rapala Vmc","0","15.5365371955","15.5137676293","71","89","Adventurous","Small Cap"
"se","TRANS","Transtema Ab","0","15.9125397702","46.1172808568","68","96","Speculative","Small Cap"
"se","NIL B","Nilorngruppen Ab","2.5641025641","10.9358821515","31.7570877846","66","99","Adventurous","Small Cap"
"se","SEMC","Semcon Ab","2.6978417266","10.8053568153","18.2786536003","65","98","Adventurous","Small Cap"
"se","BORG","Bjorn Borg Ab","0","12.356733942","24.9538346692","63","96","Adventurous","Small Cap"
"se","SOF B","Softronic Ab","12","14.0214393269","24.3211521152","62","91","Adventurous","Small Cap"
"no","NKR","Nekkar Asa","0","13.4385313996","52.2842048612","61","92","Speculative","Small Cap"
"se","QAIR","Qleanair Ab","2.2887323944","16.8201560318","45.55572161","58","80","Speculative","Small Cap"
"se","FNOX","Fortnox Ab","1.6666666667","28.2719090012","35.0449827199","56","99","Adventurous","Small Cap"
"se","FMM B","Fm Mattsson Mora Ab","2.027027027","12.580562462","28.3829913767","51","99","Adventurous","Small Cap"
"fi","ETTE","Etteplan Oyj","2.2818791946","10.4079650145","22.5201758262","51","92","Adventurous","Small Cap"
"se","G5EN","G5 Entertainment Ab (publ)","2.1100607698","14.1472145012","44.6879275841","51","98","Speculative","Small Cap"
"fi","TITAN","Titanium Oyj","5.6842105263","45.9768894586","42.3132277831","50","96","Balanced","Small Cap"
"se","NTEK B","Novotek Ab","3.3783783784","11.5772813728","27.8233979136","50","89","Adventurous","Small Cap"
"se","ZZ B","Zinzino Ab","2.6150627615","10.3622351258","87.565903368","49","97","Speculative","Small Cap"
"se","MSAB B","Micro Systemation Ab (publ)","4.9261083744","16.0009888174","17.3379073756","39","98","Speculative","Small Cap"
"se","RUG","Rugvista Ab (publ)","0","17.3705427204","23.3765862196","33","89","Speculative","Small Cap"
"se","BAHN B","Bahnhof Ab (publ)","2.0661157025","10.2503429009","38.8578875219","32","99","Balanced","Small Cap"
"se","SKMO","Skane Mollan Ab","2.0338983051","10.9061112286","14.7854900593","30","90","Adventurous","Small Cap"
"se","ALCA","Alcadon Ab","0","10.6556034207","15.259978425","29","82","Adventurous","Small Cap"
"se","BALCO","Balco Ab","0","10.2665240293","11.9035186306","28","85","Adventurous","Small Cap"
"se","FPIP","Formpipe Software Ab","1.7983651226","11.1741878111","12.5187695008","22","97","Adventurous","Small Cap"
