"Flag","Ticker","Name","Yield TTM (%)","FCF / Sales TTM (%)","ROE TTM (%)","Value Rank","Quality Rank","Risk Rating","Size Group"
"se","EMBELL","Embellence AB (publ)","4.0404040404","12.3607943297","19.636878165","84","83","Adventurous","Micro Cap"
"se","EURO","Eurocon Consulting AB (publ)","6.25","11.334060455","27.176007372","73","98","Adventurous","Micro Cap"
"se","OGUN B","Ogunsen AB (publ)","7.7283372365","10.4216884249","68.1619047619","67","91","Speculative","Micro Cap"
"se","TPGR","Time People AB (publ)","4.4117647059","11.2337639161","36.511568777","64","83","Speculative","Micro Cap"
"se","DIAH","Diadrom Holding AB","6.3758389262","18.2625237793","69.4775676922","63","90","Adventurous","Micro Cap"
"se","GJAB","Gullberg & Jansson AB (publ)","2.8517110266","10.6448820004","35.7263802294","58","86","Speculative","Micro Cap"
"se","NTEK B","Novotek AB","3.6363636364","10.1762237906","20.8947712418","57","99","Adventurous","Micro Cap"
"se","IMINT","Imint Image Intelligence AB","0","30.0831552809","27.1326755357","53","90","Speculative","Micro Cap"
"se","NEPA","Nepa AB","2.1134020619","10.0308119578","39.177520295","44","93","Speculative","Micro Cap"
"se","GENI","Generic Sweden AB (publ)","2.6315789474","14.1518476896","74.1479020549","20","99","Highly Speculative","Micro Cap"
