"Flag","Ticker","Name","Yield TTM (%)","FCF / Sales TTM (%)","ROE TTM (%)","Value Rank","Quality Rank","Risk Rating","Size Group"
"dk","DNORD","Dampskibsselskabet Norden A/S","14.4346932268","17.3108624401","62.1301775148","97","88","Speculative","Mid Cap"
"no","ELK","Elkem ASA","8.5714285714","11.1281198003","45.7341995439","97","93","Adventurous","Mid Cap"
"no","DNO","DNO ASA","3.7406753275","59.6558450606","36.0953562566","92","98","Speculative","Mid Cap"
"no","GSF","Grieg Seafood ASA","4.5836516425","50.5915811969","23.4958242836","89","98","Speculative","Mid Cap"
"no","BWLPG","BW LPG","10.3550651127","19.1136737207","14.5169031555","87","84","Speculative","Mid Cap"
"se","INWI","Inwido AB (publ)","5.7422969188","10.3846913906","16.4895941007","85","85","Adventurous","Mid Cap"
"dk","STG","Scandinavian Tobacco A/S","6.0096153846","11.3370976192","14.5270362765","78","82","Balanced","Mid Cap"
"se","IPCO","International Petroleum","0","35.1561761514","24.4767276389","71","84","Speculative","Mid Cap"
"no","EPR","Europris ASA","6.5306122449","10.7977448796","46.7545036661","69","85","Adventurous","Mid Cap"
"fi","ROVIO","Rovio Entertainment Oyj","2.0016680567","16.2659043425","13.9773766546","54","93","Adventurous","Mid Cap"
"fi","ALMA","Alma Media Oyj","3.8419319429","24.2857142857","39.6237507349","52","97","Balanced","Mid Cap"
"no","BOUV","Bouvet ASA","5.1559633028","10.0792997386","79.6610235429","41","99","Adventurous","Mid Cap"
"se","SKIS B","SkiStar AB","2.5706940874","10.8764318522","21.7979512003","40","85","Adventurous","Mid Cap"
"se","BETS B","Betsson AB","0","11.6057678846","17.0705304355","37","83","Adventurous","Mid Cap"
"se","NORVA","Norva24 AB (publ)","0","11.5896733313","14.3973305119","26","84","Speculative","Mid Cap"
