"Flag","Ticker","Name","Yield TTM (%)","FCF / Sales TTM (%)","ROE TTM (%)","Value Rank","Quality Rank","Risk Rating","Size Group"
"se","SSAB A","SSAB AB","10.1941747573","12.2768454132","31.4750740262","98","89","Adventurous","Large Cap"
"dk","MAERSK B","AP Moeller - Maersk A/S","15.9235725317","35.1249013936","62.7165271723","98","93","Adventurous","Large Cap"
"no","EQNR","Equinor ASA","4.3017458674","25.4102276911","41.522217109","79","96","Balanced","Large Cap"
"dk","PNDORA","Pandora A/S","5.8152538582","15.8593469681","65.0032734415","63","94","Adventurous","Large Cap"
"se","HM B","H & M Hennes & Mauritz AB","2.9263461192","15.1128348483","23.6302013003","60","93","Adventurous","Large Cap"
"se","ERIC B","Telefonaktiebolaget LM Ericsson","1.5628907227","12.8687464558","20.8763360559","60","80","Balanced","Large Cap"
"se","HOLM B","Holmen AB","2.5076319232","13.5744089013","10.1711951582","41","91","Conservative","Large Cap"
"dk","CARL B","Carlsberg A/S","2.4849865397","16.5525182438","20.1776256385","40","89","Conservative","Large Cap"
"no","MOWI","Mowi ASA","2.3383758968","11.8659098971","20.5382500113","36","88","Balanced","Large Cap"
"se","SOBI","Swedish Orphan Biovitrum AB (publ)","0","19.5383205407","11.0549450549","28","85","Adventurous","Large Cap"
"fi","ELISA","Elisa Oyj","3.8490424333","15.6908324858","34.5752608048","27","95","Conservative","Large Cap"
"no","SALM","SalMar ASA","3.0557677617","11.6273817113","31.4219946049","27","87","Balanced","Large Cap"
"dk","DEMANT","Demant A/S","0","10.2755145798","33.1807062661","25","85","Adventurous","Large Cap"
"no","NOD","Nordic Semiconductor ASA","0","15.1054513797","22.8298087679","21","99","Speculative","Large Cap"
