"Flag","Ticker","Name","Yield TTM (%)","FCF / Sales TTM (%)","ROE TTM (%)","Value Rank","Quality Rank","Risk Rating","Size Group"
"no","RAKP","RAK Petroleum","0","35.8032068519","14.1069397042","99","94","Speculative","Small Cap"
"no","RANA","Rana Gruber ASA","18.9871086556","40.5601259844","192.271717104","91","97","Speculative","Small Cap"
"no","ABG","ABG Sundal Collier Holding ASA","14.9253731343","24.5213355062","72.1025449308","91","85","Speculative","Small Cap"
"no","WILS","Wilson ASA","6.5829835256","19.2375066485","36.0394578346","89","95","Speculative","Small Cap"
"se","KABE B","KABE AB","5.0884955752","13.747703613","17.2990616075","87","92","Balanced","Small Cap"
"dk","NORTHM","North Media A/S","7.4074074074","13.3450224041","15.7880179233","86","88","Adventurous","Small Cap"
"no","KID","Kid ASA","9.7175141243","18.7623179908","31.4167985146","80","91","Adventurous","Small Cap"
"fi","ALEX","Alexandria Pankkiiriliike Oyj","7.9283887468","18.9706409257","34.5578339007","78","92","Adventurous","Small Cap"
"se","TRANS","Transtema AB","0","11.6150223852","43.938362764","74","97","Speculative","Small Cap"
"no","NKR","Nekkar Asa","0","13.4385313996","52.2842048612","64","92","Speculative","Small Cap"
"se","ZZ B","Zinzino AB","5.1948051948","11.6147618785","72.0941026917","62","97","Speculative","Small Cap"
"se","SEMC","Semcon AB","3.3333333333","10.5734265734","18.2389147092","61","94","Adventurous","Small Cap"
"se","G5EN","G5 Entertainment AB (publ)","2.9215358932","12.3076306387","37.9328252144","59","99","Speculative","Small Cap"
"dk","JOBNDX","Jobindex A/S","7.8947368421","49.5364300321","115.9028014394","59","86","Balanced","Small Cap"
"se","BORG","Bjorn Borg AB","0","13.1807686841","26.3992186913","59","93","Adventurous","Small Cap"
"fi","TITAN","Titanium Oyj","7.2509960159","50.1218113484","40.0041413804","58","92","Balanced","Small Cap"
"se","RUG","Rugvista AB (publ)","3.8284839204","14.531961009","21.9364374747","57","97","Adventurous","Small Cap"
"se","B3","B3 Consulting AB (publ)","3.0172413793","10.3493244877","40.6962213627","56","89","Adventurous","Small Cap"
"se","SOF B","Softronic AB","5.2529182879","14.1513032422","24.6742876848","53","92","Adventurous","Small Cap"
"se","INFRA","Infracom AB (publ)","2.2222222222","21.2937533892","26.6382683908","47","91","Adventurous","Small Cap"
"se","NTEK B","Novotek AB","2.3659305994","11.2599890369","24.2587584511","45","98","Adventurous","Small Cap"
"se","NIL B","Nilorngruppen AB","1.9083969466","10.9358821515","31.7570877846","41","99","Adventurous","Small Cap"
"se","BAHN B","Bahnhof AB (publ)","2.886002886","11.3082391636","33.1542549413","33","94","Balanced","Small Cap"
"se","SINT","SinterCast AB","3.8759689922","19.6942446043","28.5113540791","22","95","Adventurous","Small Cap"
"fi","ADMCM","Admicom Oyj","2.8571428571","44.9375254201","29.8824620636","22","93","Adventurous","Small Cap"
