"Flag","Ticker","Name","Yield TTM (%)","FCF / Sales TTM (%)","ROE TTM (%)","Value Rank","Quality Rank","Risk Rating","Size Group"
"no","HYARD","Havyard ASA","0","35.171609482","54.9786534554","99","90","Highly Speculative","Micro Cap"
"se","QAIR","Qleanair AB","5.7251908397","11.4438455712","27.4535816","81","86","Speculative","Micro Cap"
"se","CAM B","Consensus Asset Management AB (publ)","20","47.0500747124","11.8611463073","80","88","Highly Speculative","Micro Cap"
"dk","FED","Fast Ejendom Danmark A/S","0","31.9187812034","19.7082221221","78","84","Balanced","Micro Cap"
"fi","EAB","EAB Oyj","8.6956521739","18.8679245283","21.7494089835","75","96","Adventurous","Micro Cap"
"se","OGUN B","Ogunsen AB (publ)","8.3969465649","10.1856231185","50.9741697417","73","95","Speculative","Micro Cap"
"se","EURO","Eurocon Consulting AB (publ)","5.7971014493","11.334060455","27.176007372","72","98","Adventurous","Micro Cap"
"se","GJAB","Gullberg & Jansson AB (publ)","2.752293578","10.6448820004","35.7263802294","59","85","Speculative","Micro Cap"
"se","DIAH","Diadrom Holding AB","6.2706270627","12.9646619096","55.0607287449","57","82","Adventurous","Micro Cap"
"se","IMINT","Imint Image Intelligence AB","0","30.0831552809","27.1326755357","55","89","Speculative","Micro Cap"
"se","NTEK B","Novotek AB","3.2751091703","10.1762237906","20.8947712418","55","99","Adventurous","Micro Cap"
"se","NEPA","Nepa AB","1.9838709677","10.0308119578","39.177520295","43","92","Speculative","Micro Cap"
"se","GENI","Generic Sweden AB (publ)","3.0303030303","14.1518476896","74.1479020549","27","99","Highly Speculative","Micro Cap"
