"Flag","Ticker","Name","Yield TTM (%)","FCF / Sales TTM (%)","ROE TTM (%)","Value Rank","Quality Rank","Risk Rating","Size Group"
"dk","MAERSK B","AP Moeller - Maersk A/S","18.2307562518","35.1249013936","62.7165271723","98","94","Adventurous","Large Cap"
"no","NHY","Norsk Hydro ASA","10.3505590813","10.0334305021","33.562578521","91","87","Adventurous","Large Cap"
"no","AKRBP","Aker BP ASA","6.0602858339","40.2610284791","27.5049715534","83","87","Speculative","Large Cap"
"no","EQNR","Equinor ASA","4.7531425404","25.4102276911","41.522217109","81","96","Balanced","Large Cap"
"dk","PNDORA","Pandora A/S","6.3306549793","15.8593469681","65.0032734415","64","94","Adventurous","Large Cap"
"no","MOWI","Mowi ASA","3.3293984793","11.8659098971","20.5382500113","53","89","Balanced","Large Cap"
"se","HPOL B","Hexpol AB","5.5452865065","10.118561897","18.7482207491","50","81","Adventurous","Large Cap"
"se","HOLM B","Holmen AB","2.7677496992","14.2412243627","11.2096146759","47","86","Conservative","Large Cap"
"dk","CARL B","Carlsberg A/S","2.6863666891","16.5525182438","20.1776256385","42","90","Conservative","Large Cap"
"fi","ORNBV","Orion Oyj","3.3467202142","33.5853621654","40.9003440434","33","93","Balanced","Large Cap"
"fi","ELISA","Elisa Oyj","4.2451853386","15.3300989346","32.1026862512","29","91","Conservative","Large Cap"
"dk","DEMANT","Demant A/S","0","10.2755145798","33.1807062661","26","86","Adventurous","Large Cap"
