"Flag","Ticker","Name","Yield TTM (%)","FCF / Sales TTM (%)","ROE TTM (%)","Value Rank","Quality Rank","Risk Rating","Size Group"
"fi","TYRES","Nokian Tyres","4.8436811977","10.6216457961","13.3052194108","87","95","Adventurous","Mid Cap"
"no","WAWI","Wallenius Wilhelmsen ASA","2.7154856607","15.7330154946","11.5399763686","84","81","Speculative","Mid Cap"
"no","EPR","Europris ASA","8.6393088553","15.378645247","42.3931879717","84","88","Speculative","Mid Cap"
"se","INWI","Inwido AB (publ)","5.2744425386","11.2029531156","16.2639456687","81","81","Adventurous","Mid Cap"
"no","DNO","DNO ASA","1.6267409074","53.2815456628","21.872988629","79","95","Speculative","Mid Cap"
"se","IPCO","International Petroleum","0","35.1561761514","24.4767276389","77","80","Speculative","Mid Cap"
"dk","STG","Scandinavian Tobacco A/S","5.2966101695","16.4633484163","15.4235872589","76","85","Balanced","Mid Cap"
"se","CLA B","Cloetta AB","4.7984644914","10.1809954751","10.8776537536","72","80","Conservative","Mid Cap"
"dk","DRLCO","Maersk Drilling A/S","0","16.8902920284","13.4194143417","70","83","Speculative","Mid Cap"
"se","KIND SDB","Kindred","4.9184164687","12.4382421773","44.807353804","67","82","Speculative","Mid Cap"
"no","AUSS","Austevoll Seafood ASA","3.9473684211","12.4082646494","15.5566892979","66","87","Balanced","Mid Cap"
"fi","ALMA","Alma Media Oyj","3.6764705882","28.2697547684","37.9146919431","47","85","Balanced","Mid Cap"
"no","GSF","Grieg Seafood ASA","2.1567217829","54.0921298071","22.124906198","46","96","Speculative","Mid Cap"
"fi","ROVIO","Rovio Entertainment Oyj","1.7416545718","16.5083978903","14.8699315429","45","95","Adventurous","Mid Cap"
"fi","SANOMA","Sanoma Oyj","3.9130434783","11.892021404","15.5277228448","43","86","Highly Speculative","Mid Cap"
"no","BOUV","Bouvet ASA","4.7217537943","11.5568894813","57.8510017846","38","99","Speculative","Mid Cap"
"se","SKIS B","SkiStar AB","1.0838150289","15.6507557679","30.3660072026","37","85","Adventurous","Mid Cap"
"fi","EQV1V","eQ Oyj","4.6511627907","48.9362726223","80.0998116006","29","87","Adventurous","Mid Cap"
"se","MYCR","Mycronic AB (publ)","2","13.1056039294","15.1108883599","27","88","Adventurous","Mid Cap"
"fi","MEKKO","Marimekko Oyj","1.1356466877","19.5460142742","42.7374659482","25","99","Adventurous","Mid Cap"
