"Flag","Ticker","Name","Yield TTM (%)","FCF / Sales TTM (%)","ROE TTM (%)","Value Rank","Quality Rank","Risk Rating","Size Group"
"no","RAKP","RAK Petroleum","0","35.8032068519","14.1069397042","99","94","Speculative","Small Cap"
"no","ABG","ABG Sundal Collier Holding ASA","16.2866449511","44.9549893677","54.2618977239","91","91","Speculative","Small Cap"
"no","RANA","Rana Gruber ASA","21.7582417582","29.4216140841","81.9214386683","91","97","Speculative","Small Cap"
"no","WILS","Wilson ASA","7.0736770465","19.2375066485","36.0394578346","89","95","Speculative","Small Cap"
"se","KABE B","KABE AB","5.596107056","10.0407450524","17.1294485725","88","99","Balanced","Small Cap"
"dk","NORTHM","North Media A/S","7.4515648286","13.3450224041","15.7880179233","85","88","Adventurous","Small Cap"
"no","KID","Kid ASA","10.3117505995","15.7504302541","31.2987728163","80","90","Adventurous","Small Cap"
"fi","ALEX","Alexandria Pankkiiriliike Oyj","7.9283887468","18.9706409257","34.5578339007","76","92","Adventurous","Small Cap"
"se","SEMC","Semcon AB","3.717472119","10.5734265734","18.2389147092","64","95","Adventurous","Small Cap"
"se","BORG","Bjorn Borg AB","0","13.1807686841","26.3992186913","63","93","Adventurous","Small Cap"
"se","B3","B3 Consulting AB (publ)","3.6008230453","10.3493244877","40.6962213627","62","89","Adventurous","Small Cap"
"dk","JOBNDX","Jobindex A/S","8.9285714286","49.5364300321","115.9028014394","62","86","Balanced","Small Cap"
"se","G5EN","G5 Entertainment AB (publ)","2.9461279461","12.3076306387","37.9328252144","57","99","Speculative","Small Cap"
"se","SOF B","Softronic AB","5.7939914163","11.7773921727","25.526324061","57","87","Adventurous","Small Cap"
"fi","TITAN","Titanium Oyj","7.28","50.1218113484","40.0041413804","56","92","Balanced","Small Cap"
"se","KOBR B","Kopparbergs Bryggeri AB","4.5886075949","13.2163627329","23.0341082819","55","99","Balanced","Small Cap"
"fi","ETTE","Etteplan Oyj","2.6315789474","10.2286683063","20.7135867975","45","84","Adventurous","Small Cap"
"se","NTEK B","Novotek AB","2.4549918167","11.2599890369","24.2587584511","44","98","Adventurous","Small Cap"
"se","INFRA","Infracom AB (publ)","2.2222222222","21.2937533892","26.6382683908","44","91","Adventurous","Small Cap"
"se","BAHN B","Bahnhof AB (publ)","3.0441400304","11.3082391636","33.1542549413","32","94","Balanced","Small Cap"
"se","TEQ","Teqnion AB","0.4237288136","11.2245003512","31.6608493079","28","85","Speculative","Small Cap"
"se","PRFO","Profoto Holding AB (publ)","3.2407407407","28.2580645161","45.6284153005","26","98","Speculative","Small Cap"
"se","SINT","SinterCast AB","4.3859649123","19.6942446043","28.5113540791","24","95","Adventurous","Small Cap"
