"Flag","Ticker","Name","Yield TTM (%)","FCF / Sales TTM (%)","ROE TTM (%)","Value Rank","Quality Rank","Risk Rating","Size Group"
"se","EMBELL","Embellence AB (publ)","3.7037037037","12.3607943297","19.636878165","82","84","Adventurous","Micro Cap"
"se","OGUN B","Ogunsen AB (publ)","7.5256556442","10.7836517049","62.921928038","71","91","Adventurous","Micro Cap"
"se","DIAH","Diadrom Holding AB","7.037037037","18.2625237793","69.4775676922","70","90","Adventurous","Micro Cap"
"se","TPGR","Time People AB (publ)","4.2993630573","11.2337639161","36.511568777","64","83","Speculative","Micro Cap"
"se","NEPA","Nepa AB","2.8604651163","10.0308119578","39.177520295","63","93","Speculative","Micro Cap"
"fi","TRH1V","Trainers' House Oyj","0","10.0617729643","15.6232788691","56","81","Speculative","Micro Cap"
"se","SLEEP","Sleep Cycle AB (publ)","0","30.9871211237","28.7875046302","47","80","Speculative","Micro Cap"
"se","GENI","Generic Sweden AB (publ)","2.6525198939","12.6833358867","63.3667402752","22","98","Highly Speculative","Micro Cap"
