"Flag","Ticker","Name","Yield TTM (%)","FCF / Sales TTM (%)","ROE TTM (%)","Value Rank","Quality Rank","Risk Rating","Size Group"
"no","ELK","Elkem ASA","8.5861476817","11.1281198003","45.7341995439","97","93","Adventurous","Mid Cap"
"dk","DNORD","Dampskibsselskabet Norden A/S","13.2108364764","14.3027905764","49.8581816307","94","87","Speculative","Mid Cap"
"no","DNO","DNO ASA","3.7816740426","59","28.8964839178","90","98","Speculative","Mid Cap"
"no","GSF","Grieg Seafood ASA","4.402054292","51.5365760467","30.8486127822","87","97","Speculative","Mid Cap"
"se","INWI","Inwido AB (publ)","6.0830860534","10.3846913906","16.4895941007","86","85","Adventurous","Mid Cap"
"se","IPCO","International Petroleum","0","35.1561761514","24.4767276389","77","84","Speculative","Mid Cap"
"dk","STG","Scandinavian Tobacco A/S","6","12.7724597182","15.2852826931","75","88","Balanced","Mid Cap"
"no","WAWI","Wallenius Wilhelmsen ASA","0.8768869932","15.2257771727","15.1053864169","72","84","Speculative","Mid Cap"
"no","EPR","Europris ASA","6.600660066","12.7322356935","48.6211215133","69","91","Adventurous","Mid Cap"
"fi","ROVIO","Rovio Entertainment Oyj","2.0425531915","19.2863791103","16.925204918","55","97","Adventurous","Mid Cap"
"fi","ALMA","Alma Media Oyj","4.004576659","24.2857142857","39.6237507349","52","97","Balanced","Mid Cap"
"se","SKIS B","SkiStar AB","2.8355387524","11.5926878403","21.7979512003","44","85","Adventurous","Mid Cap"
"no","BOUV","Bouvet ASA","5.2830188679","10.99344268","88.9093713047","40","99","Adventurous","Mid Cap"
"se","BETS B","Betsson AB","0","11.6057678846","17.0705304355","39","83","Adventurous","Mid Cap"
"se","KAMBI","Kambi","0","12.1075930119","19.5027356465","32","85","Speculative","Mid Cap"
"no","NOD","Nordic Semiconductor ASA","0","16.0242091322","24.0653002158","25","97","Speculative","Mid Cap"
"se","MYCR","Mycronic AB (publ)","1.7152658662","11.493083808","16.5124028138","21","96","Adventurous","Mid Cap"
