"Flag","Ticker","Name","Yield TTM (%)","FCF / Sales TTM (%)","ROE TTM (%)","Value Rank","Quality Rank","Risk Rating","Size Group"
"no","RAKP","Rak Petroleum","0","35.8032068519","14.1069397042","99","93","Speculative","Small Cap"
"no","RANA","Rana Gruber Asa","16.575562701","40.5601259844","192.271717104","90","97","Speculative","Small Cap"
"no","WILS","Wilson Asa","6.0627638916","19.2375066485","36.0394578346","89","95","Speculative","Small Cap"
"dk","NORTHM","North Media A/s","6.0975609756","12.548374613","27.932618683","87","88","Adventurous","Small Cap"
"se","KABE B","Kabe Ab","4.4230769231","13.747703613","17.2990616075","84","92","Adventurous","Small Cap"
"se","ANGL","Angler Gaming","10.6056492889","11.6870295663","46.5427964375","78","81","Speculative","Small Cap"
"fi","ALEX","Alexandria Pankkiiriliike Oyj","7.345971564","18.9706409257","34.5578339007","78","92","Speculative","Small Cap"
"se","G5EN","G5 Entertainment Ab (publ)","3.6138358286","14.3198731021","42.8920913595","73","98","Speculative","Small Cap"
"no","NKR","Nekkar Asa","0","13.4385313996","52.2842048612","67","92","Speculative","Small Cap"
"se","SEMC","Semcon Ab","3.1545741325","12.4934260504","17.7742086596","60","94","Adventurous","Small Cap"
"se","FMM B","Fm Mattsson Mora Ab","3.4562211982","12.5054800526","34.1735593425","60","99","Adventurous","Small Cap"
"dk","JOBNDX","Jobindex A/s","7.2815533981","49.5364300321","115.9028014394","59","86","Balanced","Small Cap"
"se","TRANS","Transtema Ab","0","11.6150223852","43.938362764","58","96","Speculative","Small Cap"
"se","BORG","Bjorn Borg Ab","0","12.9907862755","27.2883708021","57","89","Adventurous","Small Cap"
"fi","TITAN","Titanium Oyj","6.5942028986","50.1218113484","40.0041413804","56","92","Balanced","Small Cap"
"se","ZZ B","Zinzino Ab","4.2735042735","11.6147618785","72.0941026917","56","96","Speculative","Small Cap"
"se","GJAB","Gullberg & Jansson Ab (publ)","2.0547945205","14.3560528993","54.2641023167","52","83","Speculative","Small Cap"
"se","SOF B","Softronic Ab","4.7787610619","14.1513032422","24.6742876848","51","92","Adventurous","Small Cap"
"se","NTEK B","Novotek Ab","2.3696682464","10.4939851549","26.1088020203","47","99","Adventurous","Small Cap"
"se","NIL B","Nilorngruppen Ab","1.7699115044","10.9358821515","31.7570877846","41","99","Adventurous","Small Cap"
"se","RUG","Rugvista Ab (publ)","2.3540489642","14.531961009","21.9364374747","34","97","Adventurous","Small Cap"
"se","BAHN B","Bahnhof Ab (publ)","2.849002849","10.9965282387","35.3935627403","34","99","Balanced","Small Cap"
"se","SINT","Sintercast Ab","3.5971223022","28.1191806331","29.5597484277","23","98","Adventurous","Small Cap"
"se","FPIP","Formpipe Software Ab","1.8494055482","20.9269152416","12.1749710019","23","98","Adventurous","Small Cap"
