"Flag","Ticker","Name","Yield TTM (%)","FCF / Sales TTM (%)","ROE TTM (%)","Value Rank","Quality Rank","Risk Rating","Size Group"
"fi","TYRES","Nokian Tyres","8.6614173228","16.1542500438","13.0966369208","89","98","Adventurous","Mid Cap"
"se","BETS B","Betsson Ab","0","16.9251982075","19.8971165396","87","85","Adventurous","Mid Cap"
"no","ABG","Abg Sundal Collier Holding Asa","0","24.5213355062","72.1025449308","82","91","Speculative","Mid Cap"
"no","DNO","Dno Asa","1.5206580921","53.2815456628","21.872988629","81","96","Speculative","Mid Cap"
"dk","STG","Scandinavian Tobacco A/s","5.2410901468","16.1101461246","16.0391231884","80","91","Balanced","Mid Cap"
"no","KID","Kid Asa","8.431372549","18.7624148557","31.4167985146","78","91","Adventurous","Mid Cap"
"fi","TIETO","Tietoevry","5.6864337937","10.1544237444","16.9175876773","78","97","Balanced","Mid Cap"
"se","IPCO","International Petroleum","0","35.5557923137","18.7732008662","77","86","Speculative","Mid Cap"
"se","KIND SDB","Kindred","4.073710745","18.839314068","60.7988470249","76","94","Speculative","Mid Cap"
"no","EPR","Europris Asa","4.0883074407","16.8927082512","44.6760299672","75","89","Speculative","Mid Cap"
"se","NEWA B","New Wave Ab","5.6275579809","16.123894859","18.0772019925","74","88","Speculative","Mid Cap"
"se","INWI","Inwido Ab (publ)","4.0945406125","10.6214967184","16.2006092848","72","88","Adventurous","Mid Cap"
"se","CLAS B","Clas Ohlson Ab","2.9489603025","10.5242209267","20.8181218386","67","97","Adventurous","Mid Cap"
"dk","DRLCO","Maersk Drilling A/s","0","16.8902920284","13.4194143417","67","83","Speculative","Mid Cap"
"no","AUSS","Austevoll Seafood Asa","3.2585083273","12.0877321109","15.0383324851","63","87","Balanced","Mid Cap"
"fi","OLVAS","Olvi Oyj","3.3613445378","12.6332140555","17.1252531469","59","92","Balanced","Mid Cap"
"fi","SAA1V","Sanoma Oyj","4.2789223455","11.1697027804","14.3030130351","54","87","Balanced","Mid Cap"
"fi","PON1V","Ponsse Oyj","1.7937219731","10.3429609146","19.9429662958","51","99","Balanced","Mid Cap"
"se","NOLA B","Nolato Ab","2.5099075297","10.5770887166","27.4004960435","48","97","Balanced","Mid Cap"
"se","KAMBI","Kambi","0","29.2184363802","39.787996161","48","81","Speculative","Mid Cap"
"no","GSF","Grieg Seafood Asa","0","45.1651975553","12.7538760153","47","95","Speculative","Mid Cap"
"fi","ROVIO","Rovio Entertainment Oyj","1.5957446809","13.9422270669","16.6067428732","44","95","Adventurous","Mid Cap"
"fi","ALMA","Alma Media Oyj","3.3914728682","26.0711692084","25.1152073733","44","84","Balanced","Mid Cap"
"fi","MEKKO","Marimekko Oyj","5.0632911392","22.9867237744","39.9620157831","40","99","Adventurous","Mid Cap"
"se","MYCR","Mycronic Ab (publ)","0","21.3376483279","22.4969433501","37","97","Adventurous","Mid Cap"
"se","FOI B","Fenix Outdoor International Ag","1.5082228144","13.2646117859","11.2781934054","33","98","Balanced","Mid Cap"
"no","BRG","Borregaard Asa","0","15.0732127476","17.5411913815","31","99","Speculative","Mid Cap"
"se","BEIA B","Beijer Alma Ab","1.598173516","10.0231975503","21.1395056697","30","80","Balanced","Mid Cap"
"se","XANO B","Xano Industri Ab","1.320754717","11.2027927642","28.5956644123","30","84","Adventurous","Mid Cap"
"fi","EQV1V","Eq Oyj","4.0983606557","58.3754876054","51.6311864407","30","93","Adventurous","Mid Cap"
"dk","SIM","Simcorp A/s","0","18.0216976912","36.5812653715","22","93","Balanced","Mid Cap"
"dk","OSSR","Ossur Hf","0","10.2748274936","10.7183832483","22","85","Balanced","Mid Cap"
"fi","VAIAS","Vaisala Oyj","1.5437003405","13.8844485042","17.9434092478","20","90","Balanced","Mid Cap"
