"Flag","Ticker","Name","Yield TTM (%)","FCF / Sales TTM (%)","ROE TTM (%)","Value Rank","Quality Rank","Risk Rating","Size Group"
"dk","MAERSK B","AP Moeller - Maersk A/S","16.8026254943","35.6212370005","61.9939317785","98","94","Adventurous","Large Cap"
"no","NHY","Norsk Hydro ASA","9.4067563856","10.0334305021","33.562578521","91","88","Adventurous","Large Cap"
"no","EQNR","Equinor ASA","6.6185698352","20.9426429852","60.7571120365","88","97","Balanced","Large Cap"
"no","AKRBP","Aker BP ASA","6.0867705534","40.2610284791","27.5049715534","84","88","Adventurous","Large Cap"
"no","WAWI","Wallenius Wilhelmsen ASA","0.6007728197","17.7456526294","20.5242610151","68","92","Speculative","Large Cap"
"dk","PNDORA","Pandora A/S","4.2717656631","13.5724880943","70.2561341435","54","89","Adventurous","Large Cap"
"no","SALM","SalMar ASA","5.1867219917","13.6615550277","29.0972172352","53","89","Adventurous","Large Cap"
"se","HPOL B","Hexpol AB","5.3003533569","10.118561897","18.7482207491","50","82","Adventurous","Large Cap"
"se","HOLM B","Holmen AB","2.7420123987","14.2412243627","11.2096146759","49","87","Conservative","Large Cap"
"dk","CARL B","Carlsberg A/S","2.5996533795","16.5525182438","20.1776256385","42","90","Conservative","Large Cap"
"se","SOBI","Swedish Orphan Biovitrum AB (publ)","0","18.2470614828","10.6520252948","30","80","Adventurous","Large Cap"
"dk","DEMANT","Demant A/S","0","10.2755145798","33.1807062661","30","86","Adventurous","Large Cap"
"fi","ELISA","Elisa Oyj","4.0836653386","15.3300989346","32.1026862512","29","91","Conservative","Large Cap"
"fi","ORNBV","Orion Oyj","2.8462998102","33.5853621654","40.9003440434","28","93","Balanced","Large Cap"
"no","NOD","Nordic Semiconductor ASA","0","16.0242091322","24.0653002158","22","97","Speculative","Large Cap"
