"Flag","Ticker","Name","Yield TTM (%)","FCF / Sales TTM (%)","ROE TTM (%)","Value Rank","Quality Rank","Risk Rating","Size Group"
"se","NPAPER","Nordic Paper Holding AB","15.0974025974","11.3110539846","60.959651036","94","88","Adventurous","Small Cap"
"no","OKEA","Okea ASA","2.7533039648","29.4655840269","35.9847045648","90","83","Speculative","Small Cap"
"se","SVED B","Svedbergs AB","4.4117647059","13.5522941786","27.5394996298","87","92","Speculative","Small Cap"
"se","ARISE","Arise AB","2.3474178404","55.4032258065","65.1764705882","86","89","Speculative","Small Cap"
"se","SOF B","Softronic AB","6.6225165563","32.9702430993","26.9904264578","76","95","Adventurous","Small Cap"
"se","JETPAK","Jetpak Top Holding AB (publ)","0","19.1476322533","11.1628754585","76","91","Adventurous","Small Cap"
"no","MAS","Masoval AS","1.6447368421","19.6684452918","28.2082964461","56","87","Adventurous","Small Cap"
"fi","TITAN","Titanium Oyj","8.2926829268","49.3264573412","46.3628647928","55","96","Balanced","Small Cap"
"fi","SIILI","Siili Solutions Oyj","1.5384615385","10.7314888367","11.4992253057","49","83","Balanced","Small Cap"
"fi","MEKKO","Marimekko Oyj","3.7883008357","12.1308646891","32.0562440648","40","85","Adventurous","Small Cap"
"se","PRFO","Profoto Holding AB (publ)","4.662004662","21.5753424658","70.2341137124","40","89","Adventurous","Small Cap"
"se","INFRA","Infracom AB (publ)","1.8965517241","16.6167450778","23.7988499324","39","94","Adventurous","Small Cap"
"se","BAHN B","Bahnhof AB (publ)","4.2117930205","16.091578902","34.0242991824","37","99","Balanced","Small Cap"
"se","RVRC","RVRC Holding AB","2.1544487969","14.2913645353","24.6888899995","37","82","Speculative","Small Cap"
"se","FRACTL","Fractal Gaming AB","0","12.8128510009","11.1814404432","33","95","Speculative","Small Cap"
"fi","GOFORE","Gofore Oyj","1.5596330275","12.394824051","18.8849601399","30","99","Adventurous","Small Cap"
"se","UPSALE","Upsales Technology AB","4.5766590389","25.2693117896","148.2248939911","28","95","Speculative","Small Cap"
"se","SINT","SinterCast AB","5","27.9487179487","26.2718932444","28","99","Adventurous","Small Cap"
"fi","ADMCM","Admicom Oyj","3.3942558747","32.2920128175","26.7902591107","27","98","Adventurous","Small Cap"
"se","MSAB B","Micro Systemation AB (publ)","0.9652509653","22.9101094101","21.4909781576","20","92","Speculative","Small Cap"
