"Flag","Ticker","Name","Yield TTM (%)","FCF / Sales TTM (%)","ROE TTM (%)","Value Rank","Quality Rank","Risk Rating","Size Group"
"dk","MAERSK B","AP Moeller - Maersk A/S","34.0845500635","25.2047459051","16.1495694267","98","80","Adventurous","Large Cap"
"no","WAWI","Wallenius Wilhelmsen ASA","3.892614512","31.8129551552","29.1763251429","92","84","Speculative","Large Cap"
"no","EQNR","Equinor ASA","11.0813717408","14.3269703608","37.5787539377","89","95","Balanced","Large Cap"
"no","AKRBP","Aker BP ASA","7.2676811706","12.904314358","10.5565176692","81","89","Adventurous","Large Cap"
"dk","HLUN A","H Lundbeck A/S","2.0209059233","17.9871520343","11.4149546548","66","98","Adventurous","Large Cap"
"se","INDU A","Industrivarden AB","2.1989687595","19.9575232805","25.005691767","60","85","Conservative","Large Cap"
"se","HPOL B","Hexpol AB","2.9363784666","13.3639130243","18.2761842151","44","97","Balanced","Large Cap"
"se","SAND","Sandvik AB","0","14.2612954262","17.1247344785","38","90","Balanced","Large Cap"
"fi","ELISA","Elisa Oyj","5.1349414856","16.9564618984","32.3237508556","37","98","Conservative","Large Cap"
"no","SALM","SalMar ASA","3.5829451809","12.8206436023","19.82785495","33","80","Adventurous","Large Cap"
"dk","DSV","Dsv A/S","0.5534269902","11.6086967031","17.5440465568","30","81","Balanced","Large Cap"
"dk","PNDORA","Pandora A/S","1.7193208683","19.1483880465","99.4782608696","25","93","Adventurous","Large Cap"
