"Flag","Ticker","Name","Yield TTM (%)","FCF / Sales TTM (%)","ROE TTM (%)","Value Rank","Quality Rank","Risk Rating","Size Group"
"dk","MAERSK B","AP Moeller - Maersk A/S","17.2257329616","35.6212370005","61.9939317785","99","91","Adventurous","Large Cap"
"no","EQNR","Equinor ASA","7.6798442541","20.9426429852","60.7571120365","92","97","Adventurous","Large Cap"
"no","NHY","Norsk Hydro ASA","8.3761310834","10.0334305021","33.562578521","90","83","Adventurous","Large Cap"
"no","AKRBP","Aker BP ASA","6.0546417699","40.2610284791","27.5049715534","86","90","Adventurous","Large Cap"
"no","WAWI","Wallenius Wilhelmsen ASA","0.6100329895","17.7456526294","20.5242610151","70","93","Speculative","Large Cap"
"no","SALM","SalMar ASA","4.7984644914","13.6615550277","29.0972172352","51","91","Adventurous","Large Cap"
"se","HOLM B","Holmen AB","2.6321812772","14.2412243627","11.2096146759","49","89","Conservative","Large Cap"
"dk","PNDORA","Pandora A/S","3.6395147314","13.5724880943","70.2561341435","48","91","Adventurous","Large Cap"
"dk","CARL B","Carlsberg A/S","2.4415055951","16.5525182438","20.1776256385","41","92","Conservative","Large Cap"
"fi","ORNBV","Orion Oyj","3.0612244898","33.5853621654","40.9003440434","34","94","Balanced","Large Cap"
"se","SOBI","Swedish Orphan Biovitrum AB (publ)","0","18.2470614828","10.6520252948","31","82","Adventurous","Large Cap"
"fi","ELISA","Elisa Oyj","3.9514263685","15.3300989346","32.1026862512","30","93","Conservative","Large Cap"
"no","NOD","Nordic Semiconductor ASA","0","16.0242091322","24.0653002158","23","98","Speculative","Large Cap"
