"Flag","Ticker","Name","Yield TTM (%)","FCF / Sales TTM (%)","ROE TTM (%)","Value Rank","Quality Rank","Risk Rating","Size Group"
"no","ELK","Elkem ASA","15.7977883096","11.6753298681","39.4862370165","97","98","Adventurous","Mid Cap"
"no","DNO","DNO ASA","6.7976118982","54.9092229484","32.233481283","97","98","Speculative","Mid Cap"
"dk","DNORD","Dampskibsselskabet Norden A/S","19.1312025358","19.1024772231","63.9845094664","96","98","Speculative","Mid Cap"
"no","MPCC","Mpc Container Ships ASA","13.5064217089","55.1565249568","71.0348818677","95","80","Highly Speculative","Mid Cap"
"no","SNI","Stolt-Nielsen","7.5764829831","15.0232534815","17.5831255085","94","92","Adventurous","Mid Cap"
"no","HAUTO","Hoegh Autoliners ASA","6.7572147343","21.2337836136","32.0452347759","93","85","Speculative","Mid Cap"
"se","IPCO","International Petroleum","0","39.0863922786","37.2610379106","92","95","Speculative","Mid Cap"
"no","BWLPG","BW LPG","10.8258403561","19.1136737207","14.5169031555","90","87","Speculative","Mid Cap"
"no","GSF","Grieg Seafood ASA","0","13.9286031349","19.0797666122","84","93","Speculative","Mid Cap"
"se","BETS B","Betsson AB","0","18.4251158003","19.6274718963","72","97","Adventurous","Mid Cap"
"no","EPR","Europris ASA","5.0100200401","12.2565958345","36.6098036869","62","84","Adventurous","Mid Cap"
"fi","ALMA","Alma Media Oyj","4.5595854922","22.7331606218","39.0760869565","55","99","Balanced","Mid Cap"
"se","COIC","Concentric AB","1.8912529551","11.5138067061","28.369195923","38","97","Adventurous","Mid Cap"
"dk","NETC","Netcompany A/S","0","10.8708112294","18.4183856313","33","83","Adventurous","Mid Cap"
"fi","ROVIO","Rovio Entertainment Oyj","1.5805471125","13.4088762984","10.7932572778","33","99","Adventurous","Mid Cap"
"se","OX2","OX2 AB (publ)","0","15.6070120356","37.811634349","32","92","Speculative","Mid Cap"
"se","TRUE B","Truecaller AB","0","33.5981309993","33.2905924827","29","83","Highly Speculative","Mid Cap"
"no","NOD","Nordic Semiconductor ASA","0","14.4395636086","23.4871413857","27","98","Speculative","Mid Cap"
"se","NCAB","NCAB AB (publ)","2.0295202952","11.7841039101","42.3581180806","27","97","Speculative","Mid Cap"
"se","NORVA","Norva24 AB (publ)","0","11.5896733313","14.3973305119","25","80","Adventurous","Mid Cap"
"se","MYCR","Mycronic AB (publ)","1.6294227188","16.6634108224","17.1171171171","21","85","Adventurous","Mid Cap"
"se","BIOG B","Biogaia AB","2.9465555781","27.247619246","19.4089341509","21","94","Adventurous","Mid Cap"
