"Flag","Ticker","Name","Yield TTM (%)","FCF / Sales TTM (%)","ROE TTM (%)","Value Rank","Quality Rank","Risk Rating","Size Group"
"se","OGUN B","Ogunsen AB (publ)","13.1964809384","10.8482206456","50.9167912307","86","93","Adventurous","Micro Cap"
"dk","SIG","Scandinavian Investment A/S","0","43.5540069686","16.2460110241","79","80","Balanced","Micro Cap"
"se","NTEK B","Novotek AB","3.0150753769","10.7998724077","16.8094848733","53","87","Speculative","Micro Cap"
"se","PRCO B","Precio Fishbone AB","3.6111111111","13.3944382859","14.9211678832","51","99","Adventurous","Micro Cap"
"se","SLEEP","Sleep Cycle AB (publ)","25","13.5872700326","40.7370975146","51","93","Speculative","Micro Cap"
"se","STIL","Stille AB","1.7142857143","12.2673290152","12.7581282804","35","96","Adventurous","Micro Cap"
"no","CONTX","ContextVision AB","3.5644197896","24.1216161288","61.0973445257","30","92","Speculative","Micro Cap"
"se","UPSALE","Upsales Technology AB","4.9504950495","25.2693117896","148.2248939911","30","95","Speculative","Micro Cap"
"se","SINT","SinterCast AB","2.8586278586","34.8509933775","31.955079122","25","99","Adventurous","Micro Cap"
