"Flag","Ticker","Name","Yield TTM (%)","FCF / Sales TTM (%)","ROE TTM (%)","Value Rank","Quality Rank","Risk Rating","Size Group"
"dk","MAERSK B","AP Moeller - Maersk A/S","37.7406900622","36.5391659254","50.1039353471","99","89","Adventurous","Large Cap"
"no","EQNR","Equinor ASA","12.2470425805","17.9398441237","57.7666663347","95","99","Balanced","Large Cap"
"no","VAR","Var Energi ASA","18.0973417524","23.0741458194","43.5417652638","90","96","Speculative","Large Cap"
"no","NHY","Norsk Hydro ASA","8.2313519814","10.6267899946","19.402631267","90","87","Adventurous","Large Cap"
"se","HOLM B","Holmen AB","3.8507821901","19.4390992835","11.4186645532","59","98","Conservative","Large Cap"
"dk","PNDORA","Pandora A/S","2.845962291","15.1592548077","91.3358070501","49","97","Adventurous","Large Cap"
"dk","DSV","Dsv A/S","0.5003849115","11.8838575552","22.5479729545","35","94","Balanced","Large Cap"
"dk","CARL B","Carlsberg A/S","2.4804777216","12.710453284","18.4908297404","34","85","Conservative","Large Cap"
"se","ASSA B","Assa Abloy AB","1.9728729963","12.1571663296","16.2219863758","33","92","Balanced","Large Cap"
"fi","ORNBV","Orion Oyj","3.7217957665","21.722679724","49.1263981285","32","99","Balanced","Large Cap"
"fi","ELISA","Elisa Oyj","3.933406513","14.9504124571","28.8586499503","27","96","Conservative","Large Cap"
