"Flag","Ticker","Name","Yield TTM (%)","FCF / Sales TTM (%)","ROE TTM (%)","Value Rank","Quality Rank","Risk Rating","Size Group"
"dk","DNORD","Dampskibsselskabet Norden A/S","29.8385659854","20.5084518636","68.9943141436","98","98","Speculative","Mid Cap"
"no","DNO","DNO ASA","8.1585428366","47.9372368925","26.3919821826","98","99","Speculative","Mid Cap"
"no","SNI","Stolt-Nielsen","9.2653714246","12.9163252774","19.4334058674","97","94","Adventurous","Mid Cap"
"no","WAWI","Wallenius Wilhelmsen ASA","12.4164324271","26.6356047369","22.2962839527","97","84","Speculative","Mid Cap"
"no","HAUTO","Hoegh Autoliners ASA","12.799688559","27.5208018308","38.5486581009","96","89","Speculative","Mid Cap"
"no","MPCC","Mpc Container Ships ASA","27.8209544114","52.1777027461","63.3640551328","96","96","Highly Speculative","Mid Cap"
"se","IPCO","International Petroleum","0","33.9668168461","32.2022694424","92","96","Speculative","Mid Cap"
"se","LOOMIS","Loomis AB","4.1265474553","11.1249481112","14.5075082718","71","94","Balanced","Mid Cap"
"se","BETS B","Betsson AB","0","19.6984318456","21.1755546905","69","99","Adventurous","Mid Cap"
"no","EPR","Europris ASA","5.230125523","13.0126066816","33.3431650656","63","80","Adventurous","Mid Cap"
"fi","ALMA","Alma Media Oyj","4.8034934498","20.2144946376","36.8392370572","53","98","Balanced","Mid Cap"
"se","KIND SDB","Kindred","4.1079190708","10.6345267636","24.2910740773","52","89","Adventurous","Mid Cap"
"fi","PUUILO","Puuilo Oyj","4.8226950355","16.1268556005","48.7838776928","45","89","Adventurous","Mid Cap"
"se","OX2","OX2 AB (publ)","0","30.2431204916","35.7852882704","40","90","Speculative","Mid Cap"
"se","COIC","Concentric AB","1.9417475728","10.7554718757","25.0828447617","37","96","Adventurous","Mid Cap"
"no","BOUV","Bouvet ASA","3.7313432836","10.166543147","61.3268454178","32","99","Adventurous","Mid Cap"
"dk","NETC","Netcompany A/S","0","12.14207327","17.0188939912","29","80","Speculative","Mid Cap"
