"Flag","Ticker","Name","Yield TTM (%)","FCF / Sales TTM (%)","ROE TTM (%)","Value Rank","Quality Rank","Risk Rating","Size Group"
"se","BRG B","Bergs Timber AB (publ)","5.4869684499","11.753902663","13.3603238866","95","86","Adventurous","Small Cap"
"se","JETPAK","Jetpak Top Holding AB (publ)","0","10.3335700882","22.2989990437","89","93","Adventurous","Small Cap"
"se","SVED B","Svedbergs i Dalstorp AB","4.3415340087","13.5522941786","27.5394996298","86","93","Speculative","Small Cap"
"se","CTM","Catena Media","0","24.4024483272","11.3589804986","80","91","Speculative","Small Cap"
"se","ARISE","Arise AB","1.8903591682","64.175257732","67.3647469459","78","87","Speculative","Small Cap"
"no","KID","Kid ASA","6.1179087875","13.4862244733","19.6561335908","65","81","Adventurous","Small Cap"
"se","CAG","CAG AB","3.4615384615","11.0148343965","19.0651362191","60","86","Balanced","Small Cap"
"se","PSCAND","Permascand Top Holding AB","0","11.9507908612","25.0387172758","59","90","Speculative","Small Cap"
"fi","TITAN","Titanium Oyj","8.4210526316","49.3264573412","46.3628647928","55","97","Balanced","Small Cap"
"se","B3","B3 Consulting AB (publ)","4.0774719674","13.1721062305","55.9702543438","48","90","Speculative","Small Cap"
"se","SLEEP","Sleep Cycle AB (publ)","17.0731707317","25.0141838318","25.9338899352","47","97","Speculative","Small Cap"
"fi","SIILI","Siili Solutions Oyj","1.2658227848","10.7314888367","11.4992253057","39","85","Balanced","Small Cap"
"fi","MEKKO","Marimekko Oyj","3.6756756757","11.4956610516","36.2579635632","39","80","Adventurous","Small Cap"
"se","PRFO","Profoto Holding AB (publ)","4.3572984749","21.8160377358","53.7396121884","35","88","Adventurous","Small Cap"
"se","INFRA","Infracom AB (publ)","1.7515923567","17.4150018868","23.74679213","31","90","Adventurous","Small Cap"
"se","MSAB B","Micro Systemation AB (publ)","3.5211267606","13.7457745257","16.5628867574","27","93","Speculative","Small Cap"
"fi","ADMCM","Admicom Oyj","3.0552291422","35.3904792029","26.2371125372","26","89","Adventurous","Small Cap"
"se","SINT","SinterCast AB","4.932735426","20.050547599","29.3309703146","25","96","Adventurous","Small Cap"
"fi","TNOM","Talenom Oyj","2.396804261","13.3094289754","21.0246118973","20","89","Adventurous","Small Cap"
