"Flag","Ticker","Name","Yield TTM (%)","FCF / Sales TTM (%)","ROE TTM (%)","Value Rank","Quality Rank","Risk Rating","Size Group"
"se","NPAPER","Nordic Paper Holding AB","10.3333333333","12.1707731521","56.8065506653","89","94","Adventurous","Small Cap"
"no","RANA","Rana Gruber ASA","13.9496855346","17.9264778081","78.5651561115","80","90","Adventurous","Small Cap"
"dk","STRINV","Strategic Investments A/S","4.6875","114.5860605339","15.7577272557","77","92","Balanced","Small Cap"
"se","SVED B","Svedbergs AB","2.106741573","11.0922102169","15.1788183532","77","96","Speculative","Small Cap"
"se","ARPL","Arla Plast AB","2.7397260274","12.7659908047","12.5980629723","73","82","Adventurous","Small Cap"
"se","FRACTL","Fractal Gaming AB","0","25.1446527363","27.9538221529","69","97","Speculative","Small Cap"
"se","PACT","Proact IT AB","1.9618239661","11.8370360539","18.6815923115","63","80","Adventurous","Small Cap"
"se","ZZ B","Zinzino AB","2.9661016949","13.2871493426","86.269193914","50","98","Speculative","Small Cap"
"fi","TITAN","Titanium Oyj","7.9532163743","48.0824508527","56.7064494479","47","92","Balanced","Small Cap"
"no","NKR","Nekkar Asa","0","18.3756825511","12.5216303433","46","84","Adventurous","Small Cap"
"fi","RELAIS","Relais Oyj","1.4652014652","13.0318318103","11.0127478754","44","80","Adventurous","Small Cap"
"se","SLEEP","Sleep Cycle AB (publ)","18.0412371134","17.4329328097","37.8138038245","43","96","Speculative","Small Cap"
"se","BAHN B","Bahnhof AB (publ)","4.7043010753","16.2410587958","39.7704815416","41","99","Speculative","Small Cap"
"se","PRFO","Profoto Holding AB (publ)","5.3333333333","17.7121771218","54.3026706231","38","89","Adventurous","Small Cap"
"se","INFRA","Infracom AB (publ)","1.6369047619","13.9325728969","23.7840690696","36","92","Adventurous","Small Cap"
"se","RUG","Rugvista AB (publ)","2.0833333333","13.3026671005","15.0688297433","33","97","Speculative","Small Cap"
"no","CAMBI","Cambi ASA","0.8620689655","24.5177423196","42.6059064263","28","85","Speculative","Small Cap"
"se","UPSALE","Upsales Technology AB","5.0377833753","20.750862611","99.9250112826","27","95","Speculative","Small Cap"
"fi","GOFORE","Gofore Oyj","1.4847161572","12.394824051","18.8849601399","24","99","Adventurous","Small Cap"
"se","SINT","SinterCast AB","2.619047619","32.0639756283","31.1793944871","22","99","Adventurous","Small Cap"
"se","ITECH","I-Tech AB","0","30.4856529688","19.980817899","20","82","Speculative","Small Cap"
