"Flag","Ticker","Name","Yield TTM (%)","FCF / Sales TTM (%)","ROE TTM (%)","Value Rank","Quality Rank","Risk Rating","Size Group"
"dk","DNORD","Dampskibsselskabet Norden A/S","30.5261858908","20.5084518636","68.9943141436","98","98","Speculative","Mid Cap"
"no","WAWI","Wallenius Wilhelmsen ASA","12.5709150815","26.6356047369","22.2962839527","97","84","Speculative","Mid Cap"
"no","DNO","DNO ASA","6.9819483544","47.9372368925","26.3919821826","97","99","Speculative","Mid Cap"
"no","HAUTO","Hoegh Autoliners ASA","12.8463466908","27.5208018308","38.5486581009","96","89","Speculative","Mid Cap"
"no","MPCC","Mpc Container Ships ASA","26.3220846932","52.1777027461","63.3640551328","96","96","Speculative","Mid Cap"
"se","IPCO","International Petroleum","0","33.9668168461","32.2022694424","91","96","Speculative","Mid Cap"
"fi","KEMIRA","Kemira Oyj","2.1892655367","10.8021593468","19.2126482213","80","95","Balanced","Mid Cap"
"no","BONHR","Bonheur ASA","1.8939393939","18.0974233472","19.9418433163","73","83","Adventurous","Mid Cap"
"no","EPR","Europris ASA","6.1025223759","14.5758493802","35.0188631333","73","87","Adventurous","Mid Cap"
"no","AKSO","Aker Solutions ASA","2.1312872975","10.9968485653","17.2732945092","71","94","Speculative","Mid Cap"
"se","BETS B","Betsson AB","0","19.6984318456","21.1755546905","64","99","Adventurous","Mid Cap"
"fi","ALMA","Alma Media Oyj","4.9661399549","17.9060665362","34.4203891477","54","96","Balanced","Mid Cap"
"se","COIC","Concentric AB","2.1739130435","11.696717522","22.6379351172","46","96","Adventurous","Mid Cap"
"se","KIND SDB","Kindred","1.8340741587","10.6850459482","29.838859048","44","97","Adventurous","Mid Cap"
"fi","PUUILO","Puuilo Oyj","4.5122760451","16.1268556005","48.7838776928","43","89","Adventurous","Mid Cap"
"no","BOUV","Bouvet ASA","4.1118421053","10.166543147","61.3268454178","38","99","Adventurous","Mid Cap"
"fi","HARVIA","Harvia Oyj","2.6823134954","16.8167983899","25.1617518812","37","83","Speculative","Mid Cap"
"se","KAMBI","Kambi","0","18.2193532739","15.1890065446","34","85","Speculative","Mid Cap"
"se","NCAB","NCAB AB (publ)","1.8644067797","15.6455171834","38.3665331632","25","96","Speculative","Mid Cap"
"dk","NETC","Netcompany A/S","0","12.14207327","17.0188939912","25","80","Speculative","Mid Cap"
"se","TROAX","Troax AB (publ)","1.9165993841","16.4293735675","23.2623841483","21","93","Speculative","Mid Cap"
"se","MYCR","Mycronic AB (publ)","1.559714795","25.1207729469","15.5788037298","20","97","Adventurous","Mid Cap"
"se","BIOG B","Biogaia AB","2.83203125","25.6992681282","22.8855833765","20","96","Adventurous","Mid Cap"
