"Flag","Ticker","Name","Yield TTM (%)","FCF / Sales TTM (%)","ROE TTM (%)","Value Rank","Quality Rank","Risk Rating","Size Group"
"se","MEAB B","Malmbergs Elektriska AB (publ)","4.3010752688","11.7011967376","10.4684831424","84","93","Balanced","Micro Cap"
"dk","STRINV","Strategic Investments A/S","4.7619047619","114.5860605339","15.7577272557","81","92","Balanced","Micro Cap"
"se","PRCO B","Precio Fishbone AB","3.6723163842","11.9504493987","14.2369635191","48","99","Adventurous","Micro Cap"
"se","STIL","Stille AB","1.7307692308","10.3731084258","13.6590975887","34","96","Adventurous","Micro Cap"
"no","CONTX","ContextVision AB","2.1324865334","26.6386612178","50.9394630052","31","93","Speculative","Micro Cap"
"se","ITECH","I-Tech AB","0","30.4856529688","19.980817899","27","82","Speculative","Micro Cap"
