"Flag","Ticker","Name","Yield TTM (%)","FCF / Sales TTM (%)","ROE TTM (%)","Value Rank","Quality Rank","Risk Rating","Size Group"
"dk","DNORD","Dampskibsselskabet Norden A/S","24.5246744215","16.401404453","56.5173890423","97","98","Speculative","Mid Cap"
"no","MPCC","Mpc Container Ships ASA","34.612794512","45.5340467834","62.6201401874","96","87","Speculative","Mid Cap"
"no","DNO","DNO ASA","7.750435348","28.8986257718","19.3349111477","96","83","Speculative","Mid Cap"
"no","HAUTO","Hoegh Autoliners ASA","14.9339656188","36.7506632536","43.8515136518","96","90","Speculative","Mid Cap"
"dk","NLFSK","Nilfisk Holding A/S","0","11.1329956856","16.180215475","81","86","Speculative","Mid Cap"
"fi","KEMIRA","Kemira Oyj","2.207977208","10.8021593468","19.2126482213","80","95","Balanced","Mid Cap"
"no","BONHR","Bonheur ASA","2.2624434389","18.0974233472","19.9418433163","80","83","Adventurous","Mid Cap"
"dk","UIE","Uie","2.8354845078","50.2372607345","14.724112237","77","95","Conservative","Mid Cap"
"no","EPR","Europris ASA","6.1728395062","14.5758493802","35.0188631333","71","87","Adventurous","Mid Cap"
"no","AGAS","Avance Gas Holding","14.1673913007","13.5887752446","17.2382690734","71","80","Speculative","Mid Cap"
"no","AKSO","Aker Solutions ASA","2.156101768","10.9968485653","17.2732945092","70","94","Speculative","Mid Cap"
"se","BETS B","Betsson AB","0","19.6984318456","21.1755546905","67","99","Adventurous","Mid Cap"
"se","KIND SDB","Kindred","2.1260216707","10.6850459482","29.838859048","51","97","Adventurous","Mid Cap"
"fi","ALMA","Alma Media Oyj","4.8140043764","17.9060665362","34.4203891477","51","96","Balanced","Mid Cap"
"se","COIC","Concentric AB","2.3474178404","11.696717522","22.6379351172","49","96","Adventurous","Mid Cap"
"fi","PUUILO","Puuilo Oyj","4.9311094996","16.1268556005","48.7838776928","46","89","Adventurous","Mid Cap"
"no","BOUV","Bouvet ASA","4.132231405","10.166543147","61.3268454178","37","99","Adventurous","Mid Cap"
"se","TROAX","Troax AB (publ)","2.2372174289","20.1102311997","24.1254739745","27","96","Speculative","Mid Cap"
"se","NCAB","NCAB AB (publ)","1.9486271036","15.6455171834","38.3665331632","26","96","Speculative","Mid Cap"
"se","MYCR","Mycronic AB (publ)","1.6248839369","25.1207729469","15.5788037298","21","97","Adventurous","Mid Cap"
"se","BIOG B","Biogaia AB","2.8712871287","25.6992681282","22.8855833765","20","96","Adventurous","Mid Cap"
