"Flag","Ticker","Name","Yield TTM (%)","FCF / Sales TTM (%)","ROE TTM (%)","Value Rank","Quality Rank","Risk Rating","Size Group"
"no","ELK","Elkem ASA","16.7785234899","11.3310231463","39.4862370165","97","96","Adventurous","Mid Cap"
"no","DNO","DNO ASA","7.2511683445","54.9092229484","32.233481283","97","98","Speculative","Mid Cap"
"no","MPCC","Mpc Container Ships ASA","26.6557930223","54.7022543323","60.1607951488","96","93","Highly Speculative","Mid Cap"
"dk","DNORD","Dampskibsselskabet Norden A/S","19.3465101437","19.1024772231","63.9845094664","96","98","Speculative","Mid Cap"
"no","ODF","Odfjell SE","8.8468799988","19.1905585528","22.7336979163","94","80","Adventurous","Mid Cap"
"no","SNI","Stolt-Nielsen","7.0737313423","12.9163252774","19.4334058674","93","95","Adventurous","Mid Cap"
"no","HAUTO","Hoegh Autoliners ASA","6.6678565971","21.2337836136","32.0452347759","92","84","Speculative","Mid Cap"
"se","IPCO","International Petroleum","0","39.0863922786","37.2610379106","90","95","Speculative","Mid Cap"
"no","GSF","Grieg Seafood ASA","5.2693208431","13.9286031349","19.1514323583","79","92","Speculative","Mid Cap"
"se","BETS B","Betsson AB","0","18.4251158003","19.6274718963","66","97","Adventurous","Mid Cap"
"no","EPR","Europris ASA","5.2484254724","13.0245972123","36.5543142838","64","83","Adventurous","Mid Cap"
"fi","ALMA","Alma Media Oyj","4.9661399549","20.2144946376","36.8392370572","57","99","Balanced","Mid Cap"
"fi","PUUILO","Puuilo Oyj","4.9132947977","16.1268556005","48.7838776928","47","90","Adventurous","Mid Cap"
"se","COIC","Concentric AB","1.8957345972","11.5138067061","28.369195923","36","97","Adventurous","Mid Cap"
"dk","NETC","Netcompany A/S","0","10.8708112294","18.4183856313","33","81","Adventurous","Mid Cap"
"se","BAHN B","Bahnhof AB (publ)","4.0840140023","14.2810495479","35.5678411463","32","99","Balanced","Mid Cap"
"se","OX2","OX2 AB (publ)","0","16.0256410256","37.811634349","29","91","Speculative","Mid Cap"
"se","TRUE B","Truecaller AB","0","33.5981309993","33.2905924827","29","82","Highly Speculative","Mid Cap"
"fi","ROVIO","Rovio Entertainment Oyj","1.3986013986","13.5123991653","10.7799219065","26","99","Adventurous","Mid Cap"
"se","BIOG B","Biogaia AB","3.085106383","27.2680004747","19.4178837705","21","93","Adventurous","Mid Cap"
"se","NCAB","NCAB AB (publ)","1.792991035","11.7849247201","42.3532626333","21","97","Speculative","Mid Cap"
