"Flag","Ticker","Name","Yield TTM (%)","FCF / Sales TTM (%)","ROE TTM (%)","Value Rank","Quality Rank","Risk Rating","Size Group"
"no","ODF","Odfjell SE","13.7949131871","23.7989063993","29.8304857122","97","85","Adventurous","Mid Cap"
"dk","DNORD","Dampskibsselskabet Norden A/S","21.3731995922","16.401404453","56.5173890423","97","98","Speculative","Mid Cap"
"no","MPCC","Mpc Container Ships ASA","35.7396666842","45.5340467834","62.6201401874","97","86","Speculative","Mid Cap"
"no","DNO","DNO ASA","7.4702439018","28.8986257718","19.3349111477","96","82","Speculative","Mid Cap"
"no","HAUTO","Hoegh Autoliners ASA","13.3983643212","36.7506632536","43.8515136518","95","90","Speculative","Mid Cap"
"dk","NLFSK","Nilfisk Holding A/S","0","11.1329956856","16.180215475","83","86","Speculative","Mid Cap"
"fi","KEMIRA","Kemira Oyj","2.1276595745","10.8021593468","19.2126482213","79","95","Balanced","Mid Cap"
"no","BONHR","Bonheur ASA","2.1739130435","18.0974233472","19.9418433163","78","82","Adventurous","Mid Cap"
"dk","UIE","Uie","2.9040727264","50.2372607345","14.724112237","78","95","Conservative","Mid Cap"
"no","EPR","Europris ASA","6.3398140321","14.5758493802","35.0188631333","72","86","Balanced","Mid Cap"
"no","AKSO","Aker Solutions ASA","2.1815008726","10.9968485653","17.2732945092","71","94","Speculative","Mid Cap"
"se","BETS B","Betsson AB","0","19.6984318456","21.1755546905","64","99","Adventurous","Mid Cap"
"se","KIND SDB","Kindred","2.2063667685","10.6850459482","29.838859048","52","97","Adventurous","Mid Cap"
"fi","ALMA","Alma Media Oyj","4.8888888889","17.9060665362","34.4203891477","51","96","Balanced","Mid Cap"
"se","COIC","Concentric AB","2.457002457","11.696717522","22.6379351172","51","96","Adventurous","Mid Cap"
"no","BOUV","Bouvet ASA","4.3630017452","12.3991005396","99.0782706893","40","99","Balanced","Mid Cap"
"fi","PUUILO","Puuilo Oyj","2.1118012422","18.3879093199","61.191626409","34","97","Adventurous","Mid Cap"
"se","NCAB","NCAB AB (publ)","2.1276595745","15.6455171834","38.3665331632","29","96","Speculative","Mid Cap"
"fi","MEKKO","Marimekko Oyj","3.1598513011","12.0668217432","43.6199586912","29","82","Adventurous","Mid Cap"
"se","TROAX","Troax AB (publ)","2.3358308678","20.1102311997","24.1254739745","28","96","Speculative","Mid Cap"
"fi","HARVIA","Harvia Oyj","1.3147082991","23.182493796","23.5951741045","27","82","Speculative","Mid Cap"
"se","MYCR","Mycronic AB (publ)","1.6069788797","25.1207729469","15.5788037298","20","97","Adventurous","Mid Cap"
