"Flag","Ticker","Name","Yield TTM (%)","FCF / Sales TTM (%)","ROE TTM (%)","Value Rank","Quality Rank","Risk Rating","Size Group"
"se","NPAPER","Nordic Paper Holding AB","11.2590799031","12.1707731521","56.8065506653","90","94","Adventurous","Small Cap"
"no","RANA","Rana Gruber ASA","14.4589308996","17.9264778081","78.5651561115","80","90","Adventurous","Small Cap"
"se","SVED B","Svedbergs AB","2.245508982","11.0922102169","15.1788183532","78","96","Speculative","Small Cap"
"dk","HART","Broedrene Hartmann A/S","0","10.6399471735","12.3241500586","76","94","Adventurous","Small Cap"
"se","ARPL","Arla Plast AB","2.8011204482","12.7659908047","12.5980629723","73","82","Adventurous","Small Cap"
"se","PACT","Proact IT AB","2.2023809524","11.8370360539","18.6815923115","67","80","Adventurous","Small Cap"
"se","FRACTL","Fractal Gaming AB","0","25.1446527363","27.9538221529","64","97","Speculative","Small Cap"
"se","ZZ B","Zinzino AB","3.2051282051","13.2871493426","86.269193914","53","98","Speculative","Small Cap"
"fi","RELAIS","Relais Oyj","1.7391304348","13.0318318103","11.0127478754","52","80","Speculative","Small Cap"
"no","NKR","Nekkar Asa","0","18.3756825511","12.5216303433","48","84","Adventurous","Small Cap"
"se","PRFO","Profoto Holding AB (publ)","6.6666666667","17.7121771218","54.3026706231","48","89","Adventurous","Small Cap"
"fi","TITAN","Titanium Oyj","8.1437125749","48.0824508527","56.7064494479","46","92","Balanced","Small Cap"
"se","SLEEP","Sleep Cycle AB (publ)","19.943019943","17.4329328097","37.8138038245","46","96","Speculative","Small Cap"
"se","RUG","Rugvista AB (publ)","2.380952381","13.3026671005","15.0688297433","39","97","Speculative","Small Cap"
"se","BAHN B","Bahnhof AB (publ)","4.5454545455","16.2410587958","39.7704815416","38","99","Speculative","Small Cap"
"se","INFRA","Infracom AB (publ)","1.6923076923","13.9325728969","23.7840690696","37","92","Adventurous","Small Cap"
"no","CAMBI","Cambi ASA","1.0204081633","24.5177423196","42.6059064263","34","85","Speculative","Small Cap"
"fi","GOFORE","Gofore Oyj","1.4847161572","12.394824051","18.8849601399","24","99","Adventurous","Small Cap"
"se","UPSALE","Upsales Technology AB","4.4247787611","20.750862611","99.9250112826","22","96","Speculative","Small Cap"
"fi","ADMCM","Admicom Oyj","3.1746031746","32.2920128175","26.7902591107","21","98","Adventurous","Small Cap"
"se","SINT","SinterCast AB","2.5114155251","32.0639756283","31.1793944871","20","99","Adventurous","Small Cap"
