"Flag","Ticker","Name","Div Cover TTM","Div Streak","Yield TTM (%)","FCF / Sales TTM (%)","Piotroski F-Score TTM","ROE TTM (%)","Quality Rank","Mkt Cap EUR (m EUR)","Risk Rating","Size Group"
"fi","ELISA","Elisa Oyj","1.0949627907","10","5.1349414856","16.9564618984","8","32.3237508556","98","6715.46310353","Conservative","Large Cap"
"no","SNI","Stolt-Nielsen","2.4336933333","10","7.3173188397","15.4925565346","8","16.801225542","89","1482.3034039579","Adventurous","Mid Cap"
"no","EPR","Europris ASA","1.4774133333","7","4.9570389954","17.9523501809","7","31.6950496887","87","1086.6508884193","Balanced","Mid Cap"
"se","BAHN B","Bahnhof AB (publ)","1.0639028571","10","4.7043010753","16.2410587958","7","39.7704815416","99","362.5847786838","Speculative","Small Cap"
