"Flag","Ticker","Name","Yield TTM (%)","FCF / Sales TTM (%)","ROE TTM (%)","Value Rank","Quality Rank","Risk Rating","Size Group"
"dk","DNORD","Dampskibsselskabet Norden A/S","29.1277111822","20.5084518636","68.9943141436","98","98","Speculative","Mid Cap"
"no","DNO","DNO ASA","7.7913058057","47.9372368925","26.3919821826","97","99","Speculative","Mid Cap"
"no","WAWI","Wallenius Wilhelmsen ASA","13.0425000031","26.6356047369","22.2962839527","97","85","Speculative","Mid Cap"
"no","SNI","Stolt-Nielsen","8.4854819297","12.9163252774","19.4334058674","96","94","Adventurous","Mid Cap"
"no","MPCC","Mpc Container Ships ASA","34.5969473765","52.1777027461","63.3640551328","96","96","Highly Speculative","Mid Cap"
"no","HAUTO","Hoegh Autoliners ASA","11.0009092185","27.5208018308","38.5486581009","94","90","Speculative","Mid Cap"
"se","IPCO","International Petroleum","0","33.9668168461","32.2022694424","91","96","Speculative","Mid Cap"
"se","LOOMIS","Loomis AB","3.9447731755","11.1249481112","14.5075082718","69","94","Balanced","Mid Cap"
"se","BETS B","Betsson AB","0","19.6984318456","21.1755546905","65","99","Adventurous","Mid Cap"
"no","EPR","Europris ASA","5.0234427328","13.0126066816","33.3431650656","61","81","Adventurous","Mid Cap"
"fi","ALMA","Alma Media Oyj","4.6610169492","20.2144946376","36.8392370572","52","98","Balanced","Mid Cap"
"fi","PUUILO","Puuilo Oyj","4.7819971871","16.1268556005","48.7838776928","44","89","Adventurous","Mid Cap"
"se","KIND SDB","Kindred","3.5225178184","10.6345267636","24.2910740773","43","89","Adventurous","Mid Cap"
"se","OX2","OX2 AB (publ)","0","30.2431204916","35.7852882704","42","90","Speculative","Mid Cap"
"fi","HARVIA","Harvia Oyj","2.8393966282","16.8167983899","25.1617518812","37","83","Speculative","Mid Cap"
"se","COIC","Concentric AB","1.8264840183","10.7554718757","25.0828447617","34","97","Adventurous","Mid Cap"
"se","BAHN B","Bahnhof AB (publ)","3.9637599094","16.091578902","34.0242991824","32","99","Balanced","Mid Cap"
"no","BOUV","Bouvet ASA","3.6231884058","10.166543147","61.3268454178","30","99","Adventurous","Mid Cap"
"dk","NETC","Netcompany A/S","0","12.14207327","17.0188939912","30","80","Adventurous","Mid Cap"
"se","BIOG B","Biogaia AB","2.9043565348","26.1566729037","20.4486201345","20","96","Adventurous","Mid Cap"
