"Flag","Ticker","Name","Yield TTM (%)","FCF / Sales TTM (%)","ROE TTM (%)","Value Rank","Quality Rank","Risk Rating","Size Group"
"no","MPCC","Mpc Container Ships ASA","37.9023610644","45.5340467834","62.6201401874","97","92","Speculative","Mid Cap"
"dk","DNORD","Dampskibsselskabet Norden A/S","19.8652044533","16.401404453","56.5173890423","96","98","Speculative","Mid Cap"
"no","DNO","DNO ASA","7.3213657742","28.8986257718","19.3349111477","95","82","Speculative","Mid Cap"
"no","ODF","Odfjell SE","11.9315347808","23.7989063993","29.8304857122","95","85","Adventurous","Mid Cap"
"no","HAUTO","Hoegh Autoliners ASA","12.5477464627","36.7506632536","43.8515136518","94","90","Speculative","Mid Cap"
"no","SNI","Stolt-Nielsen","3.8308722522","15.4925565346","16.801225542","88","89","Adventurous","Mid Cap"
"dk","NLFSK","Nilfisk Holding A/S","0","11.1329956856","16.180215475","86","86","Speculative","Mid Cap"
"no","BONHR","Bonheur ASA","2.7233115468","18.0974233472","19.9418433163","85","82","Adventurous","Mid Cap"
"dk","UIE","Uie","2.8581122219","50.2372607345","14.724112237","75","95","Conservative","Mid Cap"
"fi","KEMIRA","Kemira Oyj","2.0077720207","12.5765572521","19.1764279676","74","91","Balanced","Mid Cap"
"no","AKSO","Aker Solutions ASA","2.408477842","10.9968485653","17.2732945092","73","94","Speculative","Mid Cap"
"se","BETS B","Betsson AB","0","19.6984318456","21.1755546905","70","99","Adventurous","Mid Cap"
"no","EPR","Europris ASA","5.8915946583","14.5758493802","35.0188631333","66","86","Balanced","Mid Cap"
"se","HPOL B","Hexpol AB","3.9194338596","11.6327324601","19.2146227291","57","94","Balanced","Mid Cap"
"se","KIND SDB","Kindred","2.5284084484","10.6850459482","29.838859048","57","96","Adventurous","Mid Cap"
"se","COIC","Concentric AB","2.6666666667","11.696717522","22.6379351172","52","96","Adventurous","Mid Cap"
"fi","ALMA","Alma Media Oyj","5.2380952381","17.937806874","31.421319797","52","86","Balanced","Mid Cap"
"no","BOUV","Bouvet ASA","4.6125461255","12.3991005396","99.0782706893","41","99","Balanced","Mid Cap"
"se","OEM B","OEM International AB","2.1459227468","10.8173123937","37.0724376315","33","88","Adventurous","Mid Cap"
"fi","PUUILO","Puuilo Oyj","2.1794871795","18.3879093199","61.191626409","33","97","Adventurous","Mid Cap"
"no","BRG","BORREGAARD ASA","2.0440251572","10.6208030698","22.1327967807","31","90","Balanced","Mid Cap"
"fi","HARVIA","Harvia Oyj","1.4247551202","23.182493796","23.5951741045","29","82","Speculative","Mid Cap"
"fi","MEKKO","Marimekko Oyj","3.1307550645","12.0668217432","43.6199586912","27","82","Adventurous","Mid Cap"
"se","TROAX","Troax AB (publ)","2.3406099966","20.1102311997","24.1254739745","26","96","Speculative","Mid Cap"
"se","NCAB","NCAB AB (publ)","2.0408163265","15.6455171834","38.3665331632","25","96","Speculative","Mid Cap"
