"Flag","Ticker","Name","Yield TTM (%)","FCF / Sales TTM (%)","ROE TTM (%)","Value Rank","Quality Rank","Risk Rating","Size Group"
"dk","IMAIL","InterMail A/S","0","15.8786196931","31.0620652149","86","80","Highly Speculative","Micro Cap"
"se","EMBELL","Embellence AB (publ)","3.9800995025","12.9243160672","16.5804725105","84","85","Adventurous","Micro Cap"
"dk","SIG","Scandinavian Investment A/S","0","43.5540069686","16.2460110241","76","81","Balanced","Micro Cap"
"se","OGUN B","Ogunsen AB (publ)","9.4043887147","10.5533945027","55.0588367772","73","99","Adventurous","Micro Cap"
"se","IMINT","Imint Image Intelligence AB","0","21.7472060935","14.9495429952","63","80","Speculative","Micro Cap"
"no","CONTX","ContextVision AB","3.7185794687","17.8748143433","63.8691868267","29","82","Highly Speculative","Micro Cap"
