"Flag","Ticker","Name","Yield TTM (%)","FCF / Sales TTM (%)","ROE TTM (%)","Value Rank","Quality Rank","Risk Rating","Size Group"
"se","RROS","Rottneros AB","11.7647058824","17.3302872063","29.1944586968","97","82","Adventurous","Small Cap"
"se","SVED B","Svedbergs i Dalstorp AB","4.6439628483","13.5522941786","27.5394996298","87","91","Speculative","Small Cap"
"se","ARISE","Arise AB","2.2123893805","59.6787827557","59.3290614399","82","86","Speculative","Small Cap"
"se","JETPAK","Jetpak Top Holding AB (publ)","0","19.1476322533","11.1628754585","73","91","Adventurous","Small Cap"
"se","B3","B3 Consulting AB (publ)","6.4102564103","12.4876286828","48.3895008202","72","85","Speculative","Small Cap"
"se","SOF B","Softronic AB","6.345177665","10.8795024477","23.5083152567","69","87","Adventurous","Small Cap"
"no","MULTI","Multiconsult ASA","6.0200668896","12.6913786324","32.303653813","69","85","Adventurous","Small Cap"
"no","MAS","Masoval AS","1.6181229773","19.6684452918","28.2082964461","53","87","Adventurous","Small Cap"
"fi","TITAN","Titanium Oyj","8.1437125749","49.3264573412","46.3628647928","52","96","Balanced","Small Cap"
"se","PRFO","Profoto Holding AB (publ)","4.9627791563","24.9716231555","51.2195121951","43","93","Adventurous","Small Cap"
"fi","HARVIA","Harvia Oyj","2.9277218664","16.8167983899","25.1617518812","39","83","Speculative","Small Cap"
"se","INFRA","Infracom AB (publ)","2","16.6167450778","23.7988499324","39","94","Adventurous","Small Cap"
"fi","SIILI","Siili Solutions Oyj","1.261829653","10.7314888367","11.4992253057","38","83","Balanced","Small Cap"
"se","RVRC","RVRC Holding AB","2.3040095751","14.2913645353","24.6888899995","38","82","Speculative","Small Cap"
"fi","MEKKO","Marimekko Oyj","3.7756801777","12.1308646891","32.0562440648","38","85","Adventurous","Small Cap"
"se","BAHN B","Bahnhof AB (publ)","4.3969849246","16.091578902","34.0242991824","37","99","Balanced","Small Cap"
"se","FRACTL","Fractal Gaming AB","0","12.8128510009","11.1814404432","33","95","Speculative","Small Cap"
"se","SINT","SinterCast AB","5.6935817805","27.9487179487","26.2718932444","32","99","Adventurous","Small Cap"
"fi","ADMCM","Admicom Oyj","3.2581453634","35.3904792029","26.2371125372","28","88","Adventurous","Small Cap"
"se","MSAB B","Micro Systemation AB (publ)","3.1512605042","18.3292998236","20.8167053364","27","96","Speculative","Small Cap"
