"Flag","Ticker","Name","Yield TTM (%)","FCF / Sales TTM (%)","ROE TTM (%)","Value Rank","Quality Rank","Risk Rating","Size Group"
"se","NPAPER","Nordic Paper Holding AB","14.6687697161","11.3110539846","60.959651036","94","87","Adventurous","Small Cap"
"dk","NORTHM","North Media A/S","6.8846815835","16.6752977732","27.4459599192","92","92","Adventurous","Small Cap"
"no","OKEA","Okea ASA","2.6752273943","29.4655840269","35.9847045648","90","83","Speculative","Small Cap"
"se","ARISE","Arise AB","2.743484225","55.4032258065","65.1764705882","89","89","Speculative","Small Cap"
"no","RANA","Rana Gruber ASA","15.46875","21.7389391935","71.7769539641","86","84","Adventurous","Small Cap"
"se","PROF B","ProfilGruppen AB","3.9215686275","12.3175325695","10.5544791955","85","84","Speculative","Small Cap"
"se","SVED B","Svedbergs AB","2.1739130435","11.8882688127","16.1449539319","79","98","Speculative","Small Cap"
"se","SOF B","Softronic AB","7.0224719101","32.9702430993","26.9904264578","78","95","Adventurous","Small Cap"
"se","CAG","CAG AB","3.5643564356","10.4773401164","20.5472620275","64","91","Balanced","Small Cap"
"se","FRACTL","Fractal Gaming AB","0","20.1423471583","23.5017210293","56","96","Speculative","Small Cap"
"no","NKR","Nekkar Asa","0","18.3756825511","12.5216303433","52","84","Speculative","Small Cap"
"fi","TITAN","Titanium Oyj","8.3950617284","48.0824508527","56.7064494479","50","92","Balanced","Small Cap"
"se","PRFO","Profoto Holding AB (publ)","5.249343832","21.5753424658","70.2341137124","43","89","Adventurous","Small Cap"
"no","ITERA","Itera ASA","2.4590163934","10.7151443753","97.0674575553","43","96","Speculative","Small Cap"
"se","INFRA","Infracom AB (publ)","1.7973856209","19.8177017047","23.952214162","40","92","Adventurous","Small Cap"
"se","BAHN B","Bahnhof AB (publ)","4.6854082999","16.2863405443","41.8290769677","39","99","Speculative","Small Cap"
"fi","GOFORE","Gofore Oyj","1.6831683168","12.394824051","18.8849601399","31","99","Adventurous","Small Cap"
"se","RVRC","RVRC Holding AB","2.2384174909","11.858974359","23.0059171598","30","90","Speculative","Small Cap"
"fi","ADMCM","Admicom Oyj","3.7626628075","32.2920128175","26.7902591107","29","98","Adventurous","Small Cap"
"se","SINT","SinterCast AB","2.534562212","34.8509933775","31.955079122","20","99","Adventurous","Small Cap"
