"Flag","Ticker","Name","Yield TTM (%)","FCF / Sales TTM (%)","ROE TTM (%)","Value Rank","Quality Rank","Risk Rating","Size Group"
"no","SNI","Stolt-Nielsen","7.3173188397","15.4925565346","16.801225542","95","89","Adventurous","Mid Cap"
"no","ODF","Odfjell SE","10.8475257629","22.7933489342","29.3057635003","94","85","Adventurous","Mid Cap"
"no","HAUTO","Hoegh Autoliners ASA","13.9277200092","38.264445879","45.3645623065","94","90","Speculative","Mid Cap"
"dk","NLFSK","Nilfisk Holding A/S","0","12.1693625119","14.5648967552","86","86","Adventurous","Mid Cap"
"fi","KEMIRA","Kemira Oyj","1.8496420048","12.5737348649","19.1764279676","74","91","Balanced","Mid Cap"
"dk","UIE","Uie","4.521970527","21.7273923448","14.2773593727","70","95","Conservative","Mid Cap"
"se","DUNI","Duni AB","1.4423076923","10.2434602435","11.8751989812","64","89","Adventurous","Mid Cap"
"no","EPR","Europris ASA","4.9570389954","17.9523501809","31.6950496887","61","87","Balanced","Mid Cap"
"se","VBG B","VBG AB (publ)","2.2774327122","10.276248053","15.5142296656","61","97","Balanced","Mid Cap"
"se","BETS B","Betsson AB","0","23.7347294939","24.2048099302","51","98","Adventurous","Mid Cap"
"fi","ALMA","Alma Media Oyj","4.5833333333","17.937806874","31.421319797","47","86","Balanced","Mid Cap"
"se","COIC","Concentric AB","2.2497187852","11.5536920568","19.5175923877","44","98","Adventurous","Mid Cap"
"se","BEIA B","Beijer Alma AB","1.9904458599","10.9183044374","14.4150466699","33","84","Adventurous","Mid Cap"
"no","BRG","BORREGAARD ASA","1.9554753309","10.6208030698","22.1327967807","30","90","Balanced","Mid Cap"
"se","CLAS B","Clas Ohlson AB","0.9487666034","16.8057376088","19.8160241556","29","86","Adventurous","Mid Cap"
"fi","PUUILO","Puuilo Oyj","1.8920422927","18.3879093199","61.191626409","28","97","Adventurous","Mid Cap"
"se","BUFAB","Bufab AB (publ)","0.580495356","12.7582292849","20.2986022872","25","87","Adventurous","Mid Cap"
"fi","UPONOR","Uponor Oyj","1.2420156139","10.4590163934","15.6331422616","25","86","Adventurous","Mid Cap"
"fi","HARVIA","Harvia Oyj","1.1527377522","24.0848184376","20.5853428671","21","89","Speculative","Mid Cap"
"se","THULE","Thule AB","1.6986706056","15.7534989693","15.1851586563","21","89","Adventurous","Mid Cap"
"fi","MEKKO","Marimekko Oyj","2.5392083645","10.9193931214","38.7616288485","20","89","Adventurous","Mid Cap"
"se","BIOG B","Biogaia AB","2.8712871287","28.3825406613","22.8173303232","20","98","Adventurous","Mid Cap"
