"Flag","Ticker","Name","Yield TTM (%)","FCF / Sales TTM (%)","ROE TTM (%)","Value Rank","Quality Rank","Risk Rating","Size Group"
"dk","IMAIL","InterMail A/S","0","15.8786196931","31.0620652149","86","80","Highly Speculative","Micro Cap"
"se","EMBELL","Embellence AB (publ)","4.1450777202","12.7343424524","16.5783355236","85","86","Adventurous","Micro Cap"
"se","OGUN B","Ogunsen AB (publ)","10.3567318757","11.0649247823","55.4553805328","76","90","Adventurous","Micro Cap"
"dk","SIG","Scandinavian Investment A/S","0","43.5540069686","16.2460110241","74","81","Balanced","Micro Cap"
"se","IMINT","Imint Image Intelligence AB","0","21.7472060935","14.9495429952","55","80","Speculative","Micro Cap"
