"Flag","Ticker","Name","Yield TTM (%)","FCF / Sales TTM (%)","ROE TTM (%)","Value Rank","Quality Rank","Risk Rating","Size Group"
"no","ELK","Elkem ASA","17.0551449687","11.3310231463","39.4862370165","97","96","Adventurous","Mid Cap"
"no","DNO","DNO ASA","7.8050905306","54.9092229484","32.233481283","97","98","Speculative","Mid Cap"
"no","MPCC","Mpc Container Ships ASA","28.9566902644","54.7022543323","60.1607951488","96","93","Highly Speculative","Mid Cap"
"dk","DNORD","Dampskibsselskabet Norden A/S","19.3002504791","19.1024772231","63.9845094664","95","98","Speculative","Mid Cap"
"no","WAWI","Wallenius Wilhelmsen ASA","11.8072111616","23.4687809713","23.8622386224","95","85","Speculative","Mid Cap"
"no","HAUTO","Hoegh Autoliners ASA","7.3949182321","21.2337836136","32.0452347759","94","84","Speculative","Mid Cap"
"no","BWLPG","BW LPG","12.7525447538","19.1136737207","14.5169031555","92","86","Speculative","Mid Cap"
"no","SNI","Stolt-Nielsen","6.8613848432","12.9163252774","19.4334058674","92","95","Adventurous","Mid Cap"
"se","IPCO","International Petroleum","0","39.0863922786","37.2610379106","91","95","Speculative","Mid Cap"
"no","GSF","Grieg Seafood ASA","5.7142857143","13.9286031349","19.0797666122","81","92","Speculative","Mid Cap"
"dk","STG","Scandinavian Tobacco A/S","6.0572687225","11.446896898","16.1261428556","78","80","Balanced","Mid Cap"
"se","BETS B","Betsson AB","0","18.4251158003","19.6274718963","69","97","Adventurous","Mid Cap"
"no","EPR","Europris ASA","5.1546391753","13.0245972123","36.5543142838","62","83","Adventurous","Mid Cap"
"fi","ALMA","Alma Media Oyj","4.7567567568","22.7331606218","39.0760869565","55","99","Balanced","Mid Cap"
"fi","PUUILO","Puuilo Oyj","5.0595238095","16.1268556005","48.7838776928","48","91","Adventurous","Mid Cap"
"se","COIC","Concentric AB","1.8867924528","11.5138067061","28.369195923","35","97","Adventurous","Mid Cap"
"fi","ROVIO","Rovio Entertainment Oyj","1.665598975","13.5123991653","10.7799219065","33","99","Adventurous","Mid Cap"
"dk","NETC","Netcompany A/S","0","10.8708112294","18.4183856313","33","82","Adventurous","Mid Cap"
"se","OX2","OX2 AB (publ)","0","15.6070120356","37.811634349","31","91","Speculative","Mid Cap"
"se","TRUE B","Truecaller AB","0","33.5981309993","33.2905924827","26","82","Highly Speculative","Mid Cap"
"no","NOD","Nordic Semiconductor ASA","0","14.4395636086","23.4871413857","23","98","Speculative","Mid Cap"
"se","BIOG B","Biogaia AB","3.1635213265","27.2680004747","19.4178837705","21","93","Adventurous","Mid Cap"
"se","NCAB","NCAB AB (publ)","1.8032786885","11.7841039101","42.3581180806","21","97","Speculative","Mid Cap"
