"Flag","Ticker","Name","Yield TTM (%)","FCF / Sales TTM (%)","ROE TTM (%)","Value Rank","Quality Rank","Risk Rating","Size Group"
"se","EMBELL","Embellence AB (publ)","4.2105263158","12.7343424524","16.5783355236","87","87","Adventurous","Micro Cap"
"dk","IMAIL","InterMail A/S","0","15.8786196931","31.0620652149","87","82","Highly Speculative","Micro Cap"
"dk","CPHCAP ST","Copenhagen Capital A/S","5.3691275168","42.020295203","40.4399718646","79","81","Speculative","Micro Cap"
"se","TPGR","Time People AB (publ)","5.4435483871","13.7418718356","36.89840235","76","85","Speculative","Micro Cap"
"se","OGUN B","Ogunsen AB (publ)","7.1817192601","10.7836517049","62.921928038","71","88","Adventurous","Micro Cap"
"se","DIAH","Diadrom Holding AB","5.5882352941","18.2625237793","69.4775676922","62","86","Adventurous","Micro Cap"
