"Flag","Ticker","Name","Yield TTM (%)","FCF / Sales TTM (%)","ROE TTM (%)","Value Rank","Quality Rank","Risk Rating","Size Group"
"dk","MAERSK B","AP Moeller - Maersk A/S","32.5902120036","32.9940102092","32.8800456719","99","88","Adventurous","Large Cap"
"no","EQNR","Equinor ASA","12.0939441449","13.9637923931","52.9343187717","93","99","Balanced","Large Cap"
"no","AKRBP","Aker BP ASA","8.2181274523","16.1217165629","12.0673324205","89","89","Adventurous","Large Cap"
"se","HPOL B","Hexpol AB","3.4123222749","11.6327324601","19.2146227291","53","94","Balanced","Large Cap"
"se","SAND","Sandvik AB","0","12.3709254524","17.495597902","41","83","Balanced","Large Cap"
"fi","ORNBV","Orion Oyj","4.5428733674","20.4387649579","40.3583898808","40","99","Balanced","Large Cap"
"dk","PNDORA","Pandora A/S","2.3174971031","17.5929717455","96.6741026161","39","88","Adventurous","Large Cap"
"dk","CARL B","Carlsberg A/S","2.6812313803","12.710453284","18.4908297404","38","84","Conservative","Large Cap"
"fi","ELISA","Elisa Oyj","4.8314606742","16.1410788382","35.5772846935","35","96","Conservative","Large Cap"
"dk","DSV","Dsv A/S","0.4984662577","11.9592381032","19.9066999657","32","88","Balanced","Large Cap"
"se","ASSA B","Assa Abloy AB","0.9933774834","13.1056231003","15.7688261721","30","83","Balanced","Large Cap"
"se","HEXA B","Hexagon AB","1.4691683719","13.2883805834","10.8815809788","25","90","Balanced","Large Cap"
"dk","DEMANT","Demant A/S","0","12.9382577353","27.6758142516","21","86","Adventurous","Large Cap"
