"Flag","Ticker","Name","Yield TTM (%)","FCF / Sales TTM (%)","ROE TTM (%)","Value Rank","Quality Rank","Risk Rating","Size Group"
"se","PSCAND","Permascand Top Holding AB","0","11.9507908612","25.0387172758","83","88","Speculative","Micro Cap"
"se","OGUN B","Ogunsen AB (publ)","10.9223300971","10.8482206456","50.9167912307","80","93","Adventurous","Micro Cap"
"dk","SIG","Scandinavian Investment A/S","0","43.5540069686","16.2460110241","78","80","Balanced","Micro Cap"
"se","SLEEP","Sleep Cycle AB (publ)","28","12.2393319613","23.5073800227","61","97","Speculative","Micro Cap"
"se","NTEK B","Novotek AB","2.9411764706","10.7998724077","16.8094848733","51","88","Speculative","Micro Cap"
"se","STIL","Stille AB","1.6901408451","14.0552144138","14.8996547891","33","96","Adventurous","Micro Cap"
"no","CONTX","ContextVision AB","3.5187759631","24.1216161288","61.0973445257","30","92","Speculative","Micro Cap"
"se","ITECH","I-Tech AB","0","27.3676308678","14.697734764","21","89","Speculative","Micro Cap"
