"Flag","Ticker","Name","Yield TTM (%)","FCF / Sales TTM (%)","ROE TTM (%)","Value Rank","Quality Rank","Risk Rating","Size Group"
"no","ELK","Elkem ASA","8.6009174312","11.1281198003","45.7341995439","97","90","Adventurous","Mid Cap"
"dk","DNORD","Dampskibsselskabet Norden A/S","13.3460271758","17.3108624401","62.1301775148","97","90","Speculative","Mid Cap"
"no","MPCC","Mpc Container Ships ASA","14.461625752","55.1565249568","71.0348818677","96","80","Highly Speculative","Mid Cap"
"no","BWLPG","BW LPG","13.0661987266","19.1136737207","14.5169031555","93","87","Speculative","Mid Cap"
"no","DNO","DNO ASA","3.6246786999","59.6558450606","36.0953562566","93","99","Speculative","Mid Cap"
"se","IPCO","International Petroleum","0","37.6955082094","41.1534612826","88","89","Speculative","Mid Cap"
"no","GSF","Grieg Seafood ASA","3.5906642729","50.5915811969","23.4958242836","83","98","Speculative","Mid Cap"
"se","INWI","Inwido AB (publ)","5.1079734219","10.3846913906","16.4895941007","83","88","Adventurous","Mid Cap"
"no","EPR","Europris ASA","6.0975609756","10.7977448796","46.7545036661","68","88","Adventurous","Mid Cap"
"fi","ALMA","Alma Media Oyj","3.4653465347","24.2857142857","39.6237507349","49","98","Balanced","Mid Cap"
"fi","ROVIO","Rovio Entertainment Oyj","1.6666666667","16.2659043425","13.9773766546","46","98","Adventurous","Mid Cap"
"no","BOUV","Bouvet ASA","4.795221843","10.0792997386","79.6610235429","40","99","Adventurous","Mid Cap"
"se","BETS B","Betsson AB","0","11.6057678846","17.0705304355","38","85","Adventurous","Mid Cap"
"se","NORVA","Norva24 AB (publ)","0","11.5896733313","14.3973305119","24","80","Adventurous","Mid Cap"
"fi","EQV1V","eQ Oyj","4.016064257","31.9486809323","56.7152551407","23","80","Adventurous","Mid Cap"
