"Flag","Ticker","Name","Yield TTM (%)","FCF / Sales TTM (%)","ROE TTM (%)","Value Rank","Quality Rank","Risk Rating","Size Group"
"se","SBOK","ScandBook Holding AB","5.5147058824","12.0796451025","10.6761993751","97","96","Adventurous","Micro Cap"
"se","OGUN B","Ogunsen AB (publ)","13.6570561457","10.4546786251","69.5387994143","84","99","Adventurous","Micro Cap"
"se","MEAB B","Malmbergs Elektriska AB (publ)","4.132231405","11.7011967376","10.4684831424","84","93","Balanced","Micro Cap"
"se","SLEEP","Sleep Cycle AB (publ)","28.3400809717","13.5872700326","40.7370975146","55","93","Speculative","Micro Cap"
"se","PRCO B","Precio Fishbone AB","3.8461538462","13.3944382859","14.9211678832","54","99","Adventurous","Micro Cap"
"se","NTEK B","Novotek AB","2.9527559055","10.7998724077","16.8094848733","51","87","Speculative","Micro Cap"
"se","UPSALE","Upsales Technology AB","5.5555555556","25.2693117896","148.2248939911","34","95","Speculative","Micro Cap"
"se","ITECH","I-Tech AB","0","28.2363895851","18.7461785306","34","82","Speculative","Micro Cap"
"se","STIL","Stille AB","1.5789473684","12.2673290152","12.7581282804","29","96","Adventurous","Micro Cap"
"no","CONTX","ContextVision AB","1.9948526542","27.6557882616","57.7665704887","28","92","Speculative","Micro Cap"
