"Flag","Ticker","Name","Yield TTM (%)","FCF / Sales TTM (%)","ROE TTM (%)","Value Rank","Quality Rank","Risk Rating","Size Group"
"se","IMINT","Imint Image Intelligence AB","0","21.7472060935","14.9495429952","92","85","Highly Speculative","Micro Cap"
"se","PSCAND","Permascand Top Holding AB","0","11.9507908612","25.0387172758","84","89","Speculative","Micro Cap"
"se","OGUN B","Ogunsen AB (publ)","11.2923462986","10.5533945027","55.0588367772","79","98","Adventurous","Micro Cap"
"dk","SIG","Scandinavian Investment A/S","0","43.5540069686","16.2460110241","76","80","Balanced","Micro Cap"
"no","ELIMP","Elektroimportoren AS","1.7064846416","15.8148282354","12.8565527042","63","92","Speculative","Micro Cap"
"se","SLEEP","Sleep Cycle AB (publ)","22.8758169935","12.2393319613","23.5073800227","52","97","Speculative","Micro Cap"
"se","NTEK B","Novotek AB","2.688172043","10.7998724077","16.8094848733","45","88","Speculative","Micro Cap"
"se","STIL","Stille AB","1.6589861751","14.0552144138","14.8996547891","33","96","Adventurous","Micro Cap"
"se","ITECH","I-Tech AB","0","27.3676308678","14.697734764","27","89","Speculative","Micro Cap"
