"Flag","Ticker","Name","Yield TTM (%)","FCF / Sales TTM (%)","ROE TTM (%)","Value Rank","Quality Rank","Risk Rating","Size Group"
"dk","MAERSK B","AP Moeller - Maersk A/S","34.1730195796","37.179408554","53.8216942092","99","99","Adventurous","Large Cap"
"no","EQNR","Equinor ASA","10.2356740394","17.8015355292","61.8206843158","94","99","Balanced","Large Cap"
"no","AKRBP","Aker BP ASA","8.2784329287","29.9592125934","21.9215662677","92","91","Adventurous","Large Cap"
"no","VAR","Var Energi ASA","18.3261370336","30.7135291011","62.7521700015","92","93","Speculative","Large Cap"
"se","HOLM B","Holmen AB","4.0080160321","17.0883433534","11.3024571396","61","95","Conservative","Large Cap"
"no","SALM","SalMar ASA","4.5310376076","21.7033746101","19.6702100561","43","84","Adventurous","Large Cap"
"dk","PNDORA","Pandora A/S","2.4412572475","12.2548463893","70.9909655562","40","91","Adventurous","Large Cap"
"se","HPOL B","Hexpol AB","2.8015564202","11.6576001439","19.5381044183","39","85","Balanced","Large Cap"
"fi","ORNBV","Orion Oyj","3.8844379704","26.9506191258","42.2101449275","37","97","Balanced","Large Cap"
"dk","DSV","Dsv A/S","0.490011308","10.6303439204","24.128222384","37","98","Balanced","Large Cap"
"dk","CARL B","Carlsberg A/S","2.5399811853","12.710453284","18.4908297404","34","86","Conservative","Large Cap"
"se","ASSA B","Assa Abloy AB","1.9331453886","10.233208878","17.0838769385","30","93","Balanced","Large Cap"
"fi","ELISA","Elisa Oyj","3.8696904248","15.0692650857","30.6099905904","26","94","Conservative","Large Cap"
