"Flag","Ticker","Name","Yield TTM (%)","FCF / Sales TTM (%)","ROE TTM (%)","Value Rank","Quality Rank","Risk Rating","Size Group"
"no","WILS","Wilson ASA","14.108840898","25.3914142012","48.7782404029","95","95","Speculative","Small Cap"
"se","RROS","Rottneros AB","4.1493775934","15.0280898876","30.9584828293","92","93","Adventurous","Small Cap"
"no","SBO","Selvaag Bolig ASA","14.7492625369","22.0410000418","22.6772569561","92","90","Adventurous","Small Cap"
"no","KCC","Klaveness Combination Carriers ASA","11.7476205839","38.4683598619","24.0275936943","90","90","Adventurous","Small Cap"
"no","RANA","Rana Gruber ASA","10.8833922261","24.75024224","38.8268023627","79","81","Adventurous","Small Cap"
"fi","ALEX","Alexandria Pankkiiriliike Oyj","8.9337175793","15.3358739035","25.8455882353","74","81","Adventurous","Small Cap"
"se","BRE2","Bredband2 i Skandinavien AB","5.8823529412","13.2564357553","14.6563118017","67","88","Balanced","Small Cap"
"no","MULTI","Multiconsult ASA","4.5112781955","10.4942134424","33.6783540774","65","94","Adventurous","Small Cap"
"se","KOBR B","Kopparbergs Bryggeri AB","5.3387334315","14.900047617","20.282794955","64","97","Balanced","Small Cap"
"se","G5EN","G5 Entertainment AB (publ)","3.7817396002","11.3045893278","16.2434471405","61","98","Speculative","Small Cap"
"fi","UNITED","United Bankers Oyj","5.223880597","27.9973077424","29.1025771621","60","87","Balanced","Small Cap"
"se","SOF B","Softronic AB","6.0810810811","12.6816176059","37.2581305436","60","95","Balanced","Small Cap"
"fi","TITAN","Titanium Oyj","5.5151515152","49.0478663715","56.7607862376","48","92","Balanced","Small Cap"
"se","PSCAND","Permascand Top Holding AB","0","21.6868204251","30.1837837838","42","86","Speculative","Small Cap"
"fi","SIILI","Siili Solutions Oyj","1.0843373494","11.1472623084","20.4824805795","42","91","Balanced","Small Cap"
"se","B3","B3 Consulting AB (publ)","1.9662921348","11.0178906111","54.5036868973","41","89","Adventurous","Small Cap"
"se","PRFO","Profoto Holding AB (publ)","3.9817974972","25.3588516746","64.2978003384","38","90","Adventurous","Small Cap"
"fi","MEKKO","Marimekko Oyj","1.5384615385","15.2508304848","41.2418722818","35","89","Adventurous","Small Cap"
"se","INFRA","Infracom AB (publ)","1.6666666667","21.4189784166","25.0713720718","34","92","Adventurous","Small Cap"
"se","SLEEP","Sleep Cycle AB (publ)","0","30.9871211237","28.7875046302","33","82","Speculative","Small Cap"
"se","BAHN B","Bahnhof AB (publ)","2.688172043","13.4228682367","38.0878936181","32","99","Balanced","Small Cap"
"fi","ADMCM","Admicom Oyj","3.0127462341","35.3904792029","26.2371125372","28","90","Adventurous","Small Cap"
"fi","GOFORE","Gofore Oyj","1.1666666667","15.6619970004","17.865656767","20","92","Adventurous","Small Cap"
