"Flag","Ticker","Name","Yield TTM (%)","FCF / Sales TTM (%)","ROE TTM (%)","Value Rank","Quality Rank","Risk Rating","Size Group"
"dk","IMAIL","InterMail A/S","0","15.8786196931","31.0620652149","86","82","Highly Speculative","Micro Cap"
"dk","CPHCAP ST","Copenhagen Capital A/S","6.2015503876","42.020295203","40.4399718646","83","80","Speculative","Micro Cap"
"se","OGUN B","Ogunsen AB (publ)","7.5514874142","10.7836517049","62.921928038","73","88","Adventurous","Micro Cap"
"se","DIAH","Diadrom Holding AB","6.2091503268","18.2625237793","69.4775676922","67","86","Adventurous","Micro Cap"
"fi","TRH1V","Trainers' House Oyj","0","10.0617729643","15.6232788691","57","83","Speculative","Micro Cap"
"se","GENI","Generic Sweden AB (publ)","2.7777777778","12.6833358867","63.3667402752","25","97","Highly Speculative","Micro Cap"
