"Flag","Ticker","Name","Yield TTM (%)","FCF / Sales TTM (%)","ROE TTM (%)","Value Rank","Quality Rank","Risk Rating","Size Group"
"se","BRG B","Bergs Timber AB (publ)","5.8479532164","11.753902663","13.3603238866","96","87","Adventurous","Small Cap"
"no","WILS","Wilson ASA","0","26.6511075625","44.9900450255","94","98","Speculative","Small Cap"
"se","ARISE","Arise AB","0","53.0068728522","67.3647469459","92","87","Speculative","Small Cap"
"se","SVED B","Svedbergs i Dalstorp AB","4.8076923077","13.5522941786","27.5394996298","90","93","Adventurous","Small Cap"
"se","EAST","Eastnine AB (publ)","3.0551520033","52.2181195483","25.4089516467","81","81","Balanced","Small Cap"
"no","MULTI","Multiconsult ASA","6.25","12.4065638855","32.8904557816","69","80","Adventurous","Small Cap"
"no","KID","Kid ASA","6.3953488372","13.4863188725","19.6562124538","68","82","Adventurous","Small Cap"
"se","SOF B","Softronic AB","6.2068965517","11.4605542396","34.6325288562","61","95","Balanced","Small Cap"
"se","B3","B3 Consulting AB (publ)","4.469273743","13.169584531","55.9411020884","53","91","Adventurous","Small Cap"
"fi","TITAN","Titanium Oyj","7.4725274725","49.3264573412","46.3628647928","50","97","Balanced","Small Cap"
"se","SLEEP","Sleep Cycle AB (publ)","16.4705882353","25.0141838318","25.9338899352","47","97","Speculative","Small Cap"
"se","PSCAND","Permascand Top Holding AB","0","11.9507908612","25.0387172758","42","90","Speculative","Small Cap"
"fi","SIILI","Siili Solutions Oyj","1.2861736334","10.7314888367","11.4992253057","42","86","Balanced","Small Cap"
"fi","MEKKO","Marimekko Oyj","3.7199124726","11.4956610516","36.2579635632","41","81","Adventurous","Small Cap"
"se","PRFO","Profoto Holding AB (publ)","4.5095828636","21.8160377358","53.7396121884","38","89","Adventurous","Small Cap"
"se","INFRA","Infracom AB (publ)","1.7730496454","21.4189784166","25.0713720718","37","92","Adventurous","Small Cap"
"se","MSAB B","Micro Systemation AB (publ)","3.8461538462","13.2506887052","16.5314823229","30","93","Speculative","Small Cap"
"se","BAHN B","Bahnhof AB (publ)","2.6041666667","13.4228682367","38.0878936181","30","99","Balanced","Small Cap"
"fi","ADMCM","Admicom Oyj","3.1175059952","35.3904792029","26.2371125372","29","90","Adventurous","Small Cap"
"se","SINT","SinterCast AB","4.8973880597","20.050547599","29.3309703146","27","96","Adventurous","Small Cap"
"fi","TNOM","Talenom Oyj","2.2332506203","14.1048116192","23.4276979274","21","84","Adventurous","Small Cap"
