"Flag","Ticker","Name","Yield TTM (%)","FCF / Sales TTM (%)","ROE TTM (%)","Value Rank","Quality Rank","Risk Rating","Size Group"
"se","PSCAND","Permascand Top Holding AB","0","11.9507908612","25.0387172758","86","88","Speculative","Micro Cap"
"se","OGUN B","Ogunsen AB (publ)","12.2448979592","10.8482206456","50.9167912307","85","93","Adventurous","Micro Cap"
"dk","SIG","Scandinavian Investment A/S","0","43.5540069686","16.2460110241","79","80","Balanced","Micro Cap"
"se","SLEEP","Sleep Cycle AB (publ)","25.3623188406","12.2393319613","23.5073800227","58","96","Speculative","Micro Cap"
"se","NTEK B","Novotek AB","3.1612223393","10.7998724077","16.8094848733","58","87","Speculative","Micro Cap"
"no","CONTX","ContextVision AB","3.5999924444","24.1216161288","61.0973445257","32","92","Speculative","Micro Cap"
"se","STIL","Stille AB","1.5652173913","12.2673290152","12.7581282804","31","96","Adventurous","Micro Cap"
"se","ITECH","I-Tech AB","0","27.3676308678","14.697734764","24","89","Speculative","Micro Cap"
