"Flag","Ticker","Name","Yield TTM (%)","FCF / Sales TTM (%)","ROE TTM (%)","Value Rank","Quality Rank","Risk Rating","Size Group"
"dk","MAERSK B","AP Moeller - Maersk A/S","36.9219906872","32.9940102092","32.8800456719","99","88","Adventurous","Large Cap"
"no","EQNR","Equinor ASA","10.829122285","13.9637923931","52.9343187717","90","99","Balanced","Large Cap"
"no","AKRBP","Aker BP ASA","7.6310292703","16.1217165629","12.0673324205","85","89","Adventurous","Large Cap"
"se","INDU A","Industrivarden AB","2.5718339837","19.9575232805","25.005691767","64","85","Conservative","Large Cap"
"dk","HLUN A","H Lundbeck A/S","1.85540627","18.1775966152","12.0433346288","52","98","Adventurous","Large Cap"
"se","SAND","Sandvik AB","0","14.2612954262","17.1247344785","44","89","Balanced","Large Cap"
"dk","CARL B","Carlsberg A/S","3.0913670712","12.710453284","18.4908297404","42","84","Conservative","Large Cap"
"fi","ELISA","Elisa Oyj","5.3086419753","16.9564618984","32.3237508556","38","98","Conservative","Large Cap"
"fi","ORNBV","Orion Oyj","4.3584854263","20.4387649579","40.3583898808","34","99","Balanced","Large Cap"
"dk","DSV","Dsv A/S","0.6220095694","11.6086967031","17.5440465568","34","81","Balanced","Large Cap"
"se","ASSA B","Assa Abloy AB","1.0480349345","13.1056231003","15.7688261721","30","83","Balanced","Large Cap"
"dk","PNDORA","Pandora A/S","1.9733596448","17.5929717455","96.6741026161","29","87","Adventurous","Large Cap"
"se","HEXA B","Hexagon AB","1.5030497624","13.2883805834","10.8815809788","23","89","Balanced","Large Cap"
"dk","DEMANT","Demant A/S","0","12.9382577353","27.6758142516","21","85","Adventurous","Large Cap"
