"Flag","Ticker","Name","Yield TTM (%)","FCF / Sales TTM (%)","ROE TTM (%)","Value Rank","Quality Rank","Risk Rating","Size Group"
"dk","MAERSK B","AP Moeller - Maersk A/S","35.8358705921","36.5391659254","50.1039353471","99","89","Adventurous","Large Cap"
"no","EQNR","Equinor ASA","11.7702610038","17.9398441237","57.7666663347","95","99","Balanced","Large Cap"
"no","NHY","Norsk Hydro ASA","8.7353123067","10.6267899946","19.402631267","91","87","Adventurous","Large Cap"
"no","VAR","Var Energi ASA","18.5268749524","23.0741458194","43.5417652638","90","96","Speculative","Large Cap"
"se","HOLM B","Holmen AB","4.1830065359","19.4390992835","11.4186645532","64","98","Balanced","Large Cap"
"dk","PNDORA","Pandora A/S","2.7768136064","15.1592548077","91.3358070501","48","97","Adventurous","Large Cap"
"fi","ORNBV","Orion Oyj","4.1862899006","21.722679724","49.1263981285","37","99","Balanced","Large Cap"
"dk","CARL B","Carlsberg A/S","2.5292740047","12.710453284","18.4908297404","35","84","Conservative","Large Cap"
"dk","DSV","Dsv A/S","0.4784688995","11.8838575552","22.5479729545","33","94","Balanced","Large Cap"
"se","ASSA B","Assa Abloy AB","1.9512195122","12.1571663296","16.2219863758","32","92","Balanced","Large Cap"
"fi","ELISA","Elisa Oyj","4.3814958223","14.9504124571","28.8586499503","31","96","Conservative","Large Cap"
