"Flag","Ticker","Name","Yield TTM (%)","FCF / Sales TTM (%)","ROE TTM (%)","Value Rank","Quality Rank","Risk Rating","Size Group"
"dk","MAERSK B","AP Moeller - Maersk A/S","30.6268924729","36.5391659254","50.1039353471","99","88","Adventurous","Large Cap"
"no","EQNR","Equinor ASA","11.4839602093","13.9637923931","52.9343187717","92","99","Balanced","Large Cap"
"no","AKRBP","Aker BP ASA","7.7672979262","16.1217165629","12.0673324205","87","89","Adventurous","Large Cap"
"se","HOLM B","Holmen AB","3.9850560399","19.4390992835","11.4186645532","64","98","Balanced","Large Cap"
"se","HPOL B","Hexpol AB","3.1802120141","11.6327324601","19.2146227291","51","94","Balanced","Large Cap"
"dk","PNDORA","Pandora A/S","2.4532352039","15.1592548077","91.3358070501","44","97","Adventurous","Large Cap"
"se","SAND","Sandvik AB","0","12.3709254524","17.495597902","42","84","Balanced","Large Cap"
"fi","ORNBV","Orion Oyj","4.5545118133","20.4387649579","40.3583898808","41","99","Balanced","Large Cap"
"dk","CARL B","Carlsberg A/S","2.5812619503","12.710453284","18.4908297404","38","84","Conservative","Large Cap"
"fi","ELISA","Elisa Oyj","4.4039328144","16.1410788382","35.5772846935","32","96","Conservative","Large Cap"
"dk","DSV","Dsv A/S","0.4710144928","11.9592381032","19.9066999657","31","89","Balanced","Large Cap"
"se","ASSA B","Assa Abloy AB","0.9661835749","13.1056231003","15.7688261721","30","84","Balanced","Large Cap"
"se","HEXA B","Hexagon AB","1.3232242517","13.2883805834","10.8815809788","22","90","Balanced","Large Cap"
