"Flag","Ticker","Name","Yield TTM (%)","FCF / Sales TTM (%)","ROE TTM (%)","Value Rank","Quality Rank","Risk Rating","Size Group"
"dk","MAERSK B","AP Moeller - Maersk A/S","27.3755776188","37.179408554","53.8216942092","99","99","Adventurous","Large Cap"
"no","EQNR","Equinor ASA","9.3587387399","17.7028804596","61.8206843158","94","99","Adventurous","Large Cap"
"no","VAR","Var Energi ASA","15.3169283938","30.7135291011","62.7521700015","91","93","Speculative","Large Cap"
"no","AKRBP","Aker BP ASA","7.0910430539","40.2610284791","27.5049715534","90","90","Adventurous","Large Cap"
"se","HOLM B","Holmen AB","2.804194099","14.2412243627","11.2096146759","52","89","Conservative","Large Cap"
"se","HPOL B","Hexpol AB","3.2056990205","11.6576001439","19.5381044183","48","86","Adventurous","Large Cap"
"dk","PNDORA","Pandora A/S","2.5078369906","12.2548463893","70.9909655562","43","92","Adventurous","Large Cap"
"dk","CARL B","Carlsberg A/S","2.7394480519","12.710453284","18.4908297404","41","87","Conservative","Large Cap"
"dk","DSV","Dsv A/S","0.5074160812","10.6303439204","24.128222384","40","98","Balanced","Large Cap"
"fi","ORNBV","Orion Oyj","3.4737299175","26.9506191258","42.2101449275","34","98","Balanced","Large Cap"
"se","ASSA B","Assa Abloy AB","1.890508074","10.2381760532","17.0838769385","31","88","Balanced","Large Cap"
"fi","ELISA","Elisa Oyj","3.9653264478","15.0645691477","30.6099905904","28","94","Conservative","Large Cap"
