"Flag","Ticker","Name","Yield TTM (%)","FCF / Sales TTM (%)","ROE TTM (%)","Value Rank","Quality Rank","Risk Rating","Size Group"
"dk","MAERSK B","AP Moeller - Maersk A/S","34.3421794536","32.9940102092","32.8800456719","99","88","Adventurous","Large Cap"
"no","EQNR","Equinor ASA","11.0948088589","13.9637923931","52.9343187717","91","99","Balanced","Large Cap"
"no","AKRBP","Aker BP ASA","7.7747335622","16.1217165629","12.0673324205","87","89","Adventurous","Large Cap"
"se","HPOL B","Hexpol AB","3.6272040302","11.6327324601","19.2146227291","56","94","Balanced","Large Cap"
"dk","HLUN A","H Lundbeck A/S","1.7618469016","18.1775966152","12.0433346288","53","98","Adventurous","Large Cap"
"dk","CARL B","Carlsberg A/S","2.9094827586","12.710453284","18.4908297404","42","84","Conservative","Large Cap"
"se","SAND","Sandvik AB","0","12.3709254524","17.495597902","40","83","Balanced","Large Cap"
"fi","ORNBV","Orion Oyj","4.387167535","20.4387649579","40.3583898808","38","99","Balanced","Large Cap"
"dk","PNDORA","Pandora A/S","2.2560631698","17.5929717455","96.6741026161","37","88","Adventurous","Large Cap"
"fi","ELISA","Elisa Oyj","4.7809650878","16.1410788382","35.5772846935","34","96","Conservative","Large Cap"
"dk","DSV","Dsv A/S","0.4990403071","11.9592381032","19.9066999657","31","88","Balanced","Large Cap"
"se","ASSA B","Assa Abloy AB","1.0020876827","13.1056231003","15.7688261721","30","83","Balanced","Large Cap"
"se","HEXA B","Hexagon AB","1.5197490231","13.2883805834","10.8815809788","26","90","Balanced","Large Cap"
"dk","DEMANT","Demant A/S","0","12.9382577353","27.6758142516","21","85","Adventurous","Large Cap"
