"Flag","Ticker","Name","Yield TTM (%)","FCF / Sales TTM (%)","ROE TTM (%)","Value Rank","Quality Rank","Risk Rating","Size Group"
"dk","MAERSK B","AP Moeller - Maersk A/S","32.8829788724","37.179408554","53.8216942092","99","99","Adventurous","Large Cap"
"no","WAWI","Wallenius Wilhelmsen ASA","11.3175726912","23.4687809713","23.8622386224","95","85","Speculative","Large Cap"
"no","EQNR","Equinor ASA","10.0901222319","17.8015355292","61.8206843158","95","99","Balanced","Large Cap"
"no","AKRBP","Aker BP ASA","8.4222311064","29.9592125934","21.9215662677","93","91","Adventurous","Large Cap"
"no","VAR","Var Energi ASA","18.8374726313","23.0741458194","43.5417652638","91","96","Speculative","Large Cap"
"se","HOLM B","Holmen AB","4.2372881356","17.0883433534","11.3024571396","65","94","Conservative","Large Cap"
"se","INDU A","Industrivarden AB","2.4760928962","29.7068802492","13.5208377989","57","80","Conservative","Large Cap"
"no","SALM","SalMar ASA","4.2735042735","21.7033746101","19.6702100561","41","84","Adventurous","Large Cap"
"dk","PNDORA","Pandora A/S","2.4752475248","12.2548463893","70.9909655562","41","91","Adventurous","Large Cap"
"dk","DSV","Dsv A/S","0.5154639175","10.6303439204","24.128222384","39","98","Balanced","Large Cap"
"dk","CARL B","Carlsberg A/S","2.4182713838","12.710453284","18.4908297404","33","86","Conservative","Large Cap"
"fi","ORNBV","Orion Oyj","3.4722222222","26.9506191258","42.2101449275","33","97","Balanced","Large Cap"
"se","ASSA B","Assa Abloy AB","1.9720624486","10.233208878","17.0838769385","31","92","Balanced","Large Cap"
"fi","ELISA","Elisa Oyj","3.8864786696","14.9504124571","28.8586499503","27","97","Conservative","Large Cap"
