"Flag","Ticker","Name","Yield TTM (%)","FCF / Sales TTM (%)","ROE TTM (%)","Value Rank","Quality Rank","Risk Rating","Size Group"
"se","ARISE","Arise AB","3.2840722496","55.4032258065","65.1764705882","92","89","Speculative","Small Cap"
"se","NPAPER","Nordic Paper Holding AB","13.0434782609","11.3110539846","60.959651036","92","87","Adventurous","Small Cap"
"dk","NORTHM","North Media A/S","6.8846815835","16.6752977732","27.4755034714","91","91","Adventurous","Small Cap"
"no","OKEA","Okea ASA","2.6852846402","29.4655840269","35.9847045648","89","83","Speculative","Small Cap"
"no","RANA","Rana Gruber ASA","15.3092783505","21.7389391935","71.7769539641","84","84","Adventurous","Small Cap"
"se","SVED B","Svedbergs AB","2.380952381","11.8882688127","16.1449539319","80","98","Speculative","Small Cap"
"se","FRACTL","Fractal Gaming AB","0","20.1423471583","23.5017210293","57","96","Speculative","Small Cap"
"fi","RELAIS","Relais Oyj","1.9417475728","14.3921967943","10.8234086242","54","80","Speculative","Small Cap"
"no","NKR","Nekkar Asa","0","18.3756825511","12.5216303433","50","84","Adventurous","Small Cap"
"fi","TITAN","Titanium Oyj","8.6624203822","48.0824508527","56.7064494479","49","92","Balanced","Small Cap"
"se","PRFO","Profoto Holding AB (publ)","5.7636887608","21.5753424658","70.2341137124","45","89","Adventurous","Small Cap"
"se","INFRA","Infracom AB (publ)","1.9784172662","19.8177017047","23.952214162","42","92","Adventurous","Small Cap"
"se","BAHN B","Bahnhof AB (publ)","5.0651230101","16.2863405443","41.8290769677","41","99","Speculative","Small Cap"
"no","ITERA","Itera ASA","2.5210084034","10.7151443753","97.0674575553","41","96","Adventurous","Small Cap"
"fi","GOFORE","Gofore Oyj","1.5813953488","12.394824051","18.8849601399","26","99","Adventurous","Small Cap"
"fi","ADMCM","Admicom Oyj","3.3854166667","32.2920128175","26.7902591107","23","98","Adventurous","Small Cap"
"se","SINT","SinterCast AB","2.6960784314","34.8509933775","31.955079122","20","99","Adventurous","Small Cap"
