"Flag","Ticker","Name","Yield TTM (%)","FCF / Sales TTM (%)","ROE TTM (%)","Value Rank","Quality Rank","Risk Rating","Size Group"
"se","NPAPER","Nordic Paper Holding AB","15.2709359606","11.3110539846","60.959651036","95","88","Adventurous","Small Cap"
"dk","NORTHM","North Media A/S","6.3694267516","16.6752977732","27.4459599192","90","92","Adventurous","Small Cap"
"no","OKEA","Okea ASA","2.5549310169","29.4655840269","35.9847045648","89","83","Speculative","Small Cap"
"se","ARISE","Arise AB","2.4721878863","55.4032258065","65.1764705882","87","89","Speculative","Small Cap"
"se","SVED B","Svedbergs AB","2.380952381","11.8882688127","16.1449539319","83","98","Speculative","Small Cap"
"se","SOF B","Softronic AB","6.8119891008","32.9702430993","26.9904264578","77","95","Adventurous","Small Cap"
"se","JETPAK","Jetpak Top Holding AB (publ)","0","19.1476322533","11.1628754585","75","91","Adventurous","Small Cap"
"se","CAG","CAG AB","3.6363636364","10.4773401164","20.5472620275","66","91","Balanced","Small Cap"
"se","FRACTL","Fractal Gaming AB","0","20.1423471583","23.5017210293","55","96","Speculative","Small Cap"
"fi","TITAN","Titanium Oyj","8.5534591195","49.3264573412","46.3628647928","55","96","Balanced","Small Cap"
"no","MAS","Masoval AS","1.6233766234","19.6684452918","28.2082964461","54","86","Adventurous","Small Cap"
"se","PRFO","Profoto Holding AB (publ)","5.0890585242","21.5753424658","70.2341137124","42","89","Adventurous","Small Cap"
"se","BAHN B","Bahnhof AB (publ)","4.6666666667","16.2863405443","41.8290769677","40","99","Highly Speculative","Small Cap"
"se","INFRA","Infracom AB (publ)","1.9163763066","16.6167450778","23.7988499324","37","94","Adventurous","Small Cap"
"se","RVRC","RVRC Holding AB","2.5029103609","11.858974359","23.0059171598","37","90","Speculative","Small Cap"
"fi","HARVIA","Harvia Oyj","1.4814814815","23.182493796","23.5951741045","34","83","Speculative","Small Cap"
"fi","MEKKO","Marimekko Oyj","3.3830845771","12.0668217432","43.6199586912","33","82","Adventurous","Small Cap"
"fi","GOFORE","Gofore Oyj","1.6346153846","12.394824051","18.8849601399","31","99","Adventurous","Small Cap"
"fi","ADMCM","Admicom Oyj","3.591160221","32.2920128175","26.7902591107","28","98","Adventurous","Small Cap"
