"Flag","Ticker","Name","Yield TTM (%)","FCF / Sales TTM (%)","ROE TTM (%)","Value Rank","Quality Rank","Risk Rating","Size Group"
"dk","MAERSK B","AP Moeller - Maersk A/S","39.9406727685","25.2047459051","16.1495694267","99","80","Adventurous","Large Cap"
"no","WAWI","Wallenius Wilhelmsen ASA","3.6753707637","31.8129551552","29.1763251429","90","84","Speculative","Large Cap"
"no","EQNR","Equinor ASA","10.8315247076","14.3269703608","37.5787539377","88","95","Balanced","Large Cap"
"no","AKRBP","Aker BP ASA","7.492321083","12.904314358","10.5565176692","81","89","Adventurous","Large Cap"
"se","INDU A","Industrivarden AB","2.32","19.9575232805","25.005691767","61","85","Conservative","Large Cap"
"dk","HLUN A","H Lundbeck A/S","1.930758988","17.9871520343","11.4149546548","59","99","Adventurous","Large Cap"
"se","HPOL B","Hexpol AB","3.3302497687","13.3639130243","18.2761842151","51","97","Balanced","Large Cap"
"se","SAND","Sandvik AB","0","14.2612954262","17.1247344785","40","90","Balanced","Large Cap"
"fi","ELISA","Elisa Oyj","5.1178290883","16.9564618984","32.3237508556","36","98","Conservative","Large Cap"
"dk","DSV","Dsv A/S","0.6069094304","11.6086967031","17.5440465568","33","81","Balanced","Large Cap"
"dk","PNDORA","Pandora A/S","1.755540926","19.1483880465","99.4782608696","25","93","Adventurous","Large Cap"
"dk","DEMANT","Demant A/S","0","12.9382577353","27.6758142516","20","85","Adventurous","Large Cap"
