"Flag","Ticker","Name","Yield TTM (%)","FCF / Sales TTM (%)","ROE TTM (%)","Value Rank","Quality Rank","Risk Rating","Size Group"
"se","BRG B","Bergs Timber AB (publ)","5.8910162003","11.753902663","13.3603238866","96","86","Adventurous","Small Cap"
"se","JETPAK","Jetpak Top Holding AB (publ)","0","10.3335700882","22.2989990437","86","93","Adventurous","Small Cap"
"se","SVED B","Svedbergs i Dalstorp AB","4.4776119403","13.5522941786","27.5394996298","86","93","Speculative","Small Cap"
"se","EAST","Eastnine AB (publ)","3.4330413762","52.2181195483","25.4089516467","83","80","Balanced","Small Cap"
"se","CTM","Catena Media","0","24.4024483272","11.3589804986","76","90","Speculative","Small Cap"
"se","ARISE","Arise AB","1.8181818182","53.0068728522","67.3647469459","76","86","Speculative","Small Cap"
"no","KID","Kid ASA","6.4252336449","13.4863188725","19.6562124538","67","81","Adventurous","Small Cap"
"se","SOF B","Softronic AB","6.4439140811","11.4605542396","34.6325288562","61","95","Adventurous","Small Cap"
"se","CAG","CAG AB","3.512195122","11.0148343965","19.0651362191","60","87","Balanced","Small Cap"
"se","PSCAND","Permascand Top Holding AB","0","11.9507908612","25.0387172758","53","90","Speculative","Small Cap"
"fi","TITAN","Titanium Oyj","7.9300291545","49.3264573412","46.3628647928","52","97","Balanced","Small Cap"
"se","B3","B3 Consulting AB (publ)","4.1558441558","13.169584531","55.9411020884","48","90","Adventurous","Small Cap"
"se","SLEEP","Sleep Cycle AB (publ)","16.6666666667","25.0141838318","25.9338899352","45","97","Speculative","Small Cap"
"fi","SIILI","Siili Solutions Oyj","1.3201320132","10.7314888367","11.4992253057","41","85","Balanced","Small Cap"
"fi","MEKKO","Marimekko Oyj","3.4836065574","11.4956610516","36.2579635632","36","80","Adventurous","Small Cap"
"se","PRFO","Profoto Holding AB (publ)","4.4943820225","21.8160377358","53.7396121884","35","88","Adventurous","Small Cap"
"se","INFRA","Infracom AB (publ)","1.8151815182","17.4150018868","23.74679213","32","90","Adventurous","Small Cap"
"fi","ADMCM","Admicom Oyj","3.0127462341","35.3904792029","26.2371125372","26","89","Adventurous","Small Cap"
"no","CONTX","ContextVision AB","3.4562283928","17.5438149798","63.8691868267","25","82","Highly Speculative","Small Cap"
"se","SINT","SinterCast AB","4.9157303371","20.050547599","29.3309703146","25","96","Adventurous","Small Cap"
"se","BAHN B","Bahnhof AB (publ)","2.4183796856","13.4228682367","38.0878936181","25","99","Balanced","Small Cap"
"se","MSAB B","Micro Systemation AB (publ)","3.3707865169","13.2506887052","16.5314823229","24","93","Speculative","Small Cap"
"fi","GOFORE","Gofore Oyj","1.3412228797","14.0567365479","17.0419633756","20","92","Adventurous","Small Cap"
