"Flag","Ticker","Name","Yield TTM (%)","FCF / Sales TTM (%)","ROE TTM (%)","Value Rank","Quality Rank","Risk Rating","Size Group"
"se","RROS","Rottneros AB","12.1527777778","17.3302872063","29.1944586968","97","82","Adventurous","Small Cap"
"se","BRG B","Bergs Timber AB (publ)","6.24024961","11.753902663","13.3603238866","97","85","Speculative","Small Cap"
"se","JETPAK","Jetpak Top Holding AB (publ)","0","10.3335700882","22.2989990437","88","92","Adventurous","Small Cap"
"se","SVED B","Svedbergs i Dalstorp AB","4.1265474553","13.5522941786","27.5394996298","83","92","Speculative","Small Cap"
"se","ARISE","Arise AB","1.996007984","59.6787827557","59.3290614399","79","86","Speculative","Small Cap"
"fi","NOHO","NoHo Partners Oyj","4.7169811321","18.1657848325","10.3244837758","70","80","Adventurous","Small Cap"
"se","SOF B","Softronic AB","5.9880239521","10.8795024477","23.5083152567","65","87","Adventurous","Small Cap"
"no","KID","Kid ASA","6.1936936937","13.4862244733","19.6561335908","65","80","Adventurous","Small Cap"
"no","MULTI","Multiconsult ASA","5.487804878","12.6913786324","32.303653813","63","85","Adventurous","Small Cap"
"se","B3","B3 Consulting AB (publ)","5.1612903226","12.4876286828","48.3895008202","61","85","Speculative","Small Cap"
"no","MAS","Masoval AS","1.6181229773","27.6614740391","36.4417263603","59","80","Adventurous","Small Cap"
"se","CAG","CAG AB","3.2286995516","11.0148343965","19.0651362191","54","85","Balanced","Small Cap"
"fi","TITAN","Titanium Oyj","8.4735202492","49.3264573412","46.3628647928","54","96","Balanced","Small Cap"
"se","RVRC","RVRC Holding AB","2.3927905531","14.2913645353","24.6888899995","40","82","Speculative","Small Cap"
"fi","SIILI","Siili Solutions Oyj","1.3114754098","10.7314888367","11.4992253057","40","84","Balanced","Small Cap"
"se","PRFO","Profoto Holding AB (publ)","4.6082949309","24.9716231555","51.2195121951","40","93","Adventurous","Small Cap"
"fi","MEKKO","Marimekko Oyj","3.8223721192","12.1308646891","32.0562440648","38","85","Adventurous","Small Cap"
"se","INFRA","Infracom AB (publ)","1.8092105263","16.6167450778","23.7988499324","34","94","Adventurous","Small Cap"
"se","FRACTL","Fractal Gaming AB","0","12.8128510009","11.1814404432","31","95","Speculative","Small Cap"
"no","CAMBI","Cambi ASA","1.724137931","15.3038388707","13.2513661202","29","87","Speculative","Small Cap"
"no","CONTX","ContextVision AB","3.4430690624","24.1216161288","61.0973445257","29","92","Speculative","Small Cap"
"se","SINT","SinterCast AB","5.2132701422","27.9487179487","26.2718932444","29","99","Adventurous","Small Cap"
"se","MSAB B","Micro Systemation AB (publ)","3.125","18.3292998236","20.8167053364","27","96","Speculative","Small Cap"
"fi","ADMCM","Admicom Oyj","3.1515151515","35.3904792029","26.2371125372","27","88","Adventurous","Small Cap"
