"Flag","Ticker","Name","Yield TTM (%)","FCF / Sales TTM (%)","ROE TTM (%)","Value Rank","Quality Rank","Risk Rating","Size Group"
"se","SBOK","ScandBook Holding AB","5.905511811","12.0796451025","10.6761993751","98","96","Adventurous","Micro Cap"
"se","OGUN B","Ogunsen AB (publ)","14.4462279294","10.4546786251","69.5387994143","85","99","Adventurous","Micro Cap"
"se","MEAB B","Malmbergs Elektriska AB (publ)","4.4150110375","11.7011967376","10.4684831424","84","93","Balanced","Micro Cap"
"se","CAG","CAG AB","3.8876889849","10.4773401164","20.5472620275","66","91","Balanced","Micro Cap"
"se","SLEEP","Sleep Cycle AB (publ)","31.9634703196","13.5872700326","40.7370975146","58","92","Speculative","Micro Cap"
"se","PRCO B","Precio Fishbone AB","3.8235294118","13.3944382859","14.9211678832","50","99","Adventurous","Micro Cap"
"se","NTEK B","Novotek AB","3.0581039755","10.7998724077","16.8094848733","50","87","Speculative","Micro Cap"
"se","STIL","Stille AB","1.875","12.2673290152","12.7581282804","35","98","Adventurous","Micro Cap"
"se","UPSALE","Upsales Technology AB","5.7142857143","25.2693117896","148.2248939911","33","95","Speculative","Micro Cap"
"se","ITECH","I-Tech AB","0","30.4856529688","19.980817899","30","82","Speculative","Micro Cap"
"no","CONTX","ContextVision AB","1.9399806118","27.6557882616","57.7665704887","25","92","Speculative","Micro Cap"
