"Flag","Ticker","Name","Yield TTM (%)","FCF / Sales TTM (%)","ROE TTM (%)","Value Rank","Quality Rank","Risk Rating","Size Group"
"no","ODF","Odfjell SE","11.4289460867","22.7933489342","29.3057635003","94","85","Adventurous","Mid Cap"
"no","SNI","Stolt-Nielsen","7.4091217256","15.4925565346","16.801225542","94","89","Adventurous","Mid Cap"
"no","HAUTO","Hoegh Autoliners ASA","14.7624775516","38.264445879","45.3645623065","94","90","Speculative","Mid Cap"
"dk","NLFSK","Nilfisk Holding A/S","0","12.1693625119","14.5648967552","87","86","Adventurous","Mid Cap"
"fi","KEMIRA","Kemira Oyj","1.9411396368","12.5737348649","19.1764279676","75","92","Balanced","Mid Cap"
"dk","UIE","Uie","4.7789939713","21.7273923448","14.2773593727","72","95","Conservative","Mid Cap"
"no","EPR","Europris ASA","5.376344086","17.9523501809","31.6950496887","64","87","Balanced","Mid Cap"
"se","VBG B","VBG AB (publ)","2.4122807018","10.276248053","15.5142296656","63","98","Balanced","Mid Cap"
"se","DUNI","Duni AB","1.4018691589","10.2434602435","11.8751989812","61","89","Adventurous","Mid Cap"
"se","KIND SDB","Kindred","2.3640641263","10.6850459482","29.838859048","55","97","Adventurous","Mid Cap"
"se","COIC","Concentric AB","2.5706940874","11.5536920568","19.5175923877","50","98","Adventurous","Mid Cap"
"fi","ALMA","Alma Media Oyj","4.8780487805","17.937806874","31.421319797","49","86","Balanced","Mid Cap"
"se","BETS B","Betsson AB","0","23.7347294939","24.2048099302","48","98","Adventurous","Mid Cap"
"se","BUFAB","Bufab AB (publ)","0.7142857143","12.7582292849","20.2986022872","33","87","Adventurous","Mid Cap"
"se","BEIA B","Beijer Alma AB","2.0336225597","10.9183044374","14.4150466699","32","84","Adventurous","Mid Cap"
"fi","PUUILO","Puuilo Oyj","2.0593579649","18.3879093199","61.191626409","31","97","Adventurous","Mid Cap"
"no","BRG","BORREGAARD ASA","1.9185360094","10.6208030698","22.1327967807","28","90","Balanced","Mid Cap"
"fi","HARVIA","Harvia Oyj","1.3502109705","24.0848184376","20.5853428671","27","89","Speculative","Mid Cap"
"fi","UPONOR","Uponor Oyj","1.2229210342","10.4590163934","15.6331422616","24","86","Adventurous","Mid Cap"
"fi","MEKKO","Marimekko Oyj","2.8309741882","10.9193931214","38.7616288485","24","89","Adventurous","Mid Cap"
"se","OEM B","OEM International AB","1.7064846416","10.8173123937","37.0724376315","23","89","Adventurous","Mid Cap"
"se","RVRC","RVRC Holding AB","1.7282958199","17.0743700061","23.3307612001","22","88","Speculative","Mid Cap"
"fi","VAIAS","Vaisala Oyj","2.0483641536","11.5787504676","17.8288431062","21","96","Adventurous","Mid Cap"
