"Flag","Ticker","Name","Div Cover TTM","Div Streak","Yield TTM (%)","FCF / Sales TTM (%)","Piotroski F-Score TTM","ROE TTM (%)","Quality Rank","Mkt Cap EUR (m EUR)","Risk Rating","Size Group"
"no","EQNR","Equinor ASA","3.1151517241","10","9.3587387399","17.7028804596","9","61.8206843158","99","94147.128207451","Adventurous","Large Cap"
"dk","MAERSK B","AP Moeller - Maersk A/S","2.5764874399","10","27.3755776188","37.179408554","9","53.8216942092","99","37774.374668434","Adventurous","Large Cap"
"no","AKRBP","Aker BP ASA","2.2552418715","6","7.0910430539","40.2610284791","7","27.5049715534","90","15986.036366653","Adventurous","Large Cap"
"no","ELK","Elkem ASA","2.5115166667","4","15.7977883096","11.6753298681","8","39.4862370165","98","2199.5952046085","Adventurous","Mid Cap"
"dk","DNORD","Dampskibsselskabet Norden A/S","1.625836788","4","19.1312025358","19.1024772231","9","63.9845094664","98","2167.3708166974","Speculative","Mid Cap"
"no","SNI","Stolt-Nielsen","2.3333333333","10","7.5764829831","15.0232534815","8","17.5831255085","92","1507.2108290763","Adventurous","Mid Cap"
"fi","ALMA","Alma Media Oyj","1.9521818182","10","4.5595854922","22.7331606218","8","39.0760869565","99","793.08147685","Balanced","Mid Cap"
"no","MULTI","Multiconsult ASA","1.22921","10","6.25","12.4065638855","7","32.8904557816","80","361.5504473991","Adventurous","Small Cap"
"se","EAST","Eastnine AB (publ)","16.0012121212","7","3.0551520033","52.2181195483","7","25.4089516467","81","221.8846871455","Balanced","Small Cap"
